-- phpMyAdmin SQL Dump
-- version 5.1.1
-- https://www.phpmyadmin.net/
--
-- Host: localhost
-- Generation Time: Jan 24, 2024 at 05:05 AM
-- Server version: 10.1.47-MariaDB
-- PHP Version: 7.2.30

SET SQL_MODE = "NO_AUTO_VALUE_ON_ZERO";
START TRANSACTION;
SET time_zone = "+00:00";


/*!40101 SET @OLD_CHARACTER_SET_CLIENT=@@CHARACTER_SET_CLIENT */;
/*!40101 SET @OLD_CHARACTER_SET_RESULTS=@@CHARACTER_SET_RESULTS */;
/*!40101 SET @OLD_COLLATION_CONNECTION=@@COLLATION_CONNECTION */;
/*!40101 SET NAMES utf8mb4 */;

--
-- Database: `saienerg_demo20`
--

-- --------------------------------------------------------

--
-- Table structure for table `articles_list`
--

CREATE TABLE `articles_list` (
  `art_id` int(11) NOT NULL,
  `title` varchar(250) NOT NULL,
  `art_mnth` varchar(25) NOT NULL,
  `art_doc` varchar(50) NOT NULL,
  `status` int(11) NOT NULL,
  `crt_by` int(11) NOT NULL,
  `crt_stm` int(11) NOT NULL
) ENGINE=MyISAM DEFAULT CHARSET=latin1;

--
-- Dumping data for table `articles_list`
--

INSERT INTO `articles_list` (`art_id`, `title`, `art_mnth`, `art_doc`, `status`, `crt_by`, `crt_stm`) VALUES
(1, 'A case study on FLUE GAS O2 ANALYSIS', '', 'A_Case_Study_on_Flue_Gas_O2_Analysis.pdf', 1, 2, 1566671495),
(2, 'A case study report on Bed Coil failure and analysis', '', 'Bed_coil_failure_analysis_report-Rev_01(1).pdf', 1, 2, 1566671654);

-- --------------------------------------------------------

--
-- Table structure for table `career_enquiries`
--

CREATE TABLE `career_enquiries` (
  `ce_id` int(11) NOT NULL,
  `vcn_id` int(11) NOT NULL,
  `pref_position` varchar(100) NOT NULL,
  `pref_location` varchar(250) NOT NULL,
  `expr_sts` int(11) NOT NULL,
  `aplnt_nme` varchar(100) NOT NULL,
  `dob` varchar(25) NOT NULL,
  `age` int(11) NOT NULL,
  `adrs1` varchar(100) NOT NULL,
  `adrs2` varchar(100) NOT NULL,
  `city` varchar(50) NOT NULL,
  `state` varchar(50) NOT NULL,
  `cntry` varchar(50) NOT NULL,
  `pin` varchar(25) NOT NULL,
  `mob_no` varchar(25) NOT NULL,
  `aplnt_eml` varchar(25) NOT NULL,
  `eql_id` int(11) NOT NULL,
  `cert_id` int(11) NOT NULL,
  `langs` varchar(250) NOT NULL,
  `expr_yrs` varchar(25) NOT NULL,
  `crnt_cmpny` varchar(50) NOT NULL,
  `crnt_ctc` varchar(15) NOT NULL,
  `expc_ctc` varchar(15) NOT NULL,
  `doc_nme` text NOT NULL,
  `status` int(11) NOT NULL,
  `disp_status` int(11) NOT NULL,
  `enq_stm` int(11) NOT NULL
) ENGINE=InnoDB DEFAULT CHARSET=latin1;

--
-- Dumping data for table `career_enquiries`
--

INSERT INTO `career_enquiries` (`ce_id`, `vcn_id`, `pref_position`, `pref_location`, `expr_sts`, `aplnt_nme`, `dob`, `age`, `adrs1`, `adrs2`, `city`, `state`, `cntry`, `pin`, `mob_no`, `aplnt_eml`, `eql_id`, `cert_id`, `langs`, `expr_yrs`, `crnt_cmpny`, `crnt_ctc`, `expc_ctc`, `doc_nme`, `status`, `disp_status`, `enq_stm`) VALUES
(1, 3, '', '', 1, 'Chandrasekar', '04/08/1994', 25, '23a, NMK Street,', 'K.K Nagar', 'Trichy', 'Tamilandu', 'India', '6000877', '994088881', 'skr1114@yahoo.in', 2, 7, 'Tamil, English', '0-2', 'SK Engineers', '4L', '5L', '', 0, 1, 1566731560),
(7, 2, '', '', 1, 'Suraj Desai', '01/01/1985', 34, '#23, Patel Road,', 'Gandhinagar', 'Mumbai', 'Maharastra', 'India', '520520', '9898989898', 'nmvmathi@gmail.com', 2, 0, 'Hindi, English, Marathi', '6-10', 'ABC Enterprises', '12 Lakhs per An', '20 Laks per Ann', '', 0, 1, 1566841649),
(8, 2, '', '', 1, 'Suraj Desai', '01/01/1985', 34, '#23, Patel Road,', 'Gandhinagar', 'Mumbai', 'Maharastra', 'India', '520520', '9898989898', 'nmvmathi@gmail.com', 2, 0, 'Hindi, English, Marathi', '6-10', 'ABC Enterprises', '12 Lakhs per An', '20 Laks per Ann', '', 0, 1, 1566841686),
(9, 2, '', '', 0, 'ram', '11/09/1990', 28, '21a,madamabakkam main road', 'Madambakkam', 'Chennai', 'Tamilandu', 'India', '600064', '994088881', 'skr1114@yahoo.in', 2, 2, 'Tamil, English', '0-2', '', '', '', '', 0, 1, 1567936433),
(10, 2, '', '', 0, 'ram', '11/09/1990', 28, '21a,madamabakkam main road', 'Madambakkam', 'Chennai', 'Tamilandu', 'India', '600064', '994088881', 'skr1114@yahoo.in', 2, 2, 'Tamil, English', '0-2', '', '', '', '', 0, 1, 1567936457),
(11, 1, '', '', 0, 'Kumar', '15/01/1995', 0, '15, west street', 'thiruvalluvar nagar', 'chennai', 'tamilnadu', 'india', '600012', '9999999999', 'agiledesignstudio@gmail.c', 2, 1, 'Tamil, English and Hindi', '0-2', '', '', '', '', 0, 1, 1570974637),
(12, 2, '', '', 1, 'Chandrasekar', '07/10/1982', 37, '12a,VGK Apartment', 'Thillainagar', 'Trichy', 'Tamilnadu', 'India', '620018', '79797899789', 'skr1114@yahoo.in', 1, 7, 'Tamil,English', '3-5', 'ABC Chemicals', '4L', '6L', 'sai.pdf', 0, 1, 1571072074),
(13, 1, '', '', 0, 'KATHIRAVAN R', '09/10/2019', 0, 'aasfsfsrfsss', 'ssfsfsf', 'adfafaff', 'fsfsss', 'asdada', '620005', '7896551645', 'saipowerplant@gmail.com', 1, 1, 't e h k', '10+', 'dfghj', '500000', '7555555', 'Certificate_of_Incorporation_after_change_of_name.PDF', 0, 1, 1571216380),
(14, 9, '', '', 1, 'Ram Sai', '01/12/1982', 37, 'First Avenue', 'Ashok Nagar', 'Chennai', 'Tamilnadu', 'India', '600012', '7777777777', 'nmvmathi@gmail.com', 7, 4, 'Tamil, English & Hindi', '6-10', 'Universal Engineering', '7 lakhs', '8 lakhs', 'Career_Form.pdf', 0, 1, 1576377953),
(15, 4, '', '', 1, 'chandrasekar', '01/11/1994', 25, '21a,madamabakkam main road', 'Madambakkam', 'Chennai', 'Tamilandu', 'India', '600064', '994088881', 'skr1114@yahoo.in', 7, 7, 'Tamil, English', '0-2', 'SK Engineers', '4L', '5L', 'sai.pdf', 0, 0, 1576399841),
(16, 4, '', '', 1, 'chandrasekar', '01/11/1994', 25, '21a,madamabakkam main road', 'Madambakkam', 'Chennai', 'Tamilandu', 'India', '600064', '994088881', 'skr1114@yahoo.in', 7, 7, 'Tamil, English', '0-2', 'SK Engineers', '4L', '5L', '1576401397sai.pdf', 0, 0, 1576401397),
(17, 4, '', '', 0, 'Jaya Kumar', '02/11/1991', 28, '21a,madamabakkam main road', 'Madambakkam', 'Chennai', 'Tamilandu', 'India', '600064', '994088881', 'skr1114@yahoo.in', 6, 4, 'Tamil, English,Hindi', '0-2', 'SK Engineers', '4L', '5L', '1576401716current-affairs-monthly-january-2019-new-90b47f0e-1-3-1.pdf', 0, 1, 1576401716),
(18, 8, '', '', 1, 'Rajesh Chouhan', '04/08/1994', 25, '# 21, First Cross Street, Gokulam Colony', 'Hanuman nagar', 'vijayawada', 'Andhrapradesh', 'India', '520001', '7979797979', 'nmvmathi@gamail.com', 7, 5, 'Telugu, Tamil, Hindi and English', '3-5', 'Energyco private limited', '3 lakhs', '4 lakhs', '1576471285Quality-Mangement-Structure-tiny.png', 0, 1, 1576471285),
(19, 17, '', '', 1, 'Amit Patel', '25/02/2020', 0, '111, west avenue, ', 'Gandhi nagar', 'Ahemadabad', 'Gujarat', 'India', '', '9999999999', 'agiledesignstudio@gmail.c', 25, 7, 'Tamil, English, Hindi', '10+', 'SS LLC', '10 lakhs', '12 lakhs', '1582615882Career_Form.pdf', 0, 0, 1582615882),
(20, 0, '', '', 0, 'Chandran', '12/02/1997', 22, '21a,madamabakkam main road', 'Madambakkam', 'Chennai', 'Tamilandu', 'India', '600064', '9988776655', 'skr1114@yahoo.in', 18, 8, 'Tamil, English', '0-2', '', '', '', '1583951913sai.pdf', 0, 0, 1583951913),
(21, 0, '', 'Ludhiyana', 0, 'ram', '10/03/1995', 24, '21a,madamabakkam main road', 'Madambakkam', 'Chennai', 'Tamilandu', 'India', '600064', '9940888810', 'skr1114@yahoo.in', 11, 6, 'Tamil, English,Hindi', '0-2', '', '', '', '1583984563sai.pdf', 0, 0, 1583984563),
(22, 14, '', '', 1, 'Ravi -agile', '07/04/1989', 30, '21a,madamabakkam main road', 'Madambakkam', 'Chennai', 'Tamilandu', 'India', '600064', '9940888810', 'skr1114@yahoo.in', 17, 10, 'Tamil, English', '0-2', 'SK Engineers', '4L', '5L', '1583984722sai.pdf', 0, 0, 1583984722),
(23, 0, '', 'Chennai', 0, 'Ram NIvas. S', '01/03/1999', 21, '121, Patel Street', 'T.Nagar', 'Chennai', 'Tamilnadu', 'India', '600058', '9999999999', 'agiledesignstudio@gmail.c', 7, 18, 'Tamil/Engilish/Hindi', '0-2', '', '', '', '1583985696Career_Form.pdf', 0, 0, 1583985696),
(24, 0, '', 'Chennai', 0, 'Mathi', '01/01/1991', 29, 'ashok nagar', 'chennai', 'Chennai', 'Tamilnadu', 'India', '600058', '9999999999', 'agiledesignstudio@gmail.c', 1, 7, 'Tamil, Engilish, Hindi', '0-2', '', '', '', '1584186199Appreciation_Letter_GOA_Sponge_&_Power_Limited.pdf', 0, 0, 1584186199),
(25, 0, '', 'Hydrabad', 0, 'Ram Nivas', '06/10/1980', 39, '222, East Avenue, ', 'Ashoknagar', 'Chennai', 'Tamilnadu', 'India', '600058', '8888888888', 'agiledesignstudio@gmail.c', 1, 7, 'Tamil, Hindi', '0-2', '', '', '', '1584199331Career_Form.pdf', 0, 0, 1584199331),
(26, 19, '', '', 1, 'Ram Nivas', '06/10/1980', 39, '222, East Avenue', 'Ashoknagar', 'Chennai', 'Tamilnadu', 'India', '620058', '8888888888', 'agiledesignstudio@gmail.c', 1, 7, 'Tamil, Hindi', '6-10', 'XYZ Company', '6 lakhs per ann', '10 lakhs per an', '1584199500Career_Form.pdf', 0, 0, 1584199500),
(27, 0, '', 'Tamilnadu', 1, 'kathir', '01/09/1964', 56, 'aasfsfsrfsss', 'ssfsfsf', 'adfafaff', 'fsfsss', 'asdada', '620005', '7896551645', 'rkathir1979@gmail.com', 16, 9, 't e h k', '6-10', 'dfghj', '500000', '7555555', '1599299305Confirmation_OfferLetter_-Mr.MURIKIPUDI_RAJESH.doc', 0, 0, 1599299305),
(28, 0, '', 'Tamilnadu', 1, 'kathir', '01/09/1964', 56, 'aasfsfsrfsss', 'ssfsfsf', 'adfafaff', 'fsfsss', 'asdada', '620005', '7896551645', 'rkathir1979@gmail.com', 16, 9, 't e h k', '6-10', 'dfghj', '500000', '7555555', '1599299497Confirmation_OfferLetter_-Mr.MURIKIPUDI_RAJESH.doc', 0, 0, 1599299497),
(29, 0, '', 'Tamilnadu', 1, 'kathir', '01/09/1964', 56, 'aasfsfsrfsss', 'ssfsfsf', 'adfafaff', 'fsfsss', 'asdada', '620005', '7896551645', 'rkathir1979@gmail.com', 16, 9, 't e h k', '6-10', 'dfghj', '500000', '7555555', '1599299847Confirmation_OfferLetter_-Mr.MURIKIPUDI_RAJESH.doc', 0, 0, 1599299847),
(30, 0, '', 'Tamilnadu', 1, 'agile', '10/02/1988', 31, 'adrs1', 'adrs2', 'trichy', 'Tamilandu', 'india', '600144', '9258585000', 'rkathir1979@gmail.com', 12, 5, 'Tamil, English, Manarin', '3-5', 'AGILE', '6', '7', '1599301520Scan.pdf', 0, 0, 1599301520),
(31, 0, '', 'Tamilnadu', 1, 'agile', '10/02/1988', 31, 'adrs1', 'adrs2', 'trichy', 'Tamilandu', 'india', '600144', '9258585000', 'rkathir1979@gmail.com', 12, 5, 'Tamil, English, Manarin', '3-5', 'AGILE', '6', '7', '1599301529Scan.pdf', 0, 0, 1599301529),
(32, 0, '', 'Tamilnadu', 1, 'agile', '10/02/1988', 31, 'adrs1', 'adrs2', 'trichy', 'Tamilandu', 'india', '600144', '9258585000', 'rkathir1979@gmail.com', 12, 5, 'Tamil, English, Manarin', '3-5', 'AGILE', '6', '7', '1599301563Scan.pdf', 0, 0, 1599301563),
(33, 0, '', 'Tamilnadu', 1, 'agile', '10/02/1988', 31, 'adrs1', 'adrs2', 'trichy', 'Tamilandu', 'india', '600144', '9258585000', 'rkathir1979@gmail.com', 12, 5, 'Tamil, English, Manarin', '3-5', 'AGILE', '6', '7', '1599301656Scan.pdf', 0, 0, 1599301656),
(34, 0, '', 'Andhra', 1, 'agile', '10/02/1988', 31, 'adrs1', 'adrs2', 'trichy', 'Tamilandu', 'india', '600144', '9258585000', 'rkathir1979@gmail.com', 12, 5, 'Tamil, English, Manarin', '3-5', 'AGILE', '6', '7', '1599301778Scan.pdf', 0, 0, 1599301778),
(35, 0, 'Assit HR', 'Chennai', 1, 'Tamiz', '12/05/1960', 59, 'adrs1', 'adrs2', 'trichy', 'Tamilandu', 'India', '600144', '09258585000', 'rkathir1979@gmail.com', 17, 6, 'Tamil, English, Manarin', '3-5', 'AGILE', '500000', '7555555', '1599306566Scan.5.pdf', 0, 1, 1599306566),
(36, 0, 'Manager', 'Tamilnadu', 1, 'ra', '11/06/1963', 56, 'adrs1', 'adrs2', 'trichy', 'Tamilandu', 'India', '600144', '09258585000', 'rkathir1979@gmail.com', 13, 16, 'Tamil, English, Manarin', '0-2', 'AGILE', '5', '7', '1599306842Scan.pdf', 0, 1, 1599306842);

-- --------------------------------------------------------

--
-- Table structure for table `clients_list`
--

CREATE TABLE `clients_list` (
  `cnt_id` int(11) NOT NULL,
  `name` varchar(50) NOT NULL,
  `pjt_nme` varchar(100) NOT NULL,
  `cnt_info` text NOT NULL,
  `cnt_img` text NOT NULL,
  `crt_stm` int(11) NOT NULL,
  `crt_by` int(11) NOT NULL,
  `status` int(11) NOT NULL
) ENGINE=InnoDB DEFAULT CHARSET=latin1;

--
-- Dumping data for table `clients_list`
--

INSERT INTO `clients_list` (`cnt_id`, `name`, `pjt_nme`, `cnt_info`, `cnt_img`, `crt_stm`, `crt_by`, `status`) VALUES
(26, 'M/S. GARDEN SILK MILLS LTD, GJ.', '', '', '1C_garden-vareli-696x696.jpg', 1589438239, 2, 0),
(35, 'M/S. PARRY SUGARS REFINERY INDIA PVT LTD, AP.', '', '', '27C_SIlk_road.jpg', 1589439264, 2, 0),
(36, 'M/S. VINATI ORGANICS LTD, MH.', '', '', '36C_VInati.jpg', 1589440338, 2, 0),
(37, 'M/S. DALMIA CEMENT BHARAT LTD, TN.', '', '', '37C_Dalmia.jpg', 1589446772, 2, 0),
(38, 'M/S.PEARL DISTILLERY LTD, AP.', '', '', '38C_Pearl-Distillery-Limited.jpg', 1589446806, 2, 0),
(39, 'M/S. CORAMANDEL INTERNATIONAL LTD, AP.', '', '', '39C_CIL.jpg', 1589446856, 2, 0),
(40, 'M/S. AUROBINDO PHARMA LTD, TE.', '', '', '40C_Aurobindo_Pharma_Logo.jpg', 1589446951, 2, 0),
(41, 'M/S.SHREE DURGA SYNTEX PVT LTD, GJ.', '', '', '41C_Shree_Durga.jpg', 1589447056, 2, 0),
(42, 'M/S. ARS ENERGY PVT LTD, TN.', '', '', '42C_ars.jpg', 1589447234, 2, 0),
(43, 'M/S. HETRO INFRASTRUCTURE SEZ LTD, AP.', '', '', '43C_Hetero.jpg', 1589447278, 2, 0),
(44, 'M/S. NADHI BIO PRODUCTS PVT LTD, AP.', '', '', '44C_nadhi_bio.jpg', 1589447344, 2, 0),
(45, 'M/S. INDSIL ENERGY AND ELECTRO CHEMICALS LIMITED, ', '', '', '45C_indsil_mananese.jpg', 1589447421, 2, 0),
(47, 'M/s. CHETTINAD CEMENT CORPORATION LIMITED, TN.', '', '', '47C_Chettinadcement.jpg', 1589447542, 2, 0),
(48, 'M/S. UltraTech Cement LTD, MH', '', '', '48C_ultra_tech.jpg', 1589448120, 2, 0),
(49, 'm/S. JK Tyre & Industries Ltd, KA.', '', '', '49C_jk_tyre.jpg', 1589448183, 2, 0),
(50, 'M/S. FINOLEX INDUSTRIES LTD, MH', '', '', '50C_FINOLEX.jpg', 1589448238, 2, 0),
(51, 'M/S. BGR Boilers Private Limited, TN.', '', '', '51C_BGR_Energy11.jpg', 1589448283, 2, 0),
(52, 'M/S. Kesoram Cements, KA.', '', '', '52C_kesoram_cement.jpg', 1589448415, 2, 0),
(53, 'M/S. Saint-Gobain, mh.', '', '', '53C_Saint_Gobin.jpg', 1589448509, 2, 0),
(54, 'M/S. RAMCO CEMENTS, TN.', '', '', '54C_Ramco_1.jpg', 1589451011, 2, 0),
(55, 'M/S. OCL INDIA LIMITED, OD', '', '', '55C_ocl_india_ltd.jpg', 1589451094, 2, 0),
(56, 'M/S. PRAJ INDUSTRIES LIMITED, MH.', '', '', '56C_Praj.jpg', 1589451213, 2, 0),
(57, 'M/S. SUGUNA FOODS PVT LTD, MH.', '', '', '57C_Suguna.jpg', 1589451290, 2, 0),
(58, 'M/S. JANKI CORP LIMITED, KA.', '', '', '58C_janki.jpg', 1589451361, 2, 0),
(59, 'M/S. INDORAMA SYNTHETICS (I) LTD, MH.', '', '', '59C_Indorama.jpg', 1589451492, 2, 0),
(60, 'M/S. RUCHI SOYA INDUSTRIES LTD, MH.', '', '', '60C_Ruchi_Soya.jpg', 1589451650, 2, 0),
(61, 'M/S. SHREE CEMENT LTD, RJ.', '', '', '61C_shree_cement.jpg', 1589451709, 2, 0),
(62, 'M/S. IND BARATH ENERGY UTKAL LTD, OD.', '', '', '62C_Ind_bharat.jpg', 1589451818, 2, 0),
(63, 'M/S. MINERA STEEL & POWER PVT. LTD, KA.', '', '', '63C_minera.jpg', 1589451915, 2, 0),
(64, ' M/S. SKM ANIMAL FEEDS AND FOODS (INDIA) PVT LTD, ', '', '', '64C_SKM_animals_and_feeds.jpg', 1589451990, 2, 0),
(65, 'M/S. PUSHPIT STEELS PRIVATE LIMITED, AP.', '', '', '65C_pushpit_steels.jpg', 1589452042, 2, 0),
(66, 'M/s. vinatti Organics limited, mh.', '', '', '66C_VInati.jpg', 1598611197, 2, 0),
(67, 'M/s. suguna foods pvt ltd, mh.', '', '', '67C_Suguna.jpg', 1598611333, 2, 0);

-- --------------------------------------------------------

--
-- Table structure for table `current_projects`
--

CREATE TABLE `current_projects` (
  `pjt_id` int(11) NOT NULL,
  `srcat_id` int(11) NOT NULL,
  `srsbcat_id` int(11) NOT NULL,
  `cmr_nme` varchar(300) NOT NULL,
  `cmr_loc` varchar(200) NOT NULL,
  `pjt_code` text NOT NULL,
  `plant_cpy` varchar(50) NOT NULL,
  `plant_typ` varchar(100) NOT NULL,
  `boil_mnf` varchar(100) NOT NULL,
  `boil_typ` varchar(100) NOT NULL,
  `boil_cpy` varchar(100) NOT NULL,
  `fuel` varchar(100) NOT NULL,
  `om_scope` varchar(100) NOT NULL,
  `turbine_dtls` text NOT NULL,
  `pjt_img` text NOT NULL,
  `status` int(11) NOT NULL,
  `crt_by` int(11) NOT NULL,
  `crt_stm` int(11) NOT NULL
) ENGINE=InnoDB DEFAULT CHARSET=latin1;

--
-- Dumping data for table `current_projects`
--

INSERT INTO `current_projects` (`pjt_id`, `srcat_id`, `srsbcat_id`, `cmr_nme`, `cmr_loc`, `pjt_code`, `plant_cpy`, `plant_typ`, `boil_mnf`, `boil_typ`, `boil_cpy`, `fuel`, `om_scope`, `turbine_dtls`, `pjt_img`, `status`, `crt_by`, `crt_stm`) VALUES
(1, 1, 0, 'M/S. GARDEN SILK MILLS LTD', 'SURAT, GUJARAT.', '', '18MW						', 'CO-GEN', 'CETHAR', 'AFBC', '93 TPH', 'COAL', 'POWER PLANT', '', 'P1_Garden_Silks_Factory800x600.jpg', -1, 2, 1571158400),
(2, 1, 0, 'M/S. GARDEN SILK MILLS LTD, ', 'SURAT, GUJARAT.', '', '21MW				', 'CO-GEN', 'CETHAR', 'AFBC', '	93 TPH	', 'COAL', 'POWER PLANT', '', 'P2_Gardensilks.jpg', -1, 2, 1571158812),
(3, 2, 0, 'M/S. VANDHANA VIDHUT LIMITED,', ' KORBA, CHATTISGARH.', '', '135MW				', 'IPP', '', 'PC', '454 TPH', 'COAL', 'NA', '', 'P3_vandana_vidhut.jpg', -1, 2, 1571159445),
(4, 4, 0, 'M/S. BANSWARA SYNTEX LTD, ', 'Banswara, Rajastan', '', '2 x 15 MW', 'CO-GEN', 'NA', 'AFBC', '75 TPH', 'COAL', 'POWER PLANT', '', 'P4_Banswara_Syntex_Power_Plant.jpg', -1, 2, 1571160321),
(5, 3, 0, 'M/S. HETERO INFRASTRUCTURE SEZ LIMITED, ', 'VIZAG, AP.', '', '6.1MW				', 'CO-GEN', 'NA', 'AFBC', '45 TPH', 'COAL', 'NA', '', 'P5_Hetero_Infrastructure.jpg', -1, 2, 1571160567),
(6, 5, 0, 'M/S. PARRY SUGARS REFINERY INDIA PVT.LTD, ', 'KAKINADA, AP.', '', '10MW				', 'CO-GEN', 'NA', 'AFBC', '95 TPH', 'COAL', 'NA', '', 'P6_sankili.jpg', -1, 2, 1571161300),
(7, 6, 0, 'M/S. DALMIA CEMENTS BHARAT LIMITED, ', 'ARIYALUR, TN.', '', 'NA', 'CO-GEN', 'NA', 'CFBC Boiler', 'NA', 'COAL', 'Establishing 100% Pet coke Firing in Existing ', '', 'P7_Dalmia.jpg', -1, 2, 1571162234),
(8, 6, 2, 'SKR INDUSTRIES1', '  T.v.K Industrial estate, Trichy1', 'SP0911', '18MW1', 'CO-GEN1', 'Cethar1', 'AFBC1', '93 TPH1', '  1 Coal1', 'Power Plant1', 'The turbine is fully built upn1', 'P8_Chrysanthemum.jpg', -1, 2, 1573569855),
(9, 1, 0, 'GARDEN SILK MILLS LTD', 'Gujarat - Surat', 'SR18014', '18 MW', 'Co-Generation Power Plant', 'Cethar Vessels Pvt Ltd', 'AFBC', '93 TPH', '   Imported Coal + Lignite', 'Comprehensive ', 'Bleed Cum Extraction Condensing', 'P9_New_Logo.jpg', -1, 2, 1577515255),
(10, 1, 0, 'GARDEN SILK MILLS LTD', ' Gujarat - Surat', 'SR18014', '21 MW', 'Co-Generation Plant', 'Cethar Vessels Pvt Ltd', 'AFBC', '93 TPH', ' Imported Coal + Lignite', 'Comprehensive', 'Bleed Cum Extraction Condensing', 'P10_New_Logo.jpg', -1, 2, 1577515740),
(11, 1, 0, 'SHREE DHURGA SYNTAX PVT LTD', ' Gujarat - Surat', 'SR16019', '15 MW', 'Captive Power Plant', 'Hitech Boilers Pvt Ltd', 'AFBC', '70 TPH', ' Imported Coal +Lignite', 'Power plant O&M', 'Condensing ', 'P11_New_Logo.jpg', -1, 2, 1577516169),
(12, 1, 0, 'VINATI ORGANICS LTD', '  Maharastra - Chiplun', 'SR16039', '8.72 MW', 'Co-Generation Plant', 'Cethar Vessels Ltd', 'AFBC', '54 TPH', '  Imported Coal', 'Power plant O&M', 'Bleed Extraction cum Condensing', 'P12_New_Logo.jpg', -1, 2, 1577516407),
(13, 1, 0, 'VISHNU CHEMICALS PVT LTD', '  Andhra Pradesh - Lankelapalem', 'SR16023', '3 MW', 'Co-Generation Plant', 'Zheng Zhou Ltd', 'CFBC', '35 TPH', '  Indian Coal', 'Operation', 'Back Pressure', 'P13_New_Logo.jpg', -1, 2, 1577516623),
(14, 1, 0, 'SINEWAVE BIOMASS POWER LTD', '  Maharastra - Sangli', 'SR18014', '10 MW', 'Captive Power Plant', 'Cethar Vessels Ltd', 'Travelling Grate', '45 TPH', '  Biomass', 'Power plant O&M', 'Condensing ', 'P14_New_Logo.jpg', -1, 2, 1577516790),
(15, 1, 0, 'DALMIA CEMENT BHARAT LTD', ' Trichy - Dalmiapuram', 'SR17007', '18 MW', 'Captive Power Plant', 'Cethar Limited', 'AFBC', '90 TPH', ' Coal + Lignite', 'Power plant O&M', 'Condensing', 'P15_New_Logo.jpg', -1, 2, 1577517220),
(16, 1, 0, 'DALMIA CEMENT BHARAT LTD', ' Trichy - Dalmiapuram', 'SR17007', '27 MW', 'Captive Power Plant', 'Cethar Limited', 'AFBC', '125 TPH', ' Coal +  Lignite', 'Power plant O&M', 'Condensing', 'P16_New_Logo.jpg', -1, 2, 1577517371),
(17, 1, 0, 'HETERO INFRASTRUCTURE SEZ LTD', ' Andhra Pradesh - Nakapalli', 'SR13018', '6.1 MW', 'Co-Generation Power Plant', 'Thermax Ltd', 'AFBC', '45 TPH', ' Indian Coal', 'Power plant O&M ', 'Back Pressure ', 'P17_New_Logo.jpg', -1, 2, 1577517556),
(18, 1, 0, 'PARRY SUGARS REFINERY INDIA PVT LTD', ' Andhra Pradesh - Kakinada', 'SR13014', '10.1 MW', 'Co-Generation plant', 'Veesons Energy Systems Pvt Ltd', 'AFBC', '95 TPH', ' Coal', 'Power plant  O&M', 'Back Pressure', 'P18_New_Logo.jpg', -1, 2, 1577517797),
(19, 1, 0, 'PEARL DISTILLERY LTD', ' Andhra Pradesh - Nellore', 'SR18013', '4.22 MW', 'Co-Generation Plant', 'Thermax Ltd', 'AFBC', '32 TPH', ' Coal', 'Power plant O&M', 'Back pressure', 'P19_New_Logo.jpg', -1, 2, 1577519038),
(20, 1, 0, 'COROMANDEL INTERNATIONAL LTD', ' Andhra Pradesh - Vishakapattinam', 'SR19011', '6.7 MW', 'Co-Generation plant', 'Thermal Systems Ltd', 'AFBC', '45 TPH', ' Coal', 'Power plant O&M', 'Back Pressure', 'P20_New_Logo.jpg', -1, 2, 1577519286),
(21, 1, 0, 'BIOP STEELS & POWER (P) LTD', ' Andhra Pradesh - Ananthapur', 'SR16018', '6 MW', 'Captive Power plant', 'Veesons', 'AFBC+(2-WHRB)', '18 TPH +(2x11 TPH)', ' Coal& Dolachar + (Sponge Iron Kiln Exhaust Gas)', 'Power plant O&M', 'Condensing ', 'P21_New_Logo.jpg', -1, 2, 1577686368),
(22, 1, 0, 'M/S. GARDEN SILK MILLS LTD,', ' SURAT, GUJARAT.', 'SR19023', '18 + 21 MW', 'Co-Gen', 'CETHAR', 'AFBC', '2 X 93 TPH', 'COAL', 'POWER PLANT', 'SIEMENS', 'P22_kawai_1.jpg', -1, 2, 1584358371),
(23, 1, 0, 'M/S. GARDEN SILK MILLS LTD, ', ' SURAT, GUJARAT.', 'SR19023', '18 + 21 MW', 'CO-GEN', 'CETHAR', 'AFBC', '2 X 93 TPH', ' COAL', 'POWER PLANT', 'SIEMENS', 'P23_kawai_1.jpg', -1, 2, 1584358682),
(24, 1, 0, 'M/S. PARRY SUGARS REFINERY INDIA  PVT LTD,', 'KAKINADA, ANDHRA PRADESH ', 'SR13014', '10 MW', 'CO-GEN', 'VEESONS', 'AFBC', '95 TPH', 'COAL', 'POWER PLANT', 'SIEMENS', 'P24_LOGO.jpg', -1, 2, 1584359397),
(25, 1, 0, 'M/S. PARRY SUGARS REFINERY INDIA PVT LTD,', 'KAKINADA, ANDHRA PRADESH', 'SR13014', '10 MW', 'CO-GEN', 'VEESONS', 'AFBC', '1 X 95 TPH', 'COAL', 'POWER PLANT', 'SIEMENS', 'P25_LOGO.jpg', -1, 2, 1584359660),
(26, 1, 0, 'M/S. PARRY SUGARS REFINERY INDIA PVT LTD,', 'KAKINADA, ANDHRA PRADESH.', 'SR13014', '35 MW', 'CCPP', '----', '----', '-----', 'NATURAL GAS', 'FSNL OPERATION OF GAS TURBINE', 'BHEL', 'P26_LOGO.jpg', -1, 2, 1584359981),
(27, 1, 0, ' M/S. GOA SPONGE & POWER LTD, ', 'GOA.', 'SR15037', '12 MW', 'CPP', 'CETHAR', 'AFBC + WHRB', '1 X 22 TPH + 1 X 38 TPH', 'COAL + SPONGE IRON KILN EXHAUST GAS', 'POWER PLANT', 'SIEMENS', 'P27_LOGO.jpg', -1, 2, 1584360252),
(28, 1, 0, 'M/S. BIOP STEELS & POWER PVT. LTD,', ' ANATHAPUR DIST. ANDHRA PRADESH.', 'SR16022', ' 6 MW', 'CPP', 'VEESONS', 'AFBC + WHRB', '1 X 18 TPH + 2 X 11 TPH', 'COAL + SPONGE IRON KILN EXHAUST GAS', 'POWER PLANT', 'TRIVENI', 'P28_LOGO.jpg', -1, 2, 1584360469),
(29, 1, 0, 'M/S. SHREE DURGA SYNTEX PV LTD, ', 'SURAT, GUJARAT', 'SR16019', '15 MW', 'CPP', 'HI-TECH ENGINEERING', 'AFBC', '1 X 70 TPH', 'COAL', 'POWER PLANT', 'SIEMENS', 'P29_LOGO.jpg', -1, 2, 1584360662),
(30, 1, 0, 'M/S. VISHNU CHEMICALS LIMITED, ', 'VIZAG, ANDHRA PRADESH.', 'SR16023', '3 MW', 'CO-GEN', 'ZHENG ZHOU', 'CFBC', '1 X 35 TPH', 'COAL', 'POWER PLANT', 'QINGDAO JIENENG', 'P30_LOGO.jpg', -1, 2, 1584360867),
(31, 1, 0, 'VISHNU CHEMICALS LTD,', 'VIZAG, ANDHRA PRADESH.', 'SR16023', '3 MW', 'CO-GEN', 'ZHENG ZHOU', 'CFBC', '1 X 35 TPH', 'COAL', 'POWER PLANT', 'QINGDAO JIENENG', 'P31_LOGO.jpg', -1, 2, 1584443830),
(32, 1, 0, 'M/S. VINATI ORGANICS LTD, ', ' CHIPLUN,MAHARASHTRA', 'SR16039', '8.72 MW', 'CO-GEN', 'CETHAR', 'AFBC', '1 X 54 TPH', ' COAL', 'POWER PLANT', 'TRIVENI', 'P32_LOGO.jpg', -1, 2, 1584596312),
(33, 1, 0, 'M/S. DALMIA CEMENT BHARAT LTD,', 'DALMIYAPURAM, TAMILNADU', 'SR17007', '18 + 27 MW', 'CPP', 'CETHAR', 'AFBC', '1 X 90 TPH + 1 X 125 TPH', '  COAL / LIGNITE / PET COKE', 'POWER PLANT', 'SIEMENS', 'P33_LOGO.jpg', -1, 2, 1584596499),
(34, 1, 0, 'M/S.RAIC INTEGRATED SPONGE AND POWER PVT LTD,', 'ASANSOL, WEST BENGAL', 'SR18002', '10 MW', 'CPP', 'HI-TECH ENGINEERING', 'AFBC + WHRB', '1 X 22 TPH + 3 X 10 TPH', 'COAL + SPONGE IRON KILN EXHAUST GAS', 'POWER PLANT', 'SIEMENS', 'P34_LOGO.jpg', -1, 2, 1584612057),
(35, 1, 0, 'SINEWAVE BIO MASS PVT LTD,', 'SANGLI, MAHARASATRA', 'SR18004', '1 X 10 mw', 'CPP', 'CETHAR', 'TRAVELING GRATE', '45 TPH', 'BIO MASS', 'POWER PLANT', 'SIEMENS', 'P35_LOGO.jpg', -1, 2, 1584612227),
(36, 1, 0, 'M/S.PEARL DISTILLERY LTD, ', 'PRAKASAM, ANDHRA PRADESH', 'SR18013', '4.22 MW', 'CO-GEN', 'THERMAX', 'AFBC', '1 X 32 TPH', ' COAL', 'POWER PLANT', 'SIEMENS', 'P36_LOGO.jpg', -1, 2, 1584612245),
(37, 1, 0, 'M/S. CORAMANDEL INTERNATIONAL LTD, ', ' VIZAG, ANDHRA PRADESH', 'SR19011', '6.7 MW', 'CO-GEN', 'THERMAL SYSTEM', 'AFBC', '1 X 45 TPH', ' COAL', 'POWER PLANT', 'TRIVENI', 'P37_LOGO.jpg', -1, 2, 1584612384),
(38, 1, 0, 'M/S. MANGAL SPONGE AND STEEL PVT LTD,', '   BILHA, CHATTISGARH', '19004', '12 MW', 'CPP', 'IJT + CHEMA BOILERS', 'AFBC + WHRB', '1 X 40 TPH + 2 X 10 TPH', 'COAL / DOLETURE / HUSK', 'POWER PLANT', 'SIEMENS', 'P38_LOGO.jpg', -1, 2, 1584612549),
(39, 1, 0, 'M/S. AUROBINDO PHARMA LTD,', ' SANGAREDDY, TELANGANA', 'SR19025', '4.55 MW', 'CO-GEN', 'THERMAX', 'AFBC', '1 X 35 TPH', ' COAL', 'POWER PLANT', 'TRIVENI', 'P39_LOGO.jpg', -1, 2, 1584612552),
(40, 1, 0, 'M/S. ARS ENERGY PVT LTD,', '  GUMMIDIPOONDI, TAMILNADU', 'SR16022', '60 MW', 'CPP', 'CETHAR', 'CFBC', '1 X 240 TPH', '    COAL', 'POWER PLANT', 'SHIN NIPPON', 'P40_LOGO.jpg', -1, 2, 1584612827),
(41, 1, 0, 'M/S. SINEWAVE BIO MASS PVT LTD,', '   SANGLI, MAHARASTRA', 'SR18004', '10 MW', 'CPP', 'CETHAR', 'TRAVELING GRATE', '1 X 45 TPH', '   BIO MASS', 'POWER PLANT', 'SIEMENS', 'P41_LOGO.jpg', -1, 2, 1584613039),
(42, 1, 0, 'M/S. VISHNU CHEMICALS LTD, ', 'VIZAG, ANDHRA PRADESH', 'SR16023', '3 MW', 'CO-GEN', 'ZHENG ZHOU', 'CFBC', '35 TPH', 'COAL', 'POWER PLANT', 'QINGDAO JIENENG', 'P42_LOGO.jpg', -1, 2, 1584613406),
(43, 1, 0, 'M/S.SHREE DURGA SYNTEX PVT LTD,', 'SURAT, GUJARAT', 'SR16019', '15 MW', 'CPP', 'HI-TECH ENGINEERING', 'AFBC', '1 X 70 TPH', 'COAL', 'POWER PLANT', 'SIEMENS', 'P43_LOGO.jpg', -1, 2, 1584614336),
(44, 1, 0, 'M/S. VISHNU CHEMICALS LTD,', ' VIZAG, ANDHRA PRADESH', 'SR16023', '3 MW', 'CO-GEN', 'ZHENG ZHOU', 'CFBC', '1 X 35 TPH', ' COAL', 'POWER PLANT', 'QINGDAO JIENENG', 'P44_LOGO.jpg', -1, 2, 1584614568),
(45, 1, 0, 'TNPL', '', 'SR3', '', '', '', '', '', '', '', '', 'P45_RPSL_AFBC_BOILER_FUEL_NOZZLE.jpg', -1, 2, 1597828988),
(46, 1, 0, 'M/S. GARDEN SILK MILLS LTD,', 'SURAT, GTUJARA', 'SR001', '18', 'CO-GEN', 'CVL', 'AFBC', '93 TPH', 'COAL', ' POWER PLANT', 'SIEMENS', 'P46_RPSL_AFBC_BOILER_FUEL_NOZZLE.jpg', -1, 2, 1597833710),
(47, 1, 0, 'M/S. GARDEN SILK MILLS LTD, ', 'SURAT', 'SR002', '21', 'CO-GEN', 'CETHAR', 'AFBC', '93 TPH', 'COAL', '', '', 'P47_SAI_POWER_HSE_Policy.jpg', -1, 2, 1598608950),
(48, 1, 0, 'M/S.GARDEN SILKS MILLS LTD,', 'SURAT, GJ.', 'SR19023', '18 mw', 'CO-GEN', 'CVL', 'AFBC', '93 TPH', 'COAL', '-', 'SIEMENS', 'P48_LOGO.jpg', -1, 2, 1599301158),
(49, 1, 0, 'M/S.GARDEN SILKS MILLS LTD,', 'SURAT, GJ.', 'SR19023', '18 MW', 'CO-GEN', 'CVL', 'AFBC', '93 TPH', 'COAL', '-', 'SIEMENS', 'P49_LOGO.jpg', 1, 2, 1599301271),
(50, 1, 0, 'M/S.GARDEN SILKS MILLS LTD,', 'SURAT, GJ', 'SR19023', '21 MW', 'CO-GEN', 'CVL', 'AFBC', '93 TPH', 'COAL', '-', 'SIEMENS', 'P50_LOGO.jpg', 1, 2, 1599301357);

-- --------------------------------------------------------

--
-- Table structure for table `current_projects1`
--

CREATE TABLE `current_projects1` (
  `pjt_id` int(11) NOT NULL,
  `srcat_id` int(11) NOT NULL,
  `cmr_nme` varchar(300) NOT NULL,
  `cmr_loc` varchar(200) NOT NULL,
  `plant_cpy` varchar(50) NOT NULL,
  `plant_typ` varchar(100) NOT NULL,
  `boil_mnf` varchar(100) NOT NULL,
  `boil_typ` varchar(100) NOT NULL,
  `boil_cpy` varchar(100) NOT NULL,
  `fuel` varchar(100) NOT NULL,
  `om_scope` varchar(100) NOT NULL,
  `pjt_img` text NOT NULL,
  `status` int(11) NOT NULL,
  `crt_by` int(11) NOT NULL,
  `crt_stm` int(11) NOT NULL
) ENGINE=InnoDB DEFAULT CHARSET=latin1;

--
-- Dumping data for table `current_projects1`
--

INSERT INTO `current_projects1` (`pjt_id`, `srcat_id`, `cmr_nme`, `cmr_loc`, `plant_cpy`, `plant_typ`, `boil_mnf`, `boil_typ`, `boil_cpy`, `fuel`, `om_scope`, `pjt_img`, `status`, `crt_by`, `crt_stm`) VALUES
(1, 1, 'GARDEN SILK MILLS LIMITED', 'Surat, Gujarat', '18MW', 'Co-Gen	', 'Cethar', 'AFBC		', '93 TPH', 'Coal	', 'Power Plant', 'P1_Garden_Silks_Factory800x600.jpg', -1, 2, 1570036030),
(2, 1, 'GARDEN SILK MILLS LIMITED', '         Surat, Gujarat', '18MW', 'Co-Gen	', 'Cethar', 'AFBC		', '93 TPH', '         Coal	', 'Power Plant', 'P2_DCM_Shriram.png', -1, 2, 1570036031),
(3, 2, 'M/S. VANDHANA VIDHUT LIMITED,', ' KORBA, CHATTISGARH', '135MW				', 'IPP', 'NA', 'PC', '454 TPH', 'COAL', 'NA', 'P3_vandana_vidhut800x600.jpg', -1, 2, 1570036484),
(4, 2, 'M/S. PARRY SUGARS REFINERY P LTD.,			', 'KAKINADA, AP', '10MW	', 'CO-GEN', 'NA', 'AFBC	', '95 TPH', 'COAL', 'NA', 'P4_vandana_vidhut.jpg', -1, 2, 1570036775),
(5, 4, 'M/S. BANSWARA SYNTEX LTD, ', 'Banswara, Rajasthan.', '2 x 15 MW', 'Co-Gen			', 'NA', 'AFBC', '75 TPH', 'COAL', 'NA', 'P5_Banswara_Syntex_Power_Plant.jpg', -1, 2, 1570037417),
(6, 5, 'M/S. ARK ENGINEERING AND CONSULTANCY, A/C.M/S. DCM SRIRAM', 'DAURALA, UP.', '65MW		', 'CO-GEN	', 'NA', 'PC', '240 TPH', 'NA', 'NA', 'P6_DCM_Shriram.png', -1, 2, 1570038693),
(7, 5, 'M/S. KSK POWER ENGINEERING SERVICES, A/C.M/S. ORIENT CEMENT,', 'Chittapur,  KARNATAKA.', '65 MW', 'CO-GEN', 'NA', 'PC', '240 TPH', 'NA', 'NA', 'P7_Orient_Cement,_Chittapur,_Karnataka.jpg', -1, 2, 1570039711),
(8, 10, 'M/S. IND BARATH ENERGY(UTKAL) LTD, ', 'JARSIGUDA, ORISSA.', '350MW		', 'IPP	', 'NA', 'PC', '1180 TPH	', 'COAL', 'NA', 'P8_Ind-Bharath_UTCAL.jpg', -1, 2, 1570040908);

-- --------------------------------------------------------

--
-- Table structure for table `departments_list`
--

CREATE TABLE `departments_list` (
  `dpt_id` int(11) NOT NULL,
  `name` varchar(50) NOT NULL,
  `status` int(11) NOT NULL
) ENGINE=InnoDB DEFAULT CHARSET=latin1;

--
-- Dumping data for table `departments_list`
--

INSERT INTO `departments_list` (`dpt_id`, `name`, `status`) VALUES
(1, 'System Admin', 0),
(2, 'H.R', 0),
(3, 'Marketing', 0),
(4, 'Technical', 0);

-- --------------------------------------------------------

--
-- Table structure for table `designation_list`
--

CREATE TABLE `designation_list` (
  `dsgn_id` int(11) NOT NULL,
  `dpt_id` int(11) NOT NULL,
  `name` varchar(100) NOT NULL,
  `status` int(11) NOT NULL
) ENGINE=InnoDB DEFAULT CHARSET=latin1;

--
-- Dumping data for table `designation_list`
--

INSERT INTO `designation_list` (`dsgn_id`, `dpt_id`, `name`, `status`) VALUES
(1, 1, 'System Admin', 0),
(2, 2, 'Director H.R', 0),
(3, 2, 'Manager H.R', 0),
(4, 2, 'H.R Executive', 0),
(5, 3, 'Director', 0),
(6, 3, 'Manager', 0),
(7, 3, 'Marketing Executive', 0),
(8, 4, 'Director', 0),
(9, 4, 'Manager', 0),
(10, 3, 'Technical Executive', 0);

-- --------------------------------------------------------

--
-- Table structure for table `edu_qualifications`
--

CREATE TABLE `edu_qualifications` (
  `eql_id` int(11) NOT NULL,
  `name` varchar(50) NOT NULL,
  `crt_by` int(11) NOT NULL,
  `crt_stm` int(11) NOT NULL,
  `status` int(11) NOT NULL
) ENGINE=InnoDB DEFAULT CHARSET=latin1;

--
-- Dumping data for table `edu_qualifications`
--

INSERT INTO `edu_qualifications` (`eql_id`, `name`, `crt_by`, `crt_stm`, `status`) VALUES
(1, 'B.E. / B.TECH / CHEMICAL ENGINEERING', 0, 1564297147, 0),
(2, 'B.E./ B.TECH / DIPLOMA/ ITI ELECTRICAL ENGINEERING', 2, 1565033586, 0),
(3, 'SSLC', 2, 1565062659, -1),
(4, 'HSC', 2, 1565062674, 0),
(5, 'SSC ', 2, 1565800060, 0),
(6, 'MASTER OF ENGINEERING - MECHANICAL ', 2, 1565800141, 0),
(7, 'B.E. / B.TECH / MECHANICAL ENGINEERING', 2, 1570435303, 0),
(8, 'B.E. / B.TECH / INSTRUMENTATION ENGINEERING', 2, 1577445588, 0),
(9, 'B.E. / B.TECH / ELECTRICAL& ELECTRONIC ENGINEERING', 2, 1577445717, 0),
(10, 'B.E. / B.TECH / PRODUCTION ENGINEERING', 2, 1577445814, 0),
(11, 'MASTER OF ENGINEERING - ELECTRICAL', 2, 1577445889, 0),
(12, 'MASTER OF ENGINEERING - CHEMICAL', 2, 1577445910, 0),
(13, 'DIPLOMA - MECHANICAL ENGINEERING', 2, 1577445959, 0),
(14, 'DIPLOMA - ELECTRICAL ENGINEERING', 2, 1577445983, 0),
(15, 'DIPLOMA - ELECTRICAL AND ELECTRONICS ENGINEERING', 2, 1577446009, 0),
(16, 'ITI - FITTER', 2, 1577446066, 0),
(17, 'ITI - WELDER', 2, 1577446106, 0),
(18, 'ITI - SHEET METAL', 2, 1577446129, 0),
(19, 'ITI - MILL WRIGHT FITTER', 2, 1577446289, 0),
(20, 'BSC CHEMISTRY', 2, 1577450617, 0),
(21, 'BSC PHYSICS', 2, 1577450629, 0),
(22, 'MBA', 2, 1577450650, -1),
(23, 'ANY DEGREE', 2, 1577450673, 0),
(24, 'OTHERS', 2, 1578051969, 0),
(25, 'MBA', 2, 1582614904, 0);

-- --------------------------------------------------------

--
-- Table structure for table `enquiries_list`
--

CREATE TABLE `enquiries_list` (
  `enq_id` int(11) NOT NULL,
  `enq_by` varchar(50) NOT NULL,
  `designation` text NOT NULL,
  `cmp_nme` varchar(100) NOT NULL,
  `cmp_adrs` varchar(250) NOT NULL,
  `location` text NOT NULL,
  `phone` text NOT NULL,
  `mob_no` varchar(25) NOT NULL,
  `email` varchar(25) NOT NULL,
  `srcat_id` int(11) NOT NULL,
  `boil_typ` text NOT NULL,
  `plnt_cpcty` text NOT NULL,
  `enq_details` varchar(250) NOT NULL,
  `enq_for` text NOT NULL,
  `tender` text NOT NULL,
  `enq_doc` text NOT NULL,
  `enq_stm` int(11) NOT NULL,
  `status` int(11) NOT NULL
) ENGINE=InnoDB DEFAULT CHARSET=latin1;

--
-- Dumping data for table `enquiries_list`
--

INSERT INTO `enquiries_list` (`enq_id`, `enq_by`, `designation`, `cmp_nme`, `cmp_adrs`, `location`, `phone`, `mob_no`, `email`, `srcat_id`, `boil_typ`, `plnt_cpcty`, `enq_details`, `enq_for`, `tender`, `enq_doc`, `enq_stm`, `status`) VALUES
(1, 'jhon Wright', 'Production Manager', 'World Wide Network Company Limited', 'Greater Noida, New Delhi', 'Utterpradesh', '00008888999', '999999999999', 'agiledesignstudio@gmail.c', 1, 'AFBC', '12 MW', 'aaaaaaaaiiiiiiiiiiiiiiiiiiiiiiiiiiiiiiiiiiiiiiiiiiiiiiiidddddddddddddddddddddddddddddddddddddddddddddddddddddddddddssssssssssssssssssssssssssssssssssssssssssssssssfffffffffffffffffffffffffffffffffffffffffffffffffffffffaaaaaaaaaaaaaaaaaaaaaaaaaaaadddd', 'Budgetary', 'No', '_Garden_Silk_Mills_Apreciation_Letter.pdf', 1575745012, 0),
(2, 'Karikalan', '', '', '', '', '', '9776656877', 'skr1114@yahoo.in', 0, '', '', 'Test Data by chandrasekar', '', '', '', 1576293460, 0),
(3, 'MATHIVANNAN', 'MANAGER', 'XYZ ENERGY PRIVATE LIMITED', 'SECTOR 98, ', 'GREATER NOIDA', '022-5678 5678', '9999999999', 'nmvmathi@gmail.com', 1, 'AFBC', '10 MW', 'WE NEED YOUR SERVICE FOR OUR POWER PLANT AT NOIDA, UTTERPRADESH. KINDLY CONTACT', 'Budgetary', 'No', '2_Career_Form.pdf', 1576338261, 0),
(4, 'MATHIVANNAN', 'MANAGER', 'XYZ ENERGY PRIVATE LIMITED', 'SECTOR 98', 'GREATER NOIDA', '011 56785678', '9999999999', 'nmvmathi@gmail.com', 6, '', '', 'We need your support for our power plant troubleshooting', '', '', '3_ARS_ApreciationLetter.pdf', 1576338542, 0),
(5, 'MATHIVANNAN', '', '', '', '', '', '9095132559', 'nmvmathi@gmail.com', 0, '', '', 'We would like to take your service for the troubleshooting of our power plant', '', '', '', 1576338643, 0),
(6, 'chandrasekar', '', '', '', '', '', '9988776655', 'nmvmathi@gmail.com', 0, '', '', 'Test Data Entered By Chandrasekar', '', '', '', 1576343217, 0),
(7, 'ram', 'Sales Supervisor', 'SK Industries', '21a,madamabakkam main road\r\nMadambakkam', 'Chennai', '994088881', '994088881', 'nmvmathi@gmail.com', 1, 'AFBC', 'Chennai', 'Sample Enquiry', 'Budgetary', 'Yes', '6_sai.pdf', 1576343786, 0),
(8, 'Chandru', 'Finance Manager', 'HSK Industries', '21a,madamabakkam main road\r\nMadambakkam', 'Chennai', '044-877676', '9887867767', 'nmvmathi@gmail.com', 2, '', '', 'Test Other Service enquiry Data by sekar', '', '', '7_sai.pdf', 1576344034, 0),
(9, 'MATHI', '', '', '', '', '', '9095132559', 'nmvmathi@gmail.com', 0, '', '', 'we need your service support', '', '', '', 1576344936, 0),
(10, 'Mathivannan', 'Manager', 'ABC Enterprises', '111, Green Valley, Nelson Street', 'Gwalior', '45454534', '8888888888', 'agiledesignstudio@gmail.c', 1, '', '', 'asjkafdskjldafjklkjdafkjldfakjldafkjlafdssssssjklkjladfsjklkjldafskjljkladfskjldafsjkladfsjklafdskjladfskjladfouqewuoqewm,czjkadfjkldafsuewkjfadskjkjdfaskjkdjfaskjkjadsfkjjkdasfkjdasfkjkjadfskjldfaskjldfakjladfkjldafoierwouewjklfdsacxkjldfauoerwkjlfa', 'Budgetary', '', '', 1578838110, 0),
(11, 'Mathivannan', 'Manager', 'ABC Enterprises', '111, Green Valley, Nelson Street', 'Gwalior', '45454534', '8888888888', 'agiledesignstudio@gmail.c', 1, '', '', 'asjkafdskjldafjklkjdafkjldfakjldafkjlafdssssssjklkjladfsjklkjldafskjljkladfskjldafsjkladfsjklafdskjladfskjladfouqewuoqewm,czjkadfjkldafsuewkjfadskjkjdfaskjkdjfaskjkjadsfkjjkdasfkjdasfkjkjadfskjldfaskjldfakjladfkjldafoierwouewjklfdsacxkjldfauoerwkjlfa', 'Budgetary', '', '', 1578838469, 0),
(12, 'Mathivannan', '', '', '', '', '', '9999999999', 'agiledesignstudio@gmail.c', 0, '', '', 'kjdfasssssssskjadfsoqeweodfakjdafsm,czxkjdsfdafsjkdafsjjjjjjjjadsfjlkewouewkjsadfmdafskdfaskljdfakjdfaskjdafkjladfsjkdfaskjdafskjdafskjdfajkdafkjldfakjzm,czxm,cxzjeawoejsafkldafszxklcjopewrjklsm,saaopwpejalditrjads,mxcljdsafjladsjlsadfljdlsjlasjpoepp', '', '', '', 1578838680, 0),
(13, 'Ram Shankar', '', '', '', '', '', '9999999999', 'agiledesignstudio@gmail.c', 0, '', '', 'We need your services for our power plant.We need your services for our power plant.We need your services for our power plant.We need your services for our power plant.We need your services for our power plant.We need your services for our power plan', '', '', '', 1581664684, 0),
(14, 'test', '', '', '', '', '', '1234567890', 'test@gmail.com', 0, '', '', 'sdfsdf', '', '', '', 1582464012, 0),
(15, 'chandru', '', '', '', '', '', '9876545656', 'agiledesignstudio@gmail.c', 0, '', '', 'Home Page', '', '', '', 1584199706, 0),
(16, 'sekar', '', 'fdgfd', 'dfgfdg', '', '044 4444 5555', '8888888888', 'agiledesignstudio@gmail.c', 1, '', '', '', 'Budgetary', '', '', 1584200536, 0),
(17, 'Ramsekar', 'Plant Manager', 'ABC Enterprises', 'dfgfdg', 'Hydrabad', '044 4444 5555', '8888888888', 'agiledesignstudio@gmail.c', 1, '', '', 'wweradgadfadf', 'Budgetary', '', '', 1584201178, 0),
(18, 'sannasi', 'engg', 'spel', 'trichy', 'nil', '0431250039', '9894881105', 'sannasimech10@gmail.com', 1, '', '', 'dummy', 'Budgetary', '', '', 1584427560, 0),
(19, 'Sannasai', 'Engineer', 'SPEL', 'Trichy', 'NI:L', '0431250039', '9894881105', 'sobuliraj91@gmail.com', 1, '', '', 'Trial', 'Budgetary', '', '', 1598610001, 0),
(20, 'Ram', 'Plant Head', 'Ram & CO', '111, First Avenue, Annanagar, Chennai', 'Orgadam', '044 88888888', '9999999999', 'ram@123.com', 1, '', '', 'would like to have your quote ', 'Budgetary', '', '', 1598978438, 0),
(21, 'Sannasi G', '', '', '', '', '', '9894881105', 'sannasimech10@gmail.com', 0, '', '', 'MN - 5 Nos.', '', '', '', 1599886026, 0),
(22, 'Ram', '', '9988776655', '', '', '', 'ssk@gmail.com', 'Hi,\nThis Is testing Messa', 0, '', '', '', '', '', '', 1599902090, 0),
(23, 'agile', '', 'Agile Indusries', '', '', '', '9988776655', 'ssk@gmail.com', 0, '', '', 'Hi,\nThis Is testing Message from Agile', '', '', '', 1599902176, 0),
(24, 'Sannasi G', '', '9894881105', '', '', '', 'sannasimech10@gmail.com', 'Air nozzle - 100 Nos.', 0, '', '', '', '', '', '', 1599903479, 0),
(25, 'Sannasi G', '', '9894881105', '', '', '', 'sannasimech10@gmai.com', 'Quick Enquiry test mail', 0, '', '', '', '', '', '', 1599904313, 0),
(26, 'agile', 'dev', 'agile', 'adrs1\r\nadrs2', 'Thiraiyur', '09258585000', '09258585000', 'rkathir1979@gmail.com', 1, '', '', 'sdasfsdfdsf', 'Budgetary', '', '', 1599905895, 0),
(27, 'agile', 'dev', 'agile', 'adrs1\r\nadrs2', 'Thiraiyur', '09258585000', '09258585000', 'rkathir1979@gmail.com', 1, '', '', 'fghfghfghfgh', 'Budgetary', '', '26_Scan4.pdf', 1599906163, 0),
(28, 'Obuliraj', '', 'SPEL', '', '', '', '9677590507', 'sobuliraj91@gmail.com', 0, '', '', 'Dummy enquiry', '', '', '', 1599906833, 0);

-- --------------------------------------------------------

--
-- Table structure for table `enquiries_list1`
--

CREATE TABLE `enquiries_list1` (
  `enq_id` int(11) NOT NULL,
  `enq_by` varchar(50) NOT NULL,
  `cmp_name` varchar(100) NOT NULL,
  `mob_no` varchar(25) NOT NULL,
  `email` varchar(25) NOT NULL,
  `enq_details` varchar(250) NOT NULL,
  `enq_stm` int(11) NOT NULL,
  `status` int(11) NOT NULL
) ENGINE=InnoDB DEFAULT CHARSET=latin1;

--
-- Dumping data for table `enquiries_list1`
--

INSERT INTO `enquiries_list1` (`enq_id`, `enq_by`, `cmp_name`, `mob_no`, `email`, `enq_details`, `enq_stm`, `status`) VALUES
(1, 'chandrasekar', '', '994088881', 'skr1114@yahoo.in', 'Loreum Ipsum is the bsdjfgdsfgd', 1567936151, 0),
(2, 'ram', '', '994088881', 'skr1114@yahoo.in', 'dsgdhdfhfghfhgfhgfh', 1567936740, 0),
(3, 'Mathi', '', '9095132559', 'agiledesignstudio@gmail.c', 'like to take your service', 1569861374, 0),
(4, 'RAM', '', '9095132559', 'agiledesignstudio@gmail.c', 'I WOULD LIKE TO KNOW ABOUT YOUR SERVICE PARAMETERS FOR O & M SERVICES', 1570434761, 0);

-- --------------------------------------------------------

--
-- Table structure for table `events_image_gallery`
--

CREATE TABLE `events_image_gallery` (
  `img_id` int(11) NOT NULL,
  `evn_id` int(11) NOT NULL,
  `img_name` text NOT NULL,
  `crt_stm` int(11) NOT NULL
) ENGINE=InnoDB DEFAULT CHARSET=latin1;

--
-- Dumping data for table `events_image_gallery`
--

INSERT INTO `events_image_gallery` (`img_id`, `evn_id`, `img_name`, `crt_stm`) VALUES
(1, 3, 'e1_Factory_and_Raw_Material_Yard.jpg', 1565062522),
(2, 5, 'e1_Hetero_Infrastructure.jpg', 1570435029),
(3, 6, 'e1_500_F_159977967_BzYrqFLdYg81jMUBf9BPVxyPSCAuf0Gg.jpg', 1574700636),
(4, 5, 'e1_570x320-Flood-Relief-Blog.jpg', 1575800612),
(5, 7, 'e1_NY-power-plant-e1521205168344.jpg', 1575811895),
(6, 7, 'e2_Parry_Sugars_pettavaithalai_factory.jpg', 1575811895),
(7, 7, 'e3_pexels-photo-257703.jpeg', 1575811895),
(8, 7, 'e4_pexels-photo-414942.jpeg', 1575811895),
(9, 7, 'e5_pexels-photo-459670.jpeg', 1575811895),
(10, 7, 'e6_pexels-photo-2516588.jpeg', 1575811895),
(11, 8, 'e1_20191210_103516.jpg', 1598610685),
(12, 8, 's1_20191210_101111.jpg', 1598610685),
(13, 8, 'e3_20191210_104655.jpg', 1598610685),
(14, 9, 'e1_Products_Images_1.jpg', 1598978629),
(15, 9, 'e2_Products_Images_2.jpg', 1598978629),
(16, 10, 'e1_Products_Images_1.jpg', 1598978631),
(17, 10, 'e2_Products_Images_2.jpg', 1598978631),
(18, 11, 'e1_Products_Images_1.jpg', 1598978633),
(19, 11, 'e2_Products_Images_2.jpg', 1598978633),
(20, 12, 'e1_Products_Images_1.jpg', 1598978638),
(21, 12, 'e2_Products_Images_2.jpg', 1598978638),
(22, 8, 'e1_Slide1.JPG', 1599560749),
(23, 13, 'e1_1__GOA_1.jpg', 1599561690),
(24, 14, 'e1_111-page-001.jpg', 1599634791);

-- --------------------------------------------------------

--
-- Table structure for table `events_list`
--

CREATE TABLE `events_list` (
  `evn_id` int(11) NOT NULL,
  `ecat_id` int(11) NOT NULL,
  `title` varchar(100) NOT NULL,
  `title_image` text NOT NULL,
  `descr` varchar(500) NOT NULL,
  `status` int(11) NOT NULL,
  `crt_by` int(11) NOT NULL,
  `crt_stm` int(11) NOT NULL
) ENGINE=InnoDB DEFAULT CHARSET=latin1;

--
-- Dumping data for table `events_list`
--

INSERT INTO `events_list` (`evn_id`, `ecat_id`, `title`, `title_image`, `descr`, `status`, `crt_by`, `crt_stm`) VALUES
(1, 1, 'BLOOD DONATION CAMP', 'e3_project-img-4.jpg', '', -1, 0, 1565032906),
(2, 1, 'BLOOD DONATION CAMP', 'e3_project-img-4.jpg', '', -1, 0, 1565032962),
(3, 4, 'EXPO 2019', 'e3_project-img-4.jpg', 'Participated in EXPO 2019 and displayed our products  ', -1, 0, 1565062522),
(4, 2, 'HR Training', '', '', -1, 0, 1565062611),
(5, 1, 'Flood Relief Camp', 'e5_570x320-Flood-Relief-Blog.jpg', 'We have conducted a Flood Relief Camp at Cuddalore on 31.11.2017   ', -1, 0, 1570435029),
(6, 4, 'Marketing Meet', 'e6_1.jpg', 'aaaaaaa ', -1, 0, 1574700636),
(7, 1, 'Health & Hygiene', 'e_health-and-safety-environment-hse--500x500.png', 'We have conducted a visit to the nearest Village from our Office and had a discussion with the People over there about maintaining the Health and Hygiene.  ', -1, 0, 1575811895),
(8, 7, 'Health Safety & Environment', 'e8_New_Microsoft_PowerPoint_Presentation.jpg', '5 days Safety Orientation Program for Safety & Admin Executives       ', 0, 0, 1598610685),
(9, 2, 'Staff Training ', 'e_Products_Images.jpg', 'Staff HR Training arranged by HR Department on 01.09.2020', -1, 0, 1598978629),
(10, 2, 'Staff Training ', 'e_Products_Images.jpg', 'Staff HR Training arranged by HR Department on 01.09.2020', -1, 0, 1598978631),
(11, 2, 'Staff Training ', 'e_Products_Images.jpg', 'Staff HR Training arranged by HR Department on 01.09.2020', -1, 0, 1598978633),
(12, 2, 'Staff Training ', 'e_Products_Images.jpg', 'Staff HR Training arranged by HR Department on 01.09.2020', -1, 0, 1598978638),
(13, 5, '.', 'e_app.jpg', 'Customer Appreciation', 0, 0, 1599561690),
(14, 4, 'ISO 9001:2015', '', 'ISO', 0, 0, 1599634791);

-- --------------------------------------------------------

--
-- Table structure for table `event_categories`
--

CREATE TABLE `event_categories` (
  `ecat_id` int(11) NOT NULL,
  `name` varchar(50) NOT NULL,
  `descr` varchar(150) NOT NULL,
  `upd_dt` text NOT NULL,
  `upd_by` int(11) NOT NULL,
  `status` int(11) NOT NULL
) ENGINE=InnoDB DEFAULT CHARSET=latin1;

--
-- Dumping data for table `event_categories`
--

INSERT INTO `event_categories` (`ecat_id`, `name`, `descr`, `upd_dt`, `upd_by`, `status`) VALUES
(1, 'CSR ACTIVITIES', '', '2019/08/06', 2, -1),
(2, 'TRAINING ACIVITIES', '', '2019/08/06', 2, -1),
(3, 'STAFF WELFARE ACTIVITIES', '\n                                          \n                          \n                          \n                                          \n         ', '2019/08/06', 2, 0),
(4, 'ISO CERTIFICATIONS', '', '2019/08/06', 2, 0),
(5, 'APPRECIATION LETTER FROM CUSTOMER', '', '2019/08/14', 2, 0),
(6, 'SPECIAL EVENT', '', '2019/08/14', 2, -1),
(7, 'HSE', '', '2020/08/28', 2, 0);

-- --------------------------------------------------------

--
-- Table structure for table `experience_list`
--

CREATE TABLE `experience_list` (
  `expr_id` int(11) NOT NULL,
  `srcat_id` int(11) NOT NULL,
  `srsbcat_id` int(11) NOT NULL,
  `cmr_nme` varchar(100) NOT NULL,
  `cmr_loc` varchar(200) NOT NULL,
  `plant_capacity` varchar(50) NOT NULL,
  `plant_typ` varchar(100) NOT NULL,
  `boil_mnf` varchar(100) NOT NULL,
  `boil_typ` varchar(100) NOT NULL,
  `boil_capacity` varchar(100) NOT NULL,
  `fuel` varchar(100) NOT NULL,
  `om_scope` varchar(200) NOT NULL,
  `pjt_img` text NOT NULL,
  `status` int(11) NOT NULL,
  `crt_by` int(11) NOT NULL,
  `crt_stm` int(11) NOT NULL
) ENGINE=InnoDB DEFAULT CHARSET=latin1;

--
-- Dumping data for table `experience_list`
--

INSERT INTO `experience_list` (`expr_id`, `srcat_id`, `srsbcat_id`, `cmr_nme`, `cmr_loc`, `plant_capacity`, `plant_typ`, `boil_mnf`, `boil_typ`, `boil_capacity`, `fuel`, `om_scope`, `pjt_img`, `status`, `crt_by`, `crt_stm`) VALUES
(1, 1, 0, 'M/S. GARDEN SILK MILLS LTD', 'SURAT, GUJARAT', '18 MW', 'CO-GEN', 'CETHAR', 'AFBC', '93 TPH', 'Coal', 'Power Plant', 'EP_Chrysanthemum.jpg', -1, 2, 1574095453),
(2, 6, 5, 'M/S.PEARL DISTILLERY LIMITED', 'PRAKASAM, ANDHRAPRADESH	', '4.22 MW	', 'Co-Gen', 'THERMAX	', '', 'AFBC', '32 TPH	', '', 'EP1_Penguins.jpg', -1, 2, 1574095558),
(3, 4, 0, 'PARRY SUGARS REFINERY INDIA PRIVATE LTD', '   KAKINADA, ANDHRA PRADESH', '10 MW', 'CO-GEN', '  VEESONS', '   AFBC', '95 TPH', '   Coal', 'Power Plant', 'EP3_Jellyfish.jpg', -1, 2, 1574096480),
(4, 2, 0, 'SK INDUSTRIES', 'Sricity,Andhrapradhesh', '10 MW', 'CO-GEN	', 'Cethar', 'AFBC', '95 TPH', 'Coal', 'Power Plant', 'EP3_Tulips.jpg', -1, 2, 1574098138),
(5, 1, 0, 'M/S. GARDEN SILK MILLS LTD,', ' Surat, Gujarat', '18MW', 'Co-Gen	', 'Cethar', 'AFBC	', '93 TPH	', 'Coal', 'Power Plant', 'EP4_Garden_Silks_Factory800x600.jpg', -1, 2, 1574136598),
(6, 1, 0, 'M/S. GARDEN SILK MILLS LTD,', ' Surat, Gujarat.', '21MW', 'Co-Gen', ' Cethar', ' AFBC', '93 TPH', ' COAL', 'Power Plant', 'EP5_Garden_Silks_Factory800x600.jpg', -1, 2, 1574136908),
(7, 1, 0, 'M/S. PARRY SUGARS REFINERY INDIA PRIVATE LTD,', 'Kakinada, AP.', '10MW', 'Co-Gen			', 'VEESONS	', 'AFBC', '95 TPH', 'Coal	', 'Power Plant', 'EP6_Parry_Sugars_pettavaithalai_factory.jpg', -1, 2, 1574137820),
(8, 2, 0, 'M/S. VANDHANA VIDHUT LIMITED, ', 'KORBA, CHATTISGARH.', '135MW', 'IPP', 'NA', 'PC', '454 TPH', 'Coal', 'NA', 'EP7_vandana_vidhut.jpg', -1, 2, 1574138133),
(9, 4, 0, 'M/S. BANSWARA SYNTEX LTD, ', 'BANSWARA, RAJASTHAN.', '2 x 15 MW', 'Co-Gen', 'NA', 'AFBC', '75 TPH', 'Coal', 'NA', 'EP8_Banswara_Syntex_Power_Plant.jpg', -1, 2, 1574138428),
(10, 6, 3, 'M/S. ARS ENERGY PRIVATE LIMITED, ', 'CHENNAI, TN.', 'NA', 'NA', 'NA', 'NA', 'NA', 'NA', 'Condition Monitoring of Rotating Equipment', 'EP9_ARS1.jpg', -1, 2, 1574138809),
(11, 3, 0, 'M/S. GARDEN SILK MILLS LTD', 'SURAT', '-', '-', '-', '-', '-', '-', '-', 'EP10_1.jpg', -1, 2, 1584763905),
(12, 4, 0, 'M/S. GARDEN SILK MILLS LTD', 'GUJARAT', '-', '-', '-', '-', '-', '-', '-', 'EP11_1.jpg', -1, 2, 1584764104),
(13, 4, 0, 'M/S. BANSWARA SYNTEX LTD, ', 'RAJASTHAN', '-', '', '-', '-', '-', '-', '-', '', -1, 2, 1584765639),
(14, 4, 0, 'M/S. BANSWARA SYNTEX LTD, ', 'RAJASTHAN', '-', '-', '-', '-', '-', '-', '-', '', -1, 2, 1584766018),
(15, 4, 0, 'M/S. GOPANI IRON & POWER (INDIA) LTD, ', ' MAHARASHTRA', '-', '-', ' -', ' -', '-', ' -', '-', '', -1, 2, 1584766080),
(16, 4, 0, 'M/S. SHYAM METALICS AND ENERGY LTD,', ' ODISHA', '-', '-', ' -', ' -', '-', ' -', '-', '', -1, 2, 1584766148),
(17, 4, 0, 'M/S. SUGUNA FOODS PVT LTD, ', ' MAHARASHTRA', '-', '-', ' -', ' -', '-', ' -', '-', '', -1, 2, 1584766278),
(18, 4, 0, 'M/S. GARDEN SILK MILLS LTD, ', ' GUJARAT', '-', '-', ' -', ' -', '-', ' -', '-', '', -1, 2, 1584766339),
(19, 4, 0, 'M/S. ABHINAV STEELS & POWER  LTD,', 'UTTAR PRADESH', '-', '-', '-', '-', '-', '-', '-', '', -1, 2, 1584766473),
(20, 4, 0, 'M/S. PRATHY USHA POWERGEN PVT LTD,', ' TAMILNADU', '-', '-', ' -', ' -', '-', ' -', '-', '', -1, 2, 1584766596),
(21, 4, 0, 'M/S. PARRY SUGARS REFINERY INDIA PVT LTD,', ' ANDHRA PRADESH', '-', '-', ' -', ' -', '-', ' -', '-', '', -1, 2, 1584766691),
(22, 4, 0, 'M/S. HIMATSINGKA LINENS, ', 'KARNATAKA', '-', '-', '-', '-', '-', '-', '-', '', -1, 2, 1584766911),
(23, 4, 0, 'M/S. AMBUJA CEMENTS LTD, ', 'MAHARASHTRA', ' -', '-', '-', '-', '-', '-', '-', '', -1, 2, 1584767015),
(24, 4, 0, 'M/S. OCL INDIA LTD, ', 'ODISHA', '-', '-', '-', '-', '-', '-', '-', '', -1, 2, 1584767092),
(25, 4, 0, 'M/S. HETERO INFRASTRUCTURE SEZ LTD,', 'ANDHRA PRADESH', '-', '-', '-', '-', '-', '-', '-', '', -1, 2, 1584767171),
(26, 4, 0, 'M/S. UTCL, UNIT - MANIKGARH CEMENTS LTD,', 'MAHARASHTRA', '-', '-', ' -', ' -', '-', ' -', '-', '', -1, 2, 1584767267),
(27, 4, 0, 'M/S. INDSIL ENERGY AND ELECTROCHEMICALS PVT LTD, ', 'CHHATTISGARH', '-', '-', ' -', ' -', '-', ' -', '-', '', -1, 2, 1584767346),
(28, 4, 0, 'M/S. NR AGARWAL INDUSTRIES LTD, ', 'GUJARAT', '-', '-', '-', '-', '-', '-', '-', '', -1, 2, 1584767383),
(29, 4, 0, 'M/S. ADHUNIK CEMENTS LTD, ', 'MEGHALAYA', '-', '-', '-', '-', '-', '-', '-', '', -1, 2, 1584767454),
(30, 4, 0, 'M/S. SINEWAVE BOIMASS POWER PVT LTD,', 'MAHARASHTRA', '-', '-', '-', '-', '-', '-', '-', '', -1, 2, 1584767528),
(31, 4, 0, 'M/S. GRASIM BHIWANI TEXTILES LTD,', ' HARYANA', '-', '-', ' -', ' -', '-', ' -', '-', '', -1, 2, 1584768039),
(32, 4, 0, 'M/S. ARS ENERGY PRIVATE LIMITED, ', 'TAMILNADU', '-', '-', '-', '-', '-', '-', '-', '', -1, 2, 1584768099),
(33, 4, 0, 'M/S. SHREE DURGA SYNTEX PVT LTD,', 'GUJARAT', '-', '-', '-', '-', '-', '-', '-', '', -1, 2, 1584768152),
(34, 4, 0, 'M/S. ARS ENERGY PVT LTD,', ' TAMILNADU', '-', '-', ' -', ' -', '-', ' -', '-', '', -1, 2, 1584768279),
(35, 4, 0, 'M/S.SHREE SHAKAMBARI FERRO ALLOYS PVT LTD', 'MEGHALAYA', '-', '-', '-', '-', '-', '-', '-', '', -1, 2, 1584768337),
(36, 4, 0, 'M/S. SEE FERARES CLUB', 'TAMILNADU', '-', '-', '-', '-', '-', '-', '-', '', -1, 2, 1584768462),
(37, 4, 0, 'M/S.DCM SHRIRAM ALKALI AND CHEMICALS ', 'RAJASTHAN', '-', '-', '-', '-', '-', '-', '-', '', -1, 2, 1584768518),
(38, 2, 0, 'M/S. VANDHANA VIDHUT LTD, ', 'CHATTISGARH', '-', '-', '-', '-', '-', '-', '-', '', -1, 2, 1584772451),
(39, 2, 0, 'M/S. IND BARATH ENERGY (UTKAL) LTD,', 'CHHATTISGARH', '-', '-', ' -', ' -', '-', ' -', '-', '', -1, 2, 1584772520),
(40, 2, 0, 'M/S. SHREE RAYALASEEMA HI-STRENGTH & HYPO LTD, ', ' ANDHRA PRADESH', '-', '-', ' -', ' -', '-', ' -', '-', '', -1, 2, 1584772570),
(41, 2, 0, 'M/S. VISHNU CHEMICALS LTD,', ' ANDHRA PRADESH', '-', '-', ' -', ' -', '-', ' -', '-', '', -1, 2, 1584772630),
(42, 2, 0, 'M/S. DALMIA BHARAT SUGAR AND INDUSTIES LTD,  ', 'MAHARASHTRA', '-', '-', '-', '-', '-', '-', '-', '', -1, 2, 1584772699),
(43, 2, 0, 'M/S. DHUNSERI PETROCHEM & TEA LTD, ', ' WEST BENGAL', '-', '-', ' -', ' -', '-', ' -', '-', '', -1, 2, 1584772741),
(44, 2, 0, 'M/S. PARRY SUGARS REFINERY INDIA PVT LTD,', 'ANDHRA PRADESH', '-', '-', '  -', '  -', '-', '  -', '-', '', -1, 2, 1584772866),
(45, 2, 0, 'M/S. SHREE BASAVESHWAR SUGARS LTD, ', 'KARNATAKA', '-', '-', '-', '-', '-', '-', '-', '', -1, 2, 1584772923),
(46, 2, 0, 'M/S. PRATHY USHA POWERGEN PVT LTD, ', 'TAMILNADU', '-', '-', '-', '-', '-', '-', '-', '', -1, 2, 1584772964),
(47, 2, 0, 'M/S. SHREE RAJASTHAN SYNTEX LTD, ', 'RAJASTHAN', '-', '-', '-', '-', '-', '-', '-', '', -1, 2, 1584773008),
(48, 2, 0, 'M/S. IND -BHARAT ENERGIES LTD, ', 'MAHARASHTRA.', '-', '-', '-', '-', '-', '-', '-', '', -1, 2, 1584773049),
(49, 2, 0, 'M/S. SHYAM METALICS AND ENERGY LTD, ', 'ORISSA', '-', '-', '-', '-', '-', '-', '-', '', -1, 2, 1584773094),
(50, 2, 0, 'M/S. ARKAY ENERGY (RAMESWARM) LTD, ', 'TAMILNADU', '-', '-', ' -', ' -', '-', ' -', '-', '', -1, 2, 1584773155),
(51, 2, 0, 'M/S. MAXITHERM TECH PVT LTD,  ', 'TAMILNADU', '-', '-', ' -', ' -', '-', ' -', '-', '', -1, 2, 1584773225),
(52, 2, 0, 'M/S. BIO ENERGY SOLUTION LTD, ', ' SRI LANKA', '-', '-', ' -', ' -', '-', ' -', '-', '', -1, 2, 1584773265),
(53, 2, 0, 'M/S. KG DENIM LTD, ', 'TAMILNADU', '-', '-', '-', '-', '-', '-', '-', '', -1, 2, 1584773444),
(54, 2, 0, 'M/S. DR.REDDY’S LABORATORIES LTD,', ' ANDHRA PRADESH', '-', '-', ' -', ' -', '-', ' -', '-', '', -1, 2, 1584773545),
(55, 2, 0, 'M/S.MURUGAN REFINERIES PVT LTD, ', 'TAMILNADU', '-', '-', '-', '-', '-', '-', '-', '', -1, 2, 1584773598),
(56, 2, 0, 'M/S. UNITED BREWERIES LTD, ', 'MAHARASHTRA', '-', '-', '-', '-', '-', '-', '-', '', -1, 2, 1584774053),
(57, 2, 0, 'M/S. GARDEN SILK MILLS LTD, ', 'GUJARAT', '-', '-', '-', '-', '-', '-', '-', '', -1, 2, 1584774392),
(58, 2, 0, 'M/S. VINATI ORGANICS LTD,', 'MAHARASHTRA', '-', '-', '-', '-', '-', '-', '-', '', -1, 2, 1584774531),
(59, 2, 0, 'M/S. SHREE DURGA SYNTEX PVT LTD,', ' GUJARAT', '-', '-', '-', '-', '-', '-', '-', '', -1, 2, 1584774671),
(60, 2, 0, 'M/S. RAIC INTEGRATED SPONGE AND POWER PVT LTD,', 'WEST BENGAL', '-', '-', '-', '-', '-', '-', '-', '', -1, 2, 1584774759),
(61, 2, 0, 'M/S. PEARL DISTILLERY LTD,', ' ANDHRA PRADESH', '-', '-', ' -', ' -', '-', ' -', '-', '', -1, 2, 1584774823),
(62, 2, 0, 'M/S. COROMANDEL INTERNATIONAL LTD,', 'ANDHRA PRADESH', '-', '-', ' -', ' -', '-', ' -', '-', '', -1, 2, 1584774896),
(63, 2, 0, 'M/S. PRIVILEDGE INDUSTRIES LTD,', 'MAHARASHTRA', '-', '-', ' -', ' -', '-', ' -', '-', '', -1, 2, 1584774946),
(64, 2, 0, 'M/S. BHARAT PETROLEUM LTD,', 'KERALA', '-', '-', '-', '-', '-', '-', '-', '', -1, 2, 1584775011),
(65, 2, 0, 'M/S. DALMIA SUGAR & INDUSTRIES LTD, ', 'MAHARASHTRA', '-', '-', '-', '-', '-', '-', '-', '', -1, 2, 1584775077),
(66, 2, 0, 'M/S. MADHUCON  SUGAR & POWER INDUSTRIES LTD', ' TELANGANA', '-', '-', '-', '-', '-', '-', '-', '', -1, 2, 1584775168),
(67, 2, 0, 'M/S. KUMAR METAL, ', 'IVORY COAST, WEST AFRICA', '-', '-', ' -', ' -', '-', ' -', '-', '', -1, 2, 1584775889),
(68, 2, 0, 'M/S. BIOP STEELS & POWER LTD,', 'KARNATAKA', '-', '-', '-', '-', '-', '-', '-', '', -1, 2, 1584775979),
(69, 2, 0, 'M/S. HATSUN AGRO PRODUCTS LTD,', 'TAMILNADU', '-', '-', '-', '-', '-', '-', '-', '', -1, 2, 1584776010),
(70, 2, 0, 'M/S.ANAMALAI PAPER MILLS PVT LTD,', 'TAMILNADU', '-', '-', ' -', ' -', '-', ' -', '-', '', -1, 2, 1584776049),
(71, 2, 0, 'M/S. PRAKASH INDUSTRIES LTD, ', ' CHHATTISGARH', '-', '-', ' -', ' -', '-', ' -', '-', '', -1, 2, 1584776092),
(72, 2, 0, 'M/S. HASAN PULP AND PAPER MILLS LTD,', 'BANGLADESH.', '-', '-', '-', '-', '-', '-', '-', '', -1, 2, 1584776131),
(73, 2, 0, 'M/S. VANITEC LIMITED, ', 'TAMILNADU', '-', '-', '-', '-', '-', '-', '-', '', -1, 2, 1584776158),
(74, 2, 0, 'M/S.  BHIMSERIA AGRO PVT LTD, ', 'BIHAR', '-', '-', '-', '-', '-', '-', '-', '', -1, 2, 1584776236),
(75, 2, 0, 'M/S. THERMOTECH SYSTEMS LTD,', 'GUJARAT', '-', '-', '-', '-', '-', '-', '-', '', -1, 2, 1584778184),
(76, 2, 0, 'M/S. ATC TYRES PVT LTD,', 'TAMILNADU', '-', '-', '-', '-', '-', '-', '-', '', -1, 2, 1584778357),
(77, 2, 0, 'M/S, THAI MULTI SUGAR INDUSTRY CO LTD, ', 'THAILAND', '-', '-', '-', '-', '-', '-', '-', '', -1, 2, 1584778409),
(78, 2, 0, 'M/S. VAMSHADHARA PAPER MILLS LTD,', ' ANDHRA PRADESH', '-', '-', ' -', ' -', '-', ' -', '-', '', -1, 2, 1584778447),
(79, 1, 0, 'M/S. GARDEN SILK MILLS LTD,', 'SURAT, GUJARAT.', '18 + 21 MW', 'CO-GEN', 'CETHAR', 'AFBC', '2 X 93 TPH', 'COAL', 'POWER PLANT', '', -1, 2, 1589430263),
(80, 1, 0, 'M/S. PARRY SUGARS REFINERY INDIA PVT LTD,', 'KAKINADA, ANDHRA PRADESH', '10 MW', 'CO-GEN', 'VEESONS', 'AFBC', '1 X 95 TPH', 'COAL', 'POWER PLANT', '', -1, 2, 1589430340),
(81, 1, 0, 'M/S. PARRY SUGARS REFINERY INDIA PVT LTD,', 'KAKINADA, ANDHRA PRADESH.', '35 MW', 'CCPP', '----', '----', '----', 'NATURAL GAS', 'FSNL OPERATION OF GAS TURBINE', '', -1, 2, 1589430586),
(82, 1, 0, 'M/S. GOA SPONGE & POWER LTD,', 'GOA.', '12 MW', 'CPP', 'CETHAR', 'AFBC + WHRB', ' 1 X 22 TPH + 1 X 38 TPH', 'COAL + SPONGE IRON KILN EXHAUST GAS', 'POWER PLANT', '', -1, 2, 1589430661),
(83, 1, 0, 'M/S. BIOP STEELS & POWER PVT LTD,', 'ANATHAPUR DIST. ANDHRA PRADESH.', '6 MW', 'CPP', 'VEESONS', 'AFBC + WHRB', '1 X 18 TPH + 2 X 11 TPH', ' COAL + SPONGE IRON KILN EXHAUST GAS', 'POWER PLANT', '', -1, 2, 1589430884),
(84, 1, 0, 'M/S. SHREE DURGA SYNTEX PVT LTD,', 'SURAT, GUJARAT', '15 MW', 'CPP', 'HI-TECH ENGG.', 'AFBC', '1 X 70 TPH', 'COAL', 'POWER PLANT', '', -1, 2, 1589430982),
(85, 1, 0, 'M/S. VISHNU CHEMICALS LTD,', 'VIZAG, ANDHRA PRADESH', '3 MW', 'CO-GEN', 'ZHENG ZHOU', 'CFBC', '1 X 35 TPH', 'COAL', 'POWER PLANT', '', -1, 2, 1589431070),
(86, 1, 0, 'M/S. VINATI ORGANICS LTD,', 'CHIPLUN, MAHARASHTRA', '8.72 MW', 'CO-GEN', 'CETHAR', 'AFBC', '1 X 54 TPH', 'COAL', 'POWER PLANT', '', -1, 2, 1589431212),
(87, 1, 0, ' M/S. DALMIA CEMENT BHARAT LTD,', 'DALMIYAPURAM, TAMILNADU', '18 + 27 MW', 'CPP', 'CETHAR', 'AFBC', '1 X 90 TPH + 1 X 125 TPH', 'COAL / LIGNITE / PET COKE', 'POWER PLANT', '', -1, 2, 1589431277),
(88, 1, 0, 'M/S.RAIC INTEGRATED SPONGE AND POWER PVT LTD,', 'ASANSOL, WEST BENGAL', ' 10 MW', 'CPP', 'HI-TECH ENGG', 'AFBC + WHRB', ' 1 X 22 TPH + 3 X 10 TPH', 'COAL + SPONGE IRON KILN EXHAUST GAS', 'POWER PLANT', '', -1, 2, 1589431357),
(89, 1, 0, 'M/S.RAIC INTEGRATED SPONGE AND POWER PVT LTD,', 'ASANSOL, WEST BENGAL', ' 10 MW', 'CPP', 'HI-TECH ENGG', 'AFBC + WHRB', ' 1 X 22 TPH + 3 X 10 TPH', 'COAL + SPONGE IRON KILN EXHAUST GAS', 'POWER PLANT', '', -1, 2, 1589431357),
(90, 1, 0, 'M/S. SINEWAVE BIO MASS PVT LTD,', 'SANGLI, MAHARASTRA', '10 MW', 'CPP', 'CETHAR', 'TRAVELING GRATE', '1 X 45 TPH', 'BIO MASS', 'POWER PLANT', '', -1, 2, 1589431481),
(91, 1, 0, ' M/S.PEARL DISTILLERY LTD,', 'PRAKASAM, ANDHRA PRADESH', '4.22 MW', ' CO-GEN', 'THERMAX', 'AFBC', '1 X 32 TPH', 'POWER PLANT', 'SIEMENS', '', -1, 2, 1589431561),
(92, 1, 0, 'M/S. MANGAL SPONGE AND STEEL PVT LTD,', 'BILHA, CHATTISGARH', ' 12 MW', 'CPP', 'IJT + CHEMA BOILERS', 'AFBC + WHRB', '1 X 40 TPH + 2 X 10 TPH', 'COAL / DOLETURE / HUSK', 'POWER PLANT', '', -1, 2, 1589431631),
(93, 1, 0, 'M/S. CORAMANDEL INTERNATIONAL LTD,', 'VIZAG, ANDHRA PRADESH', '6.7 MW', 'CO-GEN', 'THERMAL SYSTEM', 'AFBC', '1 X 45 TPH', ' COAL', 'POWER PLANT', '', -1, 2, 1589431705),
(94, 1, 0, ' M/S. AUROBINDO PHARMA LTD,', 'SANGAREDDY, TELANGANA', '4.55 MW', 'CO-GEN', 'THERMAX', 'AFBC', ' 1 X 35 TPH', 'COAL', 'POWER PLANT', '', -1, 2, 1589431760),
(95, 1, 0, 'M/S. ARS ENERGY PVT LTD,', 'GUMMIDIPOONDI, TAMILNADU', '60 MW', 'CPP', 'CETHAR', 'CFBC', '1 X 240 TPH', 'COAL', 'POWER PLANT', '', -1, 2, 1589431945),
(96, 1, 0, 'M/S. HETRO INFRASTRUCTURE SEZ LTD, ', 'VIZAG, ANDHRA PRADESH.', '6.1 MW', 'CO-GEN', 'THERMAX', 'AFBC', '1 X 45 TPH', 'COAL', 'POWER PLANT', '', -1, 2, 1589432643),
(97, 1, 0, 'M/S. BHARAT OMAN REFINERIES LTD, ', ' BINA, MADHYA PRADESH', '-', 'BOILER', ' IJT', ' OIL & GAS FIRED BOILER', '1 x 160 TPH', ' RFO / SKO / GAS OIL', 'BOILER PLANT', '', -1, 2, 1589432713),
(98, 1, 0, 'M/S. NADHI BIO PRODUCTS PVT LTD, ', 'KURNOOL, ANDHRA PRADESH', '2.5 MW', 'CO-GEN', 'CETHAR', 'AFBC', '1 x 25 TPH', 'COAL / RICE HUSK', 'POWER PLANT', '', -1, 2, 1589432910),
(99, 1, 0, 'M/S. PRATHY USHA POWERGEN PVT LTD,', 'TIRUNELVELI, TAMILNADU.', '10 MW', 'IPP', 'THERMODYNE', 'TRAVELING GRATE', '1 x 45 TPH', 'BIO MASS / COAL', 'POWER PLANT', '', -1, 2, 1589433048),
(100, 1, 0, 'M/S. INDSIL ENERGY AND ELECTRO CHEMICALS LIMITED,', 'RAIPUR, CHATTISGHAR.', '12 MW', 'CPP', 'CETHAR', 'AFBC', '1 X 50 TPH', 'COAL', 'POWER PLANT', '', -1, 2, 1589433145),
(101, 1, 0, 'M/S. MANIGARH CEMENT LTD,', 'CHANDRAPUR, MAHARASHTRA.', '60 MW', 'CPP', 'CETHAR', 'CFBC', '1 X 230 TPH ', 'COAL', 'POWER PLANT', '', -1, 2, 1589433202),
(102, 3, 0, 'TNPL', 'TN', '2 MW', 'CPP', 'CVL', '', '15 TPH', '', '', '', -1, 2, 1597828500),
(103, 1, 0, 'M/S. GOA SPONGE & POWER LTD,', 'Goa', '12 MW', '', '', '', '38 TPH', '', '', '', -1, 2, 1597828851),
(104, 2, 0, 'M/S. DALMIACEMENTS BHARAT LIMITED,', ' ARIYALUR, TN.', '27 MW', '', '', '', '125 TPH', '', '', '', -1, 2, 1598244806),
(105, 1, 0, 'M/S. GARDEN SILK MILLS LTD, ', 'SURAT, GUJARAT.', '18 MW', '', '', '', '93 TPH', '', '', '', -1, 2, 1598609226),
(106, 1, 0, ' M/S. SHREE DURGA SYNTEX PV LTD, ', 'SURAT, GUJARAT', '15 MW', '', '', '', '70 TPH', '', '', '', -1, 2, 1598609437),
(107, 13, 0, 'M/S. VANDHANA VIDHUT LIMITED, ', 'KORBA, CHATTISGARH.', '135 MW', '', '', '', '454 TPH', '', '', '', -1, 2, 1598609547),
(108, 13, 0, 'M/S. ABHINAV STEELS & POWER  LTD, ', 'JAUNPUR, UTTAR PRADESH.', '60 MW', '', '', '', '250 TPH', '', '', '', -1, 2, 1598609603),
(109, 4, 0, 'M/S. SUGUNA FOODS PVT LTD,', ' NAGPUR, MAHARASHTRA.', '3 MW', '', '', '', '20 TPH', '', '', '', -1, 2, 1598609700),
(110, 4, 0, 'M/S. PRATHYUSHA POWER GEN PVT. LTD, ', 'TIRUNELVELI, ', '10 MW', '', '', '', '45 TPH', '', '', '', -1, 2, 1598609757),
(111, 1, 0, 'M/S.GARDEN SILKS MILLS LTD, ', 'SURAT, GJ.', '18 mw', 'CO-GEN', 'CVL', 'AFBC', '93 TPH', 'COAL', '-', '', -1, 2, 1599301462),
(112, 1, 0, 'M/S.GARDEN SILKS MILLS LTD,', ' SURAT, GJ.', '18 MW', '', '', '', '93 TPH', '', '', '', -1, 2, 1599305899),
(113, 1, 0, 'M/S.GARDEN SILKS MILLS LTD,', 'SURAT, GJ.', '21 MW', '', '', '', '93 TPH', '', '', '', -1, 2, 1599305931),
(114, 2, 0, 'M/S. DALMIA CEMENT BHARAT LIMITED, ARIYALUR, TN', '', '27 MW', '', '', '', '125 TPH', '', '', '', -1, 2, 1599306118),
(115, 4, 0, 'M/S.BANSWARA SYNTEX LTD, BANSWARA, RJ.', '', '2 X 15 MW', '', '', '', '75 TPH', '', '', '', -1, 2, 1599306245),
(116, 8, 0, 'XXX', '', 'XXX', '', 'XXX', '', '', '', 'XXX', '', -1, 2, 1599306282),
(117, 13, 0, 'AAA', '', 'AAA', '', 'AAA', '', 'AAA', '', '', '', -1, 2, 1599306341),
(118, 4, 0, 'A', '', 'a', '', 'a', '', 'a', '', '', '', -1, 2, 1599308972),
(119, 4, 0, 'M/S. BANSWARA SYNTEX LTD, RJ.', '  ', '2 x 15 TPH', '', '  ', '  ', '75 TPH', '  ', '', '', -1, 2, 1599463497),
(120, 4, 0, 'M/S.GOPANI IRON & POWER (INDIA) LTD, MH.', '  ', '15 MW', '', '  ', '  ', '1 x 45 TPH & 4 x 10 TPH', '  ', '', '', -1, 2, 1599463566);

-- --------------------------------------------------------

--
-- Table structure for table `experience_list1`
--

CREATE TABLE `experience_list1` (
  `expr_id` int(11) NOT NULL,
  `srcat_id` int(11) NOT NULL,
  `srsbcat_id` int(11) NOT NULL,
  `cmr_nme` varchar(100) NOT NULL,
  `cmr_loc` varchar(200) NOT NULL,
  `plant_capacity` varchar(50) NOT NULL,
  `plant_typ` varchar(100) NOT NULL,
  `boil_mnf` varchar(100) NOT NULL,
  `boil_typ` varchar(100) NOT NULL,
  `boil_capacity` varchar(100) NOT NULL,
  `fuel` varchar(100) NOT NULL,
  `om_scope` varchar(200) NOT NULL,
  `pjt_img` text NOT NULL,
  `status` int(11) NOT NULL,
  `crt_by` int(11) NOT NULL,
  `crt_stm` int(11) NOT NULL
) ENGINE=InnoDB DEFAULT CHARSET=latin1;

--
-- Dumping data for table `experience_list1`
--

INSERT INTO `experience_list1` (`expr_id`, `srcat_id`, `srsbcat_id`, `cmr_nme`, `cmr_loc`, `plant_capacity`, `plant_typ`, `boil_mnf`, `boil_typ`, `boil_capacity`, `fuel`, `om_scope`, `pjt_img`, `status`, `crt_by`, `crt_stm`) VALUES
(1, 5, 0, 'GARDEN SILKS', ' Surat', '8 MW', 'Co-Gen', ' CETHAR', ' COAL FIRED', '50 TPH', ' Coal', 'Power Plant', '', -1, 2, 1565363140),
(2, 3, 0, 'Garden Silk', 'Surat', '10 MW', 'Power Plant', 'Cethar', 'Coal Fired', '110 TPH', 'Coal', 'Power Plant', '', -1, 2, 1565591567),
(3, 3, 0, 'Garden Silk', 'Surat', '10 MW', 'Power Plant', 'Cethar', 'Coal Fired', '110 TPH', 'Coal', 'Power Plant', '', -1, 2, 1565591577),
(4, 4, 0, 'M/S. Banswara Syntex Ltd', ' Banswara, Rajasthan. ', '2 x 15 MW', 'Co-Gen', ' Cethat', ' AFBC', '75 TPH', ' Coal', '-', '', -1, 2, 1565861365),
(5, 4, 0, 'M/S. GOPANI IRON & POWER(INDIA) LTD', 'Chandrapur', '15 MW', 'Captive', '-', 'AFBC/WHRB', '1 x 45 tph / 4x10 TPH', 'Coal', '-', '', -1, 2, 1566386300),
(6, 1, 0, 'M/S. PARRY SUGARS REFINERY INDIA PRIVATE LTD,', 'Kakinada, AP. ', '10 mw', 'co-gEN', 'VEESON', 'AFBC', '95 tph', 'COAL', 'POWER PLANT', '', -1, 2, 1566498383),
(7, 2, 0, 'M/S. VANDHANA VIDHUT LIMITED, KORBA, ', 'Chattisgarh. ', '135MW', 'IPP ', '-', 'PC', '454 TPH', 'COAL', '-', '', -1, 2, 1566498515),
(8, 6, 0, 'M/S. INDSIL ENERGY AND ELECTROCHEMICALS PVT. LTD', 'Raipur, CH. ', '-', '-', '-', '-', '-', '-', 'Overhauling of Power plant', '', -1, 2, 1566498665),
(9, 6, 0, 'M/S. SREE RENGARAJ ISPAT LTD, ', 'Perundurai, TN', '-', '-', '-', '-', '-', '-', 'RLA study for carbon steel super heater header', '', -1, 2, 1566519572),
(10, 7, 0, 'M/S. BIOP STEELS & POWER LTD.', 'Bellary, Karnataka.', '6MW', 'CPP', '-', 'AFBC', '18 TPH', 'Coal ', '-', '', -1, 2, 1566520128),
(11, 1, 0, 'M/S. GARDEN SILK MILLS LTD,', 'Surat, Gujarat. ', '18MW', 'Co-Gen', 'Cethar', 'AFBC', '93 TPH 	', 'COAL', 'POWER PLANT', '', -1, 2, 1566520380),
(12, 1, 0, 'M/S. GARDEN SILK MILLS LTD', 'Surat, Gujarat. ', '21MW', 'Co-Gen 	', 'Cethar', 'AFBC ', '93 TPH 	', 'COAL', 'POWER PLANT', '', -1, 2, 1566520502),
(13, 1, 0, 'M/S. HETERO INFRASTRUCTURE SEZ LIMITED', 'Vizag, AP. ', '6.1MW 	', 'Co-Gen ', 'Thermax', 'AFBC ', '45 TPH', 'Coal ', 'POWER PLANT', '', -1, 2, 1566520653),
(14, 1, 0, 'M/S. GARDEN SILK MILLS LTD', 'SURAT, GUJARAT', '18 MW', 'CO-GEN', 'CETHAR', 'AFBC', '93 TPH', 'COAL', 'POWER PLANT', '', 1, 2, 1571312799),
(15, 1, 0, 'M/S. GARDEN SILK MILLS LTD', 'SURAT, GUJARAT.', '21 MW', 'CO-GEN', 'CETHAR', 'AFBC', '93 TPH', 'COAL', 'POWER PLANT', '', 1, 2, 1571313000),
(16, 1, 0, 'PARRY SUGARS REFINERY INDIA  PRIVATE LTD', 'KAKINADA, ANDHRA PRADESH', '10 MW', 'CO-GEN', 'VEESONS', 'AFBC', '95 TPH', 'COAL', 'POWER PLANT', '', 0, 2, 1571313128),
(17, 1, 0, 'M/S. HETERO INFRASTRUCTURE SEZ LIMITED, ', 'VIZAG, ANDHRA PRADESH', '6.1 MW', 'CO-GEN', 'THERMAX', 'AFBC', '45 TPH', 'COAL', 'POWER PLANT', '', 0, 2, 1571313200),
(18, 1, 0, 'M/S. PARRY SUGARS REFINERY INDIA PRIVATE LTD', 'KAKINADA, ANDHRA PRADESH', '35 MW', 'CCPP', '-', '-', '-', 'NATURAL GAS', 'FSNL OPERATION OF GAS TURBINE', '', 0, 2, 1571313282),
(19, 1, 0, ' M/S. GOA SPONGE & POWER LTD', 'GOA', '12 MW', 'CPP', 'CETHAR', 'WHRB ', '38 TPH', 'SPONGE IRON KILN EXHAUST GAS', 'POWER PLANT', '', 0, 2, 1571313345),
(20, 1, 0, 'M/S. BIOP STEELS & POWER PVT. LTD', 'ANATHAPUR, ANDHRA PRADESH', ' 6 MW', ' CPP', 'VEESONS', 'AFBC', '22 TPH', ' COAL', ' POWER PLANT', '', 0, 2, 1571313664),
(21, 1, 0, 'M/S. SHREE DURGA SYNTEX PV LTD', 'SURAT, GUJARAT', ' 15 MW', ' CPP', 'HI-TECH ENGINEERING\r\n', 'AFBC', '70 TPH', ' COAL', ' POWER PLANT', '', 0, 2, 1571313793),
(22, 1, 0, 'M/S. ARS ENERGY PRIVATE LTD', 'GUMMIDIPOONDI, TAMILNADU', '60 MW', 'CPP', 'CETHAR', 'CFBC', '240 TPH', 'COAL', 'POWER PLANT', '', 0, 2, 1571313850),
(23, 1, 0, 'M/S. VISHNU CHEMICALS LIMITED', 'VIZAG, ANDHRA PRADESH', '3 MW', 'CO-GEN', 'ZHENG ZHOU', 'CFBC', '35 TPH', 'COAL', 'POWER PLANT', '', 0, 2, 1571313926),
(24, 1, 0, 'M/S. VINATI ORGANICS LTD', 'CHIPLUN,MAHARASHTRA', '8.72 MW', 'CO-GEN', 'CETHAR', 'AFBC', '54 TPH', 'COAL ', 'POWER PLANT', '', 0, 2, 1571314058),
(25, 1, 0, 'M/S. DALMIA CEMENT BHARAT LIMITED', 'DALMIYAPURAM, TAMILNADU', '18 MW', 'CPP', 'CETHAR', 'AFBC', '90 TPH', 'COAL / LIGNITE/ PETCOKE', 'POWER PLANT', '', 0, 2, 1571314111),
(26, 1, 0, 'M/S. DALMIA CEMENT BHARAT LIMITED', 'DALMIYAPURAM, TAMILNADU', '27 MW', 'CPP', 'CETHAR', 'AFBC', '125 TPH', 'COAL / LIGNITE/ PETCOKE', 'POWER PLANT', '', 0, 2, 1571314157),
(27, 1, 0, 'M/S.RAIC INTEGRATED SPONGE AND POWER PRIVATE LIMITED', 'ASANSOL, WEST BENGAL.', '10 MW', 'CPP', 'HI-TECH', 'AFBC', '22 TPH', 'COAL', 'POWER PLANT', '', 0, 2, 1571314208),
(28, 1, 0, 'M/S.RAIC INTEGRATED SPONGE AND POWER PRIVATE LIMITED', 'ASANSOL, WEST BENGAL', '-', 'CPP', 'HI-TECH', 'WHRB', '3 X 10 TPH ', 'SPONGE IRON KILN EXHAUST GAS', 'POWER PLANT', '', 0, 2, 1571314348),
(29, 1, 0, 'M/S.SINEWAVE BIO MASS PRIVATE LTD', 'SANGLI, MAHARASHTRA', ' 10 MW', ' CPP', '\r\nCETHAR\r\n', 'TRAVELING GRATE', '45 TPH', 'BIO MASS', 'POWER PLANT', '', 0, 2, 1571314585),
(30, 1, 0, 'M/S.PEARL DISTILLERY LIMITED', 'PRAKASAM, ANDHRAPRADESH', '4.22 MW', 'CO-GEN', 'THERMAX', 'AFBC', '32 TPH', 'COAL', 'POWER PLANT', '', 0, 2, 1571314623),
(31, 1, 0, 'M/S. MANGAL SPONGE AND STEEL PVT LTD', 'BILHA, CHHATTISGARH', '12 MW', 'CPP', 'IJT', 'AFBC', '40 TPH', 'COAL / DOLETURE /HUSK', 'POWER PLANT', '', 0, 2, 1571314796),
(32, 1, 0, 'M/S. MANGAL SPONGE AND STEEL PVT LTD', 'BILHA, CHHATTISGARH', '12 MW', 'CPP', 'CHEMA BOILERS', 'WHRB', '2 X10 TPH', 'COAL / DOLETURE /HUSK', 'POWER PLANT', '', 0, 2, 1571314905),
(33, 1, 0, 'M/S. CORAMANDEL INTERNATIONAL LIMITED', 'VIZAG,ANDHRAPRADESH', '6.7 MW', 'CO-GEN', 'THERMAL SYSTEM', 'AFBC', '45 TPH', 'COAL', 'POWER PLANT', '', 0, 2, 1571314956),
(34, 1, 0, 'A', ' A', 'A', 'A', ' A', ' A', 'A', 'Coal', 'A', '', 0, 2, 1571315069),
(35, 6, 0, 'RAM', '', 'Chennai', '', '', '', '', '', '', '', 0, 2, 1573665770),
(36, 6, 0, 'RAM', '', 'Chennai', '', '', '', '', '', '', '', 0, 2, 1573666434);

-- --------------------------------------------------------

--
-- Table structure for table `job_descriptions`
--

CREATE TABLE `job_descriptions` (
  `jd_id` int(11) NOT NULL,
  `jpos_id` int(11) NOT NULL,
  `jd_code` varchar(100) NOT NULL,
  `descr` varchar(1000) NOT NULL,
  `crt_by` int(11) NOT NULL,
  `crt_stm` int(11) NOT NULL,
  `status` int(11) NOT NULL
) ENGINE=InnoDB DEFAULT CHARSET=latin1;

--
-- Dumping data for table `job_descriptions`
--

INSERT INTO `job_descriptions` (`jd_id`, `jpos_id`, `jd_code`, `descr`, `crt_by`, `crt_stm`, `status`) VALUES
(1, 6, 'WTP', 'WTP CHEMIST CUM OPERATOR  WITH GOOD EXPERIENCE WHO CAN HANDLE INDEPENDENTLY THE ENTIRE OPERATION AND MAINTENANCE  OF THE WTP, LAB AND  BOILER WATER CHEMISTRY FOR POWER PLANT.', 2, 1565850795, 0),
(2, 4, 'BOE1', 'BOILER OPERATOR WITH GOOD EXPERIENCE WHO CAN HANDLE INDEPENDENTLY THE ENTIRE OPERATION OF THE COAL FIRED BOILER , OIL FIRED BOILER AND OTHER TYPES OF BOILER OF VARIOUS CAPACITY. FUEL EFFICIENCY, ENERGY EFFICIENCY ARE THE MAIN FACTORS. ', 2, 1566499773, 0),
(3, 7, 'E101', 'ELECTRICIAN IS THE INCHARGE FOR ALL KINDS OF ELECTRICAL WORKS IN THE PLANT OF THE CLIENT', 2, 1570435567, 0),
(4, 18, 'EE', 'ELECTRICAL ENGINEER  IS THE INCHARGE FOR ALL KINDS OF ELECTRICAL WORKS IN THE PLANT OF THE CLIENT', 2, 1577874662, 0),
(5, 18, 'EE', 'ELECTRICAL ENGINEER IS THE INCHARGE FOR ALL KINDS OF ELECTRICAL WORKS IN THE PLANT OF THE CLIENT', 2, 1579001742, 0),
(6, 18, 'EE', 'ELECTRICIAN IS THE INCHARGE FOR ALL KINDS OF ELECTRICAL WORKS IN THE PLANT OF THE CLIENT', 2, 1579002150, 0),
(7, 42, 'WOCC', 'WTP CHEMIST CUM OPERATOR WITH GOOD EXPERIENCE WHO CAN HANDLE INDEPENDENTLY THE ENTIRE OPERATION AND MAINTENANCE OF THE WTP, LAB AND BOILER WATER CHEMISTRY FOR POWER PLANT', 2, 1580464686, 0),
(8, 39, 'WC', 'WTP CHEMIST CUM OPERATOR WITH GOOD EXPERIENCE WHO CAN HANDLE INDEPENDENTLY THE ENTIRE OPERATION AND MAINTENANCE OF THE WTP, LAB AND BOILER WATER CHEMISTRY FOR POWER PLANT.', 2, 1580465095, 0),
(9, 45, 'HR01', 'HR MANAGER IS RESPONSIBLE FOR ALL RECRUITMENT ACTIVITIES OF THE COMPANY', 2, 1582615114, 0),
(10, 32, 'PM001', 'RESPONSIBLE FOR THE WHOLE OPERATION OF THE PLANT MANAGING A TEAM OF EXPERTS AND AS WELL AS TRAINEES AND TO SHOW THE EXPECTED LEVEL OF PERFORMANCE ', 2, 1583824299, 0),
(11, 29, 'MWF', 'MILLWRIGHTS WORK IN  POWER PLANTS SETTINGS TO MOVE, ASSEMBLE, INSTALL OR DISMANTLE MACHINERY. THEY ARE INCREDIBLY SKILLED AT THEIR JOB, UNDERSTANDING HOW A NUMBER OF DIFFERENT MACHINES WORK AFTER READING COMPLICATED TECHNICAL PLANS', 2, 1584101024, 0),
(12, 25, 'INST TECH', 'INSTRUMENTATION IS THE INCHARGE FOR ALL KINDS OF ELECTRICAL WORKS IN THE PLANT OF THE CLIENT', 2, 1584676938, 0),
(13, 16, 'E&I IC', 'ELECTRICAL ENGINEER IS THE INCHARGE FOR ALL KINDS OF ELECTRICAL WORKS IN THE PLANT OF THE CLIENT', 2, 1584678337, 0),
(14, 19, 'ESS', 'ELECTRICAL ENGINEER IS THE INCHARGE FOR ALL KINDS OF ELECTRICAL WORKS IN THE PLANT OF THE CLIENT', 2, 1584678485, 0),
(15, 21, 'WEL', 'WELDER WORK IN POWER PLANTS SETTINGS TO MOVE, ASSEMBLE, INSTALL OR DISMANTLE MACHINERY. THEY ARE INCREDIBLY SKILLED AT THEIR JOB, UNDERSTANDING HOW A NUMBER OF DIFFERENT MACHINES WORK AFTER READING COMPLICATED TECHNICAL PLANS', 2, 1584678667, 0);

-- --------------------------------------------------------

--
-- Table structure for table `job_positions`
--

CREATE TABLE `job_positions` (
  `jpos_id` int(11) NOT NULL,
  `name` varchar(50) NOT NULL,
  `crt_by` int(11) NOT NULL,
  `crt_stm` int(11) NOT NULL,
  `status` int(11) NOT NULL
) ENGINE=InnoDB DEFAULT CHARSET=latin1;

--
-- Dumping data for table `job_positions`
--

INSERT INTO `job_positions` (`jpos_id`, `name`, `crt_by`, `crt_stm`, `status`) VALUES
(1, 'FITTER', 2, 1565062700, -1),
(2, 'WELDER', 2, 1565062711, -1),
(3, 'SHIFT INCHARGE', 2, 1565062723, -1),
(4, 'BOILER OPERATOR', 2, 1565062741, -1),
(5, 'OPERATION MANAGER', 2, 1565062770, -1),
(6, 'CHEMIST CUM OPERATOR', 2, 1565800505, -1),
(7, 'ELECTRICIAN', 2, 1570435397, -1),
(8, 'BOILER OPERATOR', 2, 1570435498, -1),
(9, 'ADMIN CUM SAFETY', 2, 1577873764, 0),
(10, 'ADMIN EXECUTIVE', 2, 1577873777, 0),
(11, 'AHS  OPERATOR', 2, 1577873785, 0),
(12, 'BOILER DESK  ENGINEER', 2, 1577873794, 0),
(13, 'BOILER FIELD OPERATOR', 2, 1577873803, 0),
(14, 'CHP OPERATOR', 2, 1577873827, 0),
(15, 'ELECTRICAL  TECHNICIAN', 2, 1577873836, 0),
(16, 'ELECTRICAL & INSTRUMENTATION INCHARGE', 2, 1577873849, 0),
(17, 'ELECTRICAL INCHARGE', 2, 1577873900, 0),
(18, 'ELECTRICAL SHIFT ENGINEER', 2, 1577873908, 0),
(19, 'ELECTRICAL SHIFT SUPERVISOR', 2, 1577873916, 0),
(20, 'FITTER', 2, 1577873925, 0),
(21, 'WELDER', 2, 1577873932, 0),
(22, 'MECHANICAL HELPER', 2, 1577873942, 0),
(23, 'IBR WELDER', 2, 1577873950, 0),
(24, 'INSTRUMENTATION SHIFT ENGINEER', 2, 1577873968, 0),
(25, 'INSTRUMENTATION TECHNICIAN', 2, 1577873977, 0),
(26, 'MAINTENANCE MECHANICAL ENGINEER', 2, 1577873991, 0),
(27, 'MAINTENANCE MECHANICAL FOREMAN', 2, 1577874005, 0),
(28, 'MAINTENANCE MECHANICAL INCHARGE', 2, 1577874018, 0),
(29, 'MILL WRIGHT FITTER', 2, 1577874027, 0),
(30, 'OPERATION INCHARGE', 2, 1577874037, 0),
(31, 'PERFORMANCE MONITORING ENGINEER', 2, 1577874045, 0),
(32, 'PLANT MANAGER / INCHARGE', 2, 1577874053, 0),
(33, 'SAFETY EXECUTIVE', 2, 1577874063, 0),
(34, 'SHIFT INCHARGE', 2, 1577874073, 0),
(35, 'SR. TECHNICIAN - INSTRUMENTATION', 2, 1577874083, 0),
(36, 'SR. TECHNICIAN- ELECTRICAL', 2, 1577874093, 0),
(37, 'TURBINE DESK ENGINEER', 2, 1577874100, 0),
(38, 'TURBINE FIELD OPERATOR', 2, 1577874108, 0),
(39, 'WTP CHEMIST', 2, 1577874116, 0),
(40, 'WTP INCHARGE', 2, 1577874125, 0),
(41, 'WTP OPERATOR', 2, 1577874136, 0),
(42, 'WTP OPERATOR CUM CHEMIST', 2, 1577874149, 0),
(43, 'ENERGY AUDITOR', 2, 1577874158, 0),
(44, 'STORES INCHARGE', 2, 1577874166, 0),
(45, 'HR MANAGER ', 2, 1582615052, 0),
(46, 'ELECTRICAL TRAINEE', 2, 1584678971, 0),
(47, 'MECHANICAL TRAINEE', 2, 1584678989, 0),
(48, 'WTP TRAINEE', 2, 1584679004, 0);

-- --------------------------------------------------------

--
-- Table structure for table `location_list`
--

CREATE TABLE `location_list` (
  `loc_id` int(11) NOT NULL,
  `name` varchar(50) NOT NULL,
  `descr` varchar(150) NOT NULL,
  `crt_stm` int(11) NOT NULL,
  `crt_by` int(11) NOT NULL,
  `status` int(11) NOT NULL
) ENGINE=InnoDB DEFAULT CHARSET=latin1;

--
-- Dumping data for table `location_list`
--

INSERT INTO `location_list` (`loc_id`, `name`, `descr`, `crt_stm`, `crt_by`, `status`) VALUES
(1, 'THANE', '', 2019, 0, -1),
(2, 'SURAT', '', 1565033238, 2, -1),
(3, 'MAHARASHTRA - CHIPLUN', '', 1565033495, 2, 0),
(4, 'KARNATAKA - BELLARY', '', 1565800030, 2, 0),
(5, 'TELANGANA - SANGAREDDY', '', 1566499475, 2, 0),
(6, 'SRILANKA', '', 1566499493, 2, -1),
(7, 'NEPAL', '', 1566499504, 2, -1),
(8, 'RAIPUR', '', 1567845556, 2, -1),
(9, 'DELHI', '', 1570435249, 2, -1),
(10, 'TIRUCHIRAPALLI', '', 1577445104, 2, -1),
(11, 'GUJARAT - SURAT', '', 1577446402, 2, 0),
(12, 'TAMIL NADU - GUMMIDIPOONDI ', '', 1577446467, 2, 0),
(13, 'TAMIL NADU - DALMIAPURAM ', '', 1577446494, 2, 0),
(14, 'TAMIL NADU - TIRUCHIRAPALLI ', '', 1577446534, 2, 0),
(15, 'ANDHRA PRADESH - VIZAG', '', 1577449919, 2, 0),
(16, 'ANDHRA PRADESH - NAKKAPALLI', '', 1577449935, 2, 0),
(17, 'ANDHRA PRADESH - KAKINADA', '', 1577449950, 2, 0),
(18, 'ANDHRA PRADESH - PRAKASAM', '', 1577449970, 2, 0),
(19, 'WEST BENGAL - ASANSOL', '', 1577450050, 2, 0),
(20, 'CHHATTISGARH - BILASPUR', '', 1577450080, 2, 0),
(21, 'MAHARASHTRA - SANGLI', '', 1577450107, 2, 0),
(22, 'GOA - SOUTH GOA', '', 1577450188, 2, 0),
(23, 'ANDHRA PRADESH - ANAKKAPALLY', '', 1577450311, 2, 0),
(24, 'ANDHRA PRADESH - NAKKAPALLY', '', 1577450337, 2, -1),
(25, 'TAMIL NADU - TIRUCHIRAPPALLI', '', 1582614822, 2, 0),
(26, 'KAKINADA ', '', 1583841228, 2, -1);

-- --------------------------------------------------------

--
-- Table structure for table `mainmenu`
--

CREATE TABLE `mainmenu` (
  `mid` int(11) NOT NULL,
  `status` int(11) NOT NULL,
  `mn_name` varchar(50) NOT NULL,
  `mn_order` int(11) NOT NULL,
  `link` varchar(50) NOT NULL,
  `rel` varchar(50) NOT NULL,
  `sb_rel` int(11) NOT NULL,
  `sb_icon` varchar(10) NOT NULL
) ENGINE=MyISAM DEFAULT CHARSET=utf8;

--
-- Dumping data for table `mainmenu`
--

INSERT INTO `mainmenu` (`mid`, `status`, `mn_name`, `mn_order`, `link`, `rel`, `sb_rel`, `sb_icon`) VALUES
(1, 0, 'Dashboard', 1, '../dashboard/', '', 0, 'graph'),
(2, 0, 'Services', 2, '../services/', 'menu1', 1, 'network'),
(3, -1, 'Products', 3, '../products/', 'menu2', 1, 'note2'),
(4, 0, 'Perfomances', 4, '../perfomances/', 'menu3', 1, 'note2'),
(5, 0, 'Enquiries', 5, '../others/', 'menu4', 1, 'science'),
(6, 0, 'Gallery', 7, '../gallery/', 'menu5', 1, 'note2'),
(7, 0, 'Clients', 7, '../others/', 'menu6', 1, 'science'),
(8, 0, 'Career', 0, '../career/', 'menu7', 1, 'science'),
(9, 0, 'HR Repository', 0, '../hrrepo/', 'menu8', 1, 'user'),
(10, 0, 'User Setting', 0, '../users/', 'menu8', 1, 'user');

-- --------------------------------------------------------

--
-- Table structure for table `monthly_perfomances`
--

CREATE TABLE `monthly_perfomances` (
  `prf_id` int(11) NOT NULL,
  `title` varchar(200) NOT NULL,
  `perf_mnth` int(11) NOT NULL,
  `perf_yr` int(11) NOT NULL,
  `perf_mnth1` varchar(25) NOT NULL,
  `perf_doc` varchar(50) NOT NULL,
  `status` int(11) NOT NULL,
  `crt_by` int(11) NOT NULL,
  `crt_stm` int(11) NOT NULL
) ENGINE=MyISAM DEFAULT CHARSET=latin1;

--
-- Dumping data for table `monthly_perfomances`
--

INSERT INTO `monthly_perfomances` (`prf_id`, `title`, `perf_mnth`, `perf_yr`, `perf_mnth1`, `perf_doc`, `status`, `crt_by`, `crt_stm`) VALUES
(1, 'August Month Safety Week Plan', 8, 2019, '', 'P_sai.pdf', -1, 2, 1574263243),
(2, 'Test', 11, 2018, '', 'P_current-affairs-monthly-january-2019-new-90b47f0', -1, 0, 1574268183),
(3, 'My test', 12, 2017, '', 'P_current-affairs-monthly-january-2019-new-90b47f0', 1, 2, 1574268253);

-- --------------------------------------------------------

--
-- Table structure for table `pages_list`
--

CREATE TABLE `pages_list` (
  `pg_id` int(11) NOT NULL,
  `mid` int(11) NOT NULL,
  `sb_id` int(11) NOT NULL,
  `name` varchar(50) NOT NULL,
  `link` varchar(50) NOT NULL,
  `rel1` varchar(50) NOT NULL,
  `pg_save` int(11) NOT NULL,
  `pg_view` int(11) NOT NULL,
  `pg_edit` int(11) NOT NULL,
  `status` int(11) NOT NULL
) ENGINE=InnoDB DEFAULT CHARSET=latin1;

--
-- Dumping data for table `pages_list`
--

INSERT INTO `pages_list` (`pg_id`, `mid`, `sb_id`, `name`, `link`, `rel1`, `pg_save`, `pg_view`, `pg_edit`, `status`) VALUES
(1, 1, 0, 'Dashboard', 'index.php', '', 0, 1, 0, 0),
(2, 2, 1, 'Service Categories', 'service_category.php', '', 1, 0, 1, 0),
(3, 2, 1, 'Service Subcategory', 'service_subcategory.php', '', 1, 0, 1, 0),
(4, 2, 2, 'Add Service', 'newservice.php', '', 1, 1, 1, 0),
(5, 2, 3, 'Services List', 'servicelist.php', '', 0, 1, 1, 0),
(6, 3, 1, 'Products Category', 'product_category.php', '', 1, 0, 1, 0),
(7, 3, 1, 'Products Subcategory', 'product_subcategory.php', '', 1, 0, 1, 0),
(8, 3, 1, 'Product Types', 'product_types.php', '', 1, 0, 1, 0),
(9, 3, 1, 'UOM Types', 'uomtypes.php', '', 1, 0, 1, 0),
(10, 3, 2, 'Add Product', 'newproduct.php', '', 1, 1, 1, 0),
(11, 3, 3, 'Products List', 'productslist.php', '', 0, 1, 1, 0),
(12, 4, 2, 'Current Project', 'currentproject_add.php', '', 1, 1, 1, 0),
(13, 4, 2, 'Service Capabilities', 'servicecap_add.php', '', 1, 1, 1, 0),
(14, 4, 2, 'Experience List', 'experience_add.php', '', 1, 1, 1, 0),
(15, 4, 2, 'Monthly Performance Report', 'monperfomance_new.php', '', 1, 1, 1, 0),
(16, 4, 2, 'Articles', 'article_new.php', '', 1, 1, 1, 0),
(17, 4, 3, 'Current Project', 'currentprojects.php', '', 0, 1, 1, 0),
(18, 4, 3, 'Service Capabilities', 'servicecapabilities.php', '', 0, 1, 1, 0),
(19, 4, 3, 'Experience List', 'experience_list.php', '', 0, 1, 1, 0),
(20, 4, 3, 'Monthly Perfomance Report', 'monperfomance_list.php', '', 0, 1, 1, 0),
(21, 4, 3, 'Articles List', 'article_list.php', '', 0, 1, 1, 0),
(22, 5, 0, 'Enquiries List', 'enquiries.php', '', 0, 0, 1, 0),
(23, 6, 1, 'Event Category', 'event_categories.php', '', 1, 0, 1, 0),
(24, 6, 2, 'Create Event', 'newevent.php', '', 1, 1, 1, 0),
(25, 6, 3, 'Events List', 'eventslist.php', '', 0, 1, 1, 0),
(29, 7, 0, 'Clients List', 'clients.php', '', 1, 0, 1, 0),
(30, 7, 0, 'Testiomonails List', 'testimonials.php', '', 1, 0, 1, 0),
(49, 8, 1, 'Locations Master', 'location_master.php', '', 1, 0, 1, 0),
(50, 8, 1, 'Educational Qualification Master', 'edu_quali_master.php', '', 1, 0, 1, 0),
(51, 8, 1, 'Professional Certification Master', 'prof_cert_master.php', '', 1, 0, 1, 0),
(52, 8, 1, 'Job Positions', 'job_positions.php', '', 1, 0, 1, 0),
(53, 8, 1, 'Job Descriptions Master', 'job_desription.php', '', 1, 0, 1, 0),
(56, 8, 2, 'Create Vacancy', 'newvacancy.php', '', 1, 1, 1, 0),
(57, 8, 3, 'Vacancy List', 'vacancylist.php', '', 0, 1, 1, 0),
(59, 10, 0, 'Create User Role', 'user_roles.php', '', 0, 1, 0, 0),
(60, 10, 0, 'Create User', 'userslist.php', '', 0, 1, 0, 0),
(61, 10, 0, 'Create User Role Priviledges', 'role_priviledges.php', '', 1, 0, 1, 0),
(62, 10, 0, 'Assign Privileges - User', 'load_user_priviledges.php', '', 1, 0, 1, 0),
(63, 9, 0, 'Resumes Received - Website', 'career_enquiries.php', '', 0, 1, 1, 0),
(64, 4, 2, 'Updates - Website', 'updates_web.php', '', 1, 1, 1, 0),
(65, -2, 1, 'Service Types', 'service_types.php', '', 1, 0, 1, -1);

-- --------------------------------------------------------

--
-- Table structure for table `pages_roles`
--

CREATE TABLE `pages_roles` (
  `pr_id` int(11) NOT NULL,
  `usr_id` int(11) NOT NULL,
  `usr_typ` int(11) NOT NULL,
  `mid` int(11) NOT NULL,
  `pg_id` int(11) NOT NULL,
  `sb_id` int(11) NOT NULL,
  `rel1` varchar(50) NOT NULL,
  `pg_save` int(11) NOT NULL,
  `pg_view` int(11) NOT NULL,
  `pg_edit` int(11) NOT NULL
) ENGINE=InnoDB DEFAULT CHARSET=latin1;

--
-- Dumping data for table `pages_roles`
--

INSERT INTO `pages_roles` (`pr_id`, `usr_id`, `usr_typ`, `mid`, `pg_id`, `sb_id`, `rel1`, `pg_save`, `pg_view`, `pg_edit`) VALUES
(186, 15, 4, 1, 1, 0, '', 0, 1, 0),
(187, 15, 4, 8, 49, 1, '', 1, 0, 1),
(188, 15, 4, 8, 50, 1, '', 1, 0, 1),
(189, 15, 4, 8, 51, 1, '', 1, 0, 1),
(190, 15, 4, 8, 52, 1, '', 1, 0, 1),
(191, 15, 4, 8, 53, 1, '', 1, 0, 1),
(192, 15, 4, 8, 56, 2, '', 1, 1, 1),
(193, 15, 4, 8, 57, 3, '', 0, 1, 1),
(194, 2, 1, 1, 1, 0, '', 0, 1, 0),
(195, 2, 1, 2, 2, 1, '', 1, 0, 1),
(196, 2, 1, 2, 3, 1, '', 1, 0, 1),
(197, 2, 1, 2, 4, 2, '', 1, 1, 1),
(198, 2, 1, 2, 5, 3, '', 0, 1, 1),
(199, 2, 1, 4, 12, 2, '', 1, 1, 1),
(200, 2, 1, 4, 13, 2, '', 1, 1, 1),
(201, 2, 1, 4, 14, 2, '', 1, 1, 1),
(202, 2, 1, 4, 15, 2, '', 1, 1, 1),
(203, 2, 1, 4, 16, 2, '', 1, 1, 1),
(204, 2, 1, 4, 64, 2, '', 1, 1, 1),
(205, 2, 1, 4, 17, 3, '', 0, 1, 1),
(206, 2, 1, 4, 18, 3, '', 0, 1, 1),
(207, 2, 1, 4, 19, 3, '', 0, 1, 1),
(208, 2, 1, 4, 20, 3, '', 0, 1, 1),
(209, 2, 1, 4, 21, 3, '', 0, 1, 1),
(210, 2, 1, 5, 22, 0, '', 0, 0, 1),
(211, 2, 1, 6, 23, 1, '', 1, 0, 1),
(212, 2, 1, 6, 24, 2, '', 1, 1, 1),
(213, 2, 1, 6, 25, 3, '', 0, 1, 1),
(214, 2, 1, 7, 29, 0, '', 1, 0, 1),
(215, 2, 1, 7, 30, 0, '', 1, 0, 1),
(216, 2, 1, 8, 49, 1, '', 1, 0, 1),
(217, 2, 1, 8, 50, 1, '', 1, 0, 1),
(218, 2, 1, 8, 51, 1, '', 1, 0, 1),
(219, 2, 1, 8, 52, 1, '', 1, 0, 1),
(220, 2, 1, 8, 53, 1, '', 1, 0, 1),
(221, 2, 1, 8, 56, 2, '', 1, 1, 1),
(222, 2, 1, 8, 57, 3, '', 0, 1, 1),
(223, 2, 1, 9, 63, 0, '', 0, 1, 1),
(224, 2, 1, 10, 59, 0, '', 0, 1, 0),
(225, 2, 1, 10, 60, 0, '', 0, 1, 0),
(226, 2, 1, 10, 61, 0, '', 1, 0, 1),
(227, 2, 1, 10, 62, 0, '', 1, 0, 1),
(228, 4, 11, 1, 1, 0, '', 0, 1, 0),
(229, 4, 11, 2, 2, 1, '', 1, 0, 1),
(230, 4, 11, 2, 3, 1, '', 1, 0, 1),
(231, 4, 11, 2, 4, 2, '', 1, 1, 1),
(232, 4, 11, 2, 5, 3, '', 0, 1, 1),
(233, 4, 11, 4, 12, 2, '', 1, 1, 1),
(234, 4, 11, 4, 13, 2, '', 1, 1, 1),
(235, 4, 11, 4, 14, 2, '', 1, 1, 1),
(236, 4, 11, 4, 15, 2, '', 1, 1, 1),
(237, 4, 11, 4, 16, 2, '', 1, 1, 1),
(238, 4, 11, 4, 64, 2, '', 1, 1, 1),
(239, 4, 11, 4, 17, 3, '', 0, 1, 1),
(240, 4, 11, 4, 18, 3, '', 0, 1, 1),
(241, 4, 11, 4, 19, 3, '', 0, 1, 1),
(242, 4, 11, 4, 20, 3, '', 0, 1, 1),
(243, 4, 11, 4, 21, 3, '', 0, 1, 1),
(244, 4, 11, 5, 22, 0, '', 0, 0, 1),
(245, 4, 11, 6, 23, 1, '', 1, 0, 1),
(246, 4, 11, 6, 24, 2, '', 1, 1, 1),
(247, 4, 11, 6, 25, 3, '', 0, 1, 1),
(248, 4, 11, 7, 29, 0, '', 1, 0, 1),
(249, 4, 11, 7, 30, 0, '', 1, 0, 1),
(250, 14, 16, 1, 1, 0, '', 0, 1, 0),
(251, 14, 16, 2, 2, 1, '', 1, 0, 1),
(252, 14, 16, 2, 3, 1, '', 1, 0, 1),
(253, 14, 16, 2, 4, 2, '', 1, 1, 1),
(254, 14, 16, 2, 5, 3, '', 0, 1, 1),
(255, 14, 16, 4, 12, 2, '', 1, 1, 1),
(256, 14, 16, 4, 13, 2, '', 1, 1, 1),
(257, 14, 16, 4, 14, 2, '', 1, 1, 1),
(258, 14, 16, 4, 15, 2, '', 1, 1, 1),
(259, 14, 16, 4, 16, 2, '', 1, 1, 1),
(260, 14, 16, 4, 64, 2, '', 1, 1, 1),
(261, 14, 16, 4, 17, 3, '', 0, 1, 1),
(262, 14, 16, 4, 18, 3, '', 0, 1, 1),
(263, 14, 16, 4, 19, 3, '', 0, 1, 1),
(264, 14, 16, 4, 20, 3, '', 0, 1, 1),
(265, 14, 16, 4, 21, 3, '', 0, 1, 1),
(266, 14, 16, 5, 22, 0, '', 0, 0, 1),
(267, 14, 16, 6, 23, 1, '', 1, 0, 1),
(268, 14, 16, 6, 24, 2, '', 1, 1, 1),
(269, 14, 16, 6, 25, 3, '', 0, 1, 1),
(270, 14, 16, 7, 29, 0, '', 1, 0, 1),
(271, 14, 16, 7, 30, 0, '', 1, 0, 1),
(272, 14, 16, 8, 49, 1, '', 1, 0, 1),
(273, 14, 16, 8, 50, 1, '', 1, 0, 1),
(274, 14, 16, 8, 51, 1, '', 1, 0, 1),
(275, 14, 16, 8, 52, 1, '', 1, 0, 1),
(276, 14, 16, 8, 53, 1, '', 1, 0, 1),
(277, 14, 16, 8, 56, 2, '', 1, 1, 1),
(278, 14, 16, 8, 57, 3, '', 0, 1, 1),
(279, 14, 16, 9, 63, 0, '', 0, 1, 1),
(280, 14, 16, 10, 59, 0, '', 0, 1, 0),
(281, 14, 16, 10, 60, 0, '', 0, 1, 0),
(282, 14, 16, 10, 61, 0, '', 1, 0, 1),
(283, 14, 16, 10, 62, 0, '', 1, 0, 1),
(284, 3, 4, 8, 49, 1, '', 1, 0, 1),
(285, 3, 4, 8, 50, 1, '', 1, 0, 1),
(286, 3, 4, 8, 51, 1, '', 1, 0, 1),
(287, 3, 4, 8, 52, 1, '', 1, 0, 1),
(288, 3, 4, 8, 53, 1, '', 1, 0, 1),
(289, 3, 4, 8, 56, 2, '', 0, 0, 1),
(290, 3, 4, 8, 57, 3, '', 0, 1, 0);

-- --------------------------------------------------------

--
-- Table structure for table `perfomance_updates`
--

CREATE TABLE `perfomance_updates` (
  `id` int(11) NOT NULL,
  `prf_typ` int(11) NOT NULL,
  `ref_id` int(11) NOT NULL,
  `status` int(11) NOT NULL,
  `crt_by` int(11) NOT NULL,
  `crt_stm` int(11) NOT NULL
) ENGINE=InnoDB DEFAULT CHARSET=latin1;

--
-- Dumping data for table `perfomance_updates`
--

INSERT INTO `perfomance_updates` (`id`, `prf_typ`, `ref_id`, `status`, `crt_by`, `crt_stm`) VALUES
(1, 0, 1, 0, 2, 1565061453),
(2, 0, 2, 0, 2, 1565062227),
(3, 0, 3, 0, 2, 1565103070),
(4, 0, 3, 1, 2, 1565103130),
(5, 0, 3, 0, 2, 1565103175),
(6, 0, 3, 1, 2, 1565103248),
(7, 5, 1, 1, 2, 1565714575),
(8, 5, 2, 1, 2, 1565715872),
(9, 4, 1, 1, 2, 1565716424),
(10, 4, 2, 1, 2, 1565716509),
(11, 1, 2, 1, 2, 1565860266),
(12, 1, 2, 1, 2, 1565860385),
(13, 2, 2, 1, 2, 1565860966),
(14, 2, 2, 2, 2, 1565860999),
(15, 2, 2, 1, 2, 1565861054),
(16, 3, 4, 1, 2, 1565861365),
(17, 3, 4, 2, 2, 1565861493),
(18, 3, 4, 1, 2, 1565861558),
(19, 4, 3, 1, 2, 1565861876),
(20, 4, 3, 2, 2, 1565861934),
(21, 4, 0, 1, 2, 1565862073),
(22, 5, 3, 1, 2, 1565862567),
(23, 5, 3, 2, 2, 1565862648),
(24, 5, 3, 1, 2, 1565862916),
(25, 5, 3, 1, 2, 1565862997),
(26, 5, 3, 1, 2, 1565862999),
(27, 5, 3, 1, 2, 1565863005),
(28, 5, 3, 1, 2, 1565863021),
(29, 5, 3, 1, 2, 1565863024),
(30, 5, 3, 1, 2, 1565863054),
(31, 5, 3, 1, 2, 1565863056),
(32, 2, 3, 1, 2, 1566384279),
(33, 2, 4, 1, 2, 1566384427),
(34, 2, 5, 1, 2, 1566384606),
(35, 2, 6, 1, 2, 1566384814),
(36, 2, 6, 2, 2, 1566384929),
(37, 2, 6, 1, 2, 1566384955),
(38, 3, 5, 1, 2, 1566386300),
(39, 4, 3, 2, 2, 1566495608),
(40, 4, 0, 1, 2, 1566495768),
(41, 4, 0, 1, 2, 1566495804),
(42, 4, 0, 1, 2, 1566495808),
(43, 4, 3, 2, 2, 1566495836),
(44, 4, 1, 2, 2, 1566495858),
(45, 4, 2, 2, 2, 1566495870),
(46, 4, 0, 1, 2, 1566495991),
(47, 4, 0, 1, 2, 1566496146),
(48, 4, 0, 1, 2, 1566496195),
(49, 4, 3, 2, 2, 1566496779),
(50, 4, 0, 1, 2, 1566496862),
(51, 4, 0, 1, 2, 1566496883),
(52, 2, 5, 2, 2, 1566497471),
(53, 2, 5, 1, 2, 1566497577),
(54, 2, 7, 1, 2, 1566497878),
(55, 3, 1, 2, 2, 1566498118),
(56, 3, 1, 1, 2, 1566498206),
(57, 3, 6, 1, 2, 1566498383),
(58, 3, 7, 1, 2, 1566498515),
(59, 3, 8, 1, 2, 1566498665),
(60, 3, 9, 1, 2, 1566519572),
(61, 3, 10, 1, 2, 1566520128),
(62, 3, 11, 1, 2, 1566520380),
(63, 3, 12, 1, 2, 1566520502),
(64, 3, 13, 1, 2, 1566520653),
(65, 1, 1, 1, 2, 1566522052),
(66, 1, 3, 1, 2, 1566522646),
(67, 4, 4, 1, 2, 1566528142),
(68, 4, 5, 1, 2, 1566528650),
(69, 4, 6, 1, 2, 1566528887),
(70, 5, 4, 1, 2, 1566529098),
(71, 1, 0, 1, 2, 1566592843),
(72, 1, 0, 1, 2, 1566592864),
(73, 1, 0, 1, 2, 1566592879),
(74, 1, 4, 1, 2, 1566656336),
(75, 1, 5, 1, 0, 1566658950),
(76, 1, 6, 1, 2, 1566659310),
(77, 1, 7, 1, 2, 1566659966),
(78, 4, 1, 1, 2, 1566670464),
(79, 4, 2, 1, 2, 1566670567),
(80, 4, 3, 1, 2, 1566670842),
(81, 4, 4, 1, 2, 1566670913),
(82, 4, 5, 1, 2, 1566670943),
(83, 4, 6, 1, 2, 1566670983),
(84, 4, 7, 1, 2, 1566671074),
(85, 5, 1, 1, 2, 1566671495),
(86, 5, 2, 1, 2, 1566671654),
(87, 1, 0, 1, 2, 1566713734),
(88, 1, 0, 1, 2, 1566714191),
(89, 1, 0, 1, 2, 1566714363),
(90, 1, 8, 1, 0, 1566721004),
(91, 1, 9, 1, 0, 1566734054),
(92, 1, 10, 1, 2, 1566735689),
(93, 1, 9, 1, 2, 1567193917),
(94, 1, 7, 1, 2, 1567194688),
(95, 1, 5, 1, 2, 1567194708),
(96, 1, 0, 1, 2, 1567194809),
(97, 1, 0, 1, 2, 1567194893),
(98, 1, 0, 1, 2, 1567195088),
(99, 1, 0, 1, 2, 1567195158),
(100, 1, 0, 1, 2, 1567195266),
(101, 1, 0, 1, 2, 1567195301),
(102, 1, 4, 1, 2, 1567195354),
(103, 1, 0, 1, 2, 1567195405),
(104, 1, 0, 1, 2, 1567195497),
(105, 1, 0, 1, 2, 1567346322),
(106, 1, 0, 1, 2, 1567346504),
(107, 1, 0, 1, 2, 1567346606),
(108, 1, 0, 1, 2, 1569394229),
(109, 1, 10, 1, 2, 1569859308),
(110, 1, 8, 1, 2, 1569859315),
(111, 1, 3, 1, 2, 1569859320),
(112, 1, 1, 1, 2, 1570036030),
(113, 1, 2, 1, 2, 1570036031),
(114, 1, 2, 1, 2, 1570036130),
(115, 1, 0, 1, 2, 1570036189),
(116, 1, 1, 1, 2, 1570036219),
(117, 1, 3, 1, 2, 1570036484),
(118, 1, 3, 1, 2, 1570036511),
(119, 1, 4, 1, 2, 1570036775),
(120, 1, 4, 1, 2, 1570036799),
(121, 1, 5, 1, 2, 1570037417),
(122, 1, 5, 1, 2, 1570037433),
(123, 1, 6, 1, 2, 1570038693),
(124, 1, 6, 1, 2, 1570038714),
(125, 1, 7, 1, 2, 1570039711),
(126, 1, 7, 1, 2, 1570039735),
(127, 1, 8, 1, 2, 1570040908),
(128, 1, 0, 1, 2, 1570041056),
(129, 1, 8, 1, 2, 1570041089),
(130, 1, 0, 1, 2, 1570119515),
(131, 1, 0, 1, 2, 1570119756),
(132, 1, 0, 1, 2, 1570119906),
(133, 1, 0, 1, 2, 1570120184),
(134, 1, 0, 1, 2, 1570120334),
(135, 1, 0, 1, 2, 1570120417),
(136, 1, 0, 1, 2, 1570135820),
(137, 1, 0, 1, 2, 1570135861),
(138, 1, 1, -1, 2, 1570977914),
(139, 1, 2, -1, 2, 1570977922),
(140, 1, 3, -1, 2, 1570977930),
(141, 1, 4, -1, 2, 1570977936),
(142, 1, 5, -1, 2, 1570977941),
(143, 1, 6, -1, 2, 1570977946),
(144, 1, 7, -1, 2, 1570977951),
(145, 1, 8, -1, 2, 1570977956),
(146, 4, 7, 1, 2, 1571074590),
(147, 5, 2, 1, 2, 1571074606),
(148, 1, 1, 1, 2, 1571158400),
(149, 1, 1, 1, 2, 1571158432),
(150, 1, 2, 1, 2, 1571158812),
(151, 1, 2, 1, 2, 1571158832),
(152, 1, 3, 1, 2, 1571159445),
(153, 1, 3, 1, 2, 1571159462),
(154, 1, 4, 1, 2, 1571160321),
(155, 1, 4, 1, 2, 1571160336),
(156, 1, 5, 1, 2, 1571160567),
(157, 1, 5, 1, 2, 1571160591),
(158, 1, 6, 1, 2, 1571161300),
(159, 1, 6, 1, 2, 1571161323),
(160, 1, 7, 1, 2, 1571162234),
(161, 1, 7, 1, 2, 1571162288),
(162, 1, 7, -1, 2, 1571310363),
(163, 1, 6, -1, 2, 1571310392),
(164, 1, 5, -1, 2, 1571310393),
(165, 1, 6, -1, 2, 1571310394),
(166, 1, 3, -1, 2, 1571310395),
(167, 1, 6, -1, 2, 1571310395),
(168, 1, 4, -1, 2, 1571310404),
(169, 2, 7, -1, 2, 1571311533),
(170, 2, 6, -1, 2, 1571311541),
(171, 2, 6, -1, 2, 1571311545),
(172, 2, 4, -1, 2, 1571311547),
(173, 2, 5, -1, 2, 1571311549),
(174, 2, 1, -1, 2, 1571311559),
(175, 2, 3, -1, 2, 1571311564),
(176, 2, 2, -1, 2, 1571311572),
(177, 2, 8, 1, 2, 1571311889),
(178, 2, 9, 1, 2, 1571312189),
(179, 3, 1, -1, 2, 1571312205),
(180, 3, 2, -1, 2, 1571312213),
(181, 3, 2, -1, 2, 1571312217),
(182, 3, 3, -1, 2, 1571312220),
(183, 3, 4, -1, 2, 1571312225),
(184, 3, 5, -1, 2, 1571312228),
(185, 3, 5, -1, 2, 1571312229),
(186, 3, 4, -1, 2, 1571312232),
(187, 3, 7, -1, 2, 1571312235),
(188, 3, 6, -1, 2, 1571312236),
(189, 3, 6, -1, 2, 1571312240),
(190, 3, 8, -1, 2, 1571312243),
(191, 3, 9, -1, 2, 1571312244),
(192, 3, 9, -1, 2, 1571312248),
(193, 3, 11, -1, 2, 1571312252),
(194, 3, 10, -1, 2, 1571312257),
(195, 3, 13, -1, 2, 1571312264),
(196, 3, 12, -1, 2, 1571312265),
(197, 2, 9, -1, 2, 1571312546),
(198, 2, 8, 1, 2, 1571312588),
(199, 2, 10, 1, 2, 1571312750),
(200, 3, 14, 1, 2, 1571312799),
(201, 2, 10, 1, 2, 1571312891),
(202, 3, 15, 1, 2, 1571313000),
(203, 3, 16, 1, 2, 1571313128),
(204, 3, 17, 1, 2, 1571313200),
(205, 3, 18, 1, 2, 1571313282),
(206, 3, 19, 1, 2, 1571313345),
(207, 3, 20, 1, 2, 1571313664),
(208, 3, 21, 1, 2, 1571313793),
(209, 3, 22, 1, 2, 1571313850),
(210, 3, 23, 1, 2, 1571313926),
(211, 3, 24, 1, 2, 1571314058),
(212, 3, 25, 1, 2, 1571314111),
(213, 3, 26, 1, 2, 1571314157),
(214, 3, 27, 1, 2, 1571314208),
(215, 3, 28, 1, 2, 1571314348),
(216, 3, 29, 1, 2, 1571314585),
(217, 3, 30, 1, 2, 1571314623),
(218, 3, 31, 1, 2, 1571314796),
(219, 3, 32, 1, 2, 1571314905),
(220, 3, 33, 1, 2, 1571314956),
(221, 3, 34, 1, 2, 1571315069),
(222, 3, 34, 2, 2, 1571315128),
(223, 3, 14, 1, 2, 1571466670),
(224, 3, 15, 1, 2, 1571467827),
(225, 3, 34, 1, 2, 1571469472),
(226, 1, 8, 1, 2, 1573569855),
(227, 1, 8, 1, 2, 1573570461),
(228, 1, 0, 1, 2, 1573570689),
(229, 1, 8, 1, 2, 1573570879),
(230, 2, 11, 1, 2, 1573571799),
(231, 2, 11, 2, 2, 1573571832),
(232, 2, 11, 1, 2, 1573572560),
(233, 2, 11, 1, 2, 1573572798),
(234, 2, 11, 1, 2, 1573572853),
(235, 2, 11, 1, 2, 1573572993),
(236, 2, 11, 1, 2, 1573572993),
(237, 4, 8, 1, 2, 1573577201),
(238, 4, 8, 2, 2, 1573577621),
(239, 4, 0, 1, 2, 1573578125),
(240, 4, 1, 1, 2, 1573662299),
(241, 4, 1, 2, 2, 1573662881),
(242, 4, 0, 1, 2, 1573662918),
(243, 4, 0, 1, 2, 1573663075),
(244, 4, 0, 1, 2, 1573663105),
(245, 4, 0, 1, 2, 1573663318),
(246, 3, 34, 1, 2, 1573665770),
(247, 3, 35, 1, 2, 1573666434),
(248, 3, 0, 1, 2, 1573667661),
(249, 3, 0, 1, 2, 1573667736),
(250, 3, 1, 2, 2, 1573748965),
(251, 3, 1, 1, 2, 1573750218),
(252, 3, 0, 1, 2, 1574095453),
(253, 3, 1, 1, 2, 1574095558),
(254, 3, 2, 1, 2, 1574096480),
(255, 3, 3, 2, 2, 1574096666),
(256, 3, 3, 1, 2, 1574096722),
(257, 3, 3, 1, 2, 1574096834),
(258, 3, 3, 1, 2, 1574097013),
(259, 3, 3, 1, 2, 1574097071),
(260, 3, 3, 1, 2, 1574097162),
(261, 3, 3, 1, 2, 1574097255),
(262, 3, 3, 1, 2, 1574097408),
(263, 3, 3, 1, 2, 1574097438),
(264, 3, 3, 1, 2, 1574097541),
(265, 3, 3, 1, 2, 1574097714),
(266, 3, 3, 1, 2, 1574097875),
(267, 3, 3, 1, 2, 1574098138),
(268, 3, 1, 1, 2, 1574098975),
(269, 3, 2, 1, 2, 1574098983),
(270, 3, 3, 1, 2, 1574098988),
(271, 3, 4, 1, 2, 1574098994),
(272, 3, 1, -1, 0, 1574136101),
(273, 3, 2, -1, 2, 1574136133),
(274, 3, 3, -1, 2, 1574136140),
(275, 3, 4, -1, 2, 1574136146),
(276, 3, 4, 1, 2, 1574136598),
(277, 3, 5, 1, 2, 1574136647),
(278, 3, 5, 1, 2, 1574136908),
(279, 3, 6, 1, 2, 1574137820),
(280, 3, 7, 1, 2, 1574138133),
(281, 3, 8, 1, 2, 1574138428),
(282, 3, 9, 1, 2, 1574138809),
(283, 3, 6, 2, 2, 1574138908),
(284, 3, 6, 1, 2, 1574138941),
(285, 3, 6, 1, 2, 1574139106),
(286, 3, 7, 1, 2, 1574139111),
(287, 3, 8, 1, 2, 1574139117),
(288, 3, 9, 1, 2, 1574139124),
(289, 3, 10, 1, 2, 1574139131),
(290, 4, 1, 1, 2, 1574263243),
(291, 4, 1, 1, 2, 1574263275),
(292, 4, 2, 1, 0, 1574268183),
(293, 4, 3, 1, 2, 1574268253),
(294, 4, 2, 1, 2, 1574351294),
(295, 4, 3, 1, 2, 1574351316),
(296, 5, 1, 1, 2, 1575895805),
(297, 1, 8, 1, 2, 1575969507),
(298, 2, 11, 1, 2, 1575969529),
(299, 1, 9, 1, 2, 1577515255),
(300, 1, 8, -1, 2, 1577515408),
(301, 1, 2, -1, 2, 1577515414),
(302, 1, 1, -1, 2, 1577515418),
(303, 1, 9, 1, 2, 1577515440),
(304, 1, 9, 1, 2, 1577515533),
(305, 1, 10, 1, 2, 1577515740),
(306, 1, 9, 1, 2, 1577515757),
(307, 1, 9, 1, 2, 1577515803),
(308, 1, 11, 1, 2, 1577516169),
(309, 1, 12, 1, 2, 1577516407),
(310, 1, 13, 1, 2, 1577516623),
(311, 1, 14, 1, 2, 1577516790),
(312, 1, 15, 1, 2, 1577517220),
(313, 1, 16, 1, 2, 1577517371),
(314, 1, 17, 1, 2, 1577517556),
(315, 1, 18, 1, 2, 1577517797),
(316, 1, 19, 1, 2, 1577519038),
(317, 1, 20, 1, 2, 1577519286),
(318, 1, 14, 1, 2, 1577519310),
(319, 1, 12, 1, 2, 1577519323),
(320, 1, 14, 1, 2, 1577519345),
(321, 1, 12, 1, 2, 1577519359),
(322, 1, 13, 1, 2, 1577519428),
(323, 1, 13, 1, 2, 1577519453),
(324, 1, 21, 1, 2, 1577686368),
(325, 1, 14, 1, 2, 1577687176),
(326, 1, 21, 1, 2, 1577687188),
(327, 1, 15, 1, 2, 1577687198),
(328, 1, 20, 1, 2, 1577687211),
(329, 1, 19, 1, 2, 1577687219),
(330, 1, 18, 1, 2, 1577687225),
(331, 1, 17, 1, 2, 1577687230),
(332, 1, 16, 1, 2, 1577687240),
(333, 1, 13, 1, 2, 1577687248),
(334, 1, 12, 1, 2, 1577687256),
(335, 1, 11, 1, 2, 1577687266),
(336, 1, 10, 1, 2, 1577687273),
(337, 1, 9, 1, 2, 1577687280),
(338, 1, 9, 1, 2, 1577687325),
(339, 1, 10, 1, 2, 1577687825),
(340, 1, 11, 1, 2, 1577687874),
(341, 1, 12, 1, 2, 1577687894),
(342, 1, 13, 1, 2, 1577687922),
(343, 1, 14, 1, 2, 1577687963),
(344, 1, 15, 1, 2, 1577688023),
(345, 1, 16, 1, 2, 1577688058),
(346, 1, 17, 1, 2, 1577688085),
(347, 1, 18, 1, 2, 1577688125),
(348, 1, 20, 1, 2, 1577688171),
(349, 1, 21, 1, 2, 1577688203),
(350, 1, 21, 1, 2, 1577784781),
(351, 1, 20, 1, 2, 1577784793),
(352, 1, 12, 1, 2, 1577784812),
(353, 1, 18, 1, 2, 1577784823),
(354, 1, 17, 1, 2, 1577784862),
(355, 1, 16, 1, 2, 1577784868),
(356, 1, 15, 1, 2, 1577784884),
(357, 1, 14, 1, 2, 1577784891),
(358, 1, 13, 1, 2, 1577784897),
(359, 1, 11, 1, 2, 1577784907),
(360, 1, 10, 1, 2, 1577784916),
(361, 1, 9, 1, 2, 1577784923),
(362, 1, 19, 1, 2, 1583954950),
(363, 1, 19, 1, 2, 1583955045),
(364, 1, 21, -1, 2, 1584357864),
(365, 1, 20, -1, 2, 1584357876),
(366, 1, 19, -1, 2, 1584357882),
(367, 1, 18, -1, 2, 1584357887),
(368, 1, 17, -1, 2, 1584357893),
(369, 1, 16, -1, 2, 1584357899),
(370, 1, 15, -1, 2, 1584357904),
(371, 1, 14, -1, 2, 1584357917),
(372, 1, 13, -1, 2, 1584357922),
(373, 1, 12, -1, 2, 1584357926),
(374, 1, 11, -1, 2, 1584357931),
(375, 1, 10, -1, 2, 1584357935),
(376, 1, 9, -1, 2, 1584357939),
(377, 1, 22, 1, 2, 1584358371),
(378, 1, 22, 1, 2, 1584358456),
(379, 1, 22, -1, 2, 1584358514),
(380, 1, 23, 1, 2, 1584358682),
(381, 1, 23, 1, 2, 1584358741),
(382, 1, 23, 1, 2, 1584358773),
(383, 1, 23, 1, 2, 1584358783),
(384, 1, 24, 1, 2, 1584359397),
(385, 1, 24, 1, 2, 1584359423),
(386, 1, 25, 1, 2, 1584359660),
(387, 1, 25, 1, 2, 1584359680),
(388, 1, 24, -1, 2, 1584359727),
(389, 1, 26, 1, 2, 1584359981),
(390, 1, 26, 1, 2, 1584360019),
(391, 1, 27, 1, 2, 1584360252),
(392, 1, 27, 1, 2, 1584360267),
(393, 1, 28, 1, 2, 1584360469),
(394, 1, 28, 1, 2, 1584360484),
(395, 1, 29, 1, 2, 1584360662),
(396, 1, 29, 1, 2, 1584360682),
(397, 1, 30, 1, 2, 1584360867),
(398, 1, 30, 1, 2, 1584360889),
(399, 1, 31, 1, 2, 1584443830),
(400, 1, 31, 1, 2, 1584443859),
(401, 1, 30, -1, 2, 1584443884),
(402, 1, 32, 1, 2, 1584596312),
(403, 1, 33, 1, 2, 1584596499),
(404, 1, 34, 1, 2, 1584612057),
(405, 1, 35, 1, 2, 1584612227),
(406, 1, 36, 1, 2, 1584612245),
(407, 1, 37, 1, 2, 1584612384),
(408, 1, 38, 1, 2, 1584612549),
(409, 1, 39, 1, 2, 1584612552),
(410, 1, 38, 1, 2, 1584612598),
(411, 1, 39, 1, 2, 1584612608),
(412, 1, 35, 1, 2, 1584612655),
(413, 1, 33, 1, 2, 1584612674),
(414, 1, 35, -1, 2, 1584612698),
(415, 1, 32, 1, 2, 1584612787),
(416, 1, 40, 1, 2, 1584612827),
(417, 1, 38, 1, 2, 1584612878),
(418, 1, 32, 1, 2, 1584612915),
(419, 1, 33, 1, 2, 1584612973),
(420, 1, 39, 1, 2, 1584613013),
(421, 1, 41, 1, 2, 1584613039),
(422, 1, 40, 1, 2, 1584613073),
(423, 1, 40, 1, 2, 1584613117),
(424, 1, 41, 1, 2, 1584613133),
(425, 1, 38, 1, 2, 1584613193),
(426, 1, 41, 1, 2, 1584613203),
(427, 1, 31, -1, 2, 1584613218),
(428, 1, 38, 1, 2, 1584613233),
(429, 1, 41, 1, 2, 1584613338),
(430, 1, 41, 1, 2, 1584613399),
(431, 1, 42, 1, 2, 1584613406),
(432, 1, 40, 1, 2, 1584613520),
(433, 1, 40, 1, 2, 1584613628),
(434, 1, 40, 1, 2, 1584613660),
(435, 1, 40, 1, 2, 1584613709),
(436, 1, 40, 1, 2, 1584613741),
(437, 1, 40, 1, 2, 1584613768),
(438, 1, 42, 1, 2, 1584614107),
(439, 1, 29, -1, 2, 1584614146),
(440, 1, 42, -1, 2, 1584614154),
(441, 1, 43, 1, 2, 1584614336),
(442, 1, 44, 1, 2, 1584614568),
(443, 1, 43, 1, 2, 1584614636),
(444, 1, 44, 1, 2, 1584614662),
(445, 1, 44, 1, 2, 1584614696),
(446, 1, 44, 1, 2, 1584614748),
(447, 1, 33, 1, 2, 1584614803),
(448, 1, 33, 1, 2, 1584614840),
(449, 1, 33, 1, 2, 1584614870),
(450, 1, 34, 1, 2, 1584614923),
(451, 1, 41, 1, 2, 1584614973),
(452, 1, 41, 1, 2, 1584614995),
(453, 1, 41, 1, 2, 1584615007),
(454, 1, 36, 1, 2, 1584615136),
(455, 1, 36, 1, 2, 1584615185),
(456, 1, 36, 1, 2, 1584615214),
(457, 1, 38, 1, 2, 1584615341),
(458, 1, 38, 1, 2, 1584615369),
(459, 1, 38, 1, 2, 1584615387),
(460, 1, 37, 1, 2, 1584615429),
(461, 1, 37, 1, 2, 1584615457),
(462, 1, 37, 1, 2, 1584615484),
(463, 1, 40, 1, 2, 1584615510),
(464, 1, 39, 1, 2, 1584615548),
(465, 1, 32, 1, 2, 1584615588),
(466, 3, 10, 1, 2, 1584763905),
(467, 3, 11, 1, 2, 1584763927),
(468, 3, 11, 1, 2, 1584764104),
(469, 3, 12, 1, 2, 1584764120),
(470, 2, 12, 1, 2, 1584764586),
(471, 2, 12, 1, 2, 1584764600),
(472, 2, 8, -1, 2, 1584764629),
(473, 3, 12, 1, 2, 1584765639),
(474, 3, 12, -1, 2, 1584765668),
(475, 3, 11, -1, 2, 1584765675),
(476, 3, 5, -1, 2, 1584765679),
(477, 3, 6, -1, 2, 1584765685),
(478, 3, 7, -1, 2, 1584765693),
(479, 3, 8, -1, 2, 1584765697),
(480, 3, 9, -1, 2, 1584765701),
(481, 3, 10, -1, 2, 1584765705),
(482, 3, 13, 1, 2, 1584765861),
(483, 3, 13, -1, 2, 1584765879),
(484, 3, 13, 1, 2, 1584766018),
(485, 3, 14, 1, 2, 1584766080),
(486, 3, 15, 1, 2, 1584766148),
(487, 3, 16, 1, 2, 1584766278),
(488, 3, 17, 1, 2, 1584766339),
(489, 3, 18, 2, 2, 1584766383),
(490, 3, 18, 1, 2, 1584766407),
(491, 3, 18, 1, 2, 1584766473),
(492, 3, 19, 1, 2, 1584766596),
(493, 3, 20, 1, 2, 1584766691),
(494, 3, 21, 1, 2, 1584766911),
(495, 3, 22, 1, 2, 1584767015),
(496, 3, 23, 1, 2, 1584767092),
(497, 3, 24, 1, 2, 1584767171),
(498, 3, 25, 1, 2, 1584767267),
(499, 3, 26, 1, 2, 1584767346),
(500, 3, 27, 1, 2, 1584767383),
(501, 3, 28, 1, 2, 1584767454),
(502, 3, 29, 1, 2, 1584767528),
(503, 3, 30, 1, 2, 1584768039),
(504, 3, 31, 1, 2, 1584768099),
(505, 3, 32, 1, 2, 1584768152),
(506, 3, 32, 2, 2, 1584768195),
(507, 3, 32, -1, 2, 1584768214),
(508, 3, 33, 1, 2, 1584768279),
(509, 3, 34, 1, 2, 1584768337),
(510, 3, 35, 1, 2, 1584768462),
(511, 3, 36, 1, 2, 1584768518),
(512, 3, 37, 1, 2, 1584772451),
(513, 3, 38, 1, 2, 1584772520),
(514, 3, 39, 1, 2, 1584772570),
(515, 3, 40, 1, 2, 1584772630),
(516, 3, 41, 1, 2, 1584772699),
(517, 3, 42, 1, 2, 1584772741),
(518, 3, 42, -1, 2, 1584772799),
(519, 3, 43, 1, 2, 1584772866),
(520, 3, 44, 1, 2, 1584772923),
(521, 3, 45, 1, 2, 1584772964),
(522, 3, 46, 1, 2, 1584773008),
(523, 3, 47, 1, 2, 1584773049),
(524, 3, 48, 1, 2, 1584773094),
(525, 3, 49, 1, 2, 1584773155),
(526, 3, 50, 1, 2, 1584773225),
(527, 3, 51, 1, 2, 1584773265),
(528, 3, 47, -1, 2, 1584773345),
(529, 3, 48, -1, 2, 1584773362),
(530, 3, 49, -1, 2, 1584773382),
(531, 3, 52, 1, 2, 1584773444),
(532, 3, 53, -1, 2, 1584773472),
(533, 3, 53, 1, 2, 1584773545),
(534, 3, 54, 1, 2, 1584773598),
(535, 3, 55, 1, 2, 1584774053),
(536, 3, 56, -1, 2, 1584774319),
(537, 3, 56, 1, 2, 1584774392),
(538, 3, 57, 1, 2, 1584774531),
(539, 3, 58, 1, 2, 1584774671),
(540, 3, 59, 1, 2, 1584774759),
(541, 3, 60, 1, 2, 1584774823),
(542, 3, 61, 1, 2, 1584774896),
(543, 3, 62, 1, 2, 1584774946),
(544, 3, 63, 1, 2, 1584775011),
(545, 3, 64, 1, 2, 1584775077),
(546, 3, 65, 1, 2, 1584775168),
(547, 3, 66, 1, 2, 1584775889),
(548, 3, 67, 1, 2, 1584775979),
(549, 3, 68, 1, 2, 1584776010),
(550, 3, 69, 1, 2, 1584776049),
(551, 3, 70, 1, 2, 1584776092),
(552, 3, 71, 1, 2, 1584776131),
(553, 3, 72, 1, 2, 1584776158),
(554, 3, 73, 1, 2, 1584776236),
(555, 3, 74, 1, 2, 1584778184),
(556, 3, 75, 1, 2, 1584778357),
(557, 3, 76, 1, 2, 1584778409),
(558, 3, 77, 1, 2, 1584778447),
(559, 3, 14, 1, 2, 1588829009),
(560, 3, 15, 2, 2, 1588829039),
(561, 3, 15, 1, 2, 1588829096),
(562, 3, 15, 1, 2, 1588829110),
(563, 3, 16, 2, 2, 1588829202),
(564, 3, 16, 1, 2, 1588830089),
(565, 3, 16, 1, 2, 1588835091),
(566, 3, 17, 2, 2, 1588835124),
(567, 3, 17, 1, 2, 1588835160),
(568, 3, 17, 1, 2, 1588835172),
(569, 3, 18, 1, 2, 1588835252),
(570, 3, 19, 1, 2, 1588835277),
(571, 3, 20, 2, 2, 1588835304),
(572, 3, 20, 1, 2, 1588835335),
(573, 3, 20, 1, 2, 1588835345),
(574, 3, 21, 2, 2, 1588835384),
(575, 3, 21, 1, 2, 1588835568),
(576, 3, 21, 1, 2, 1588835588),
(577, 3, 24, 1, 2, 1588835653),
(578, 3, 25, 1, 2, 1588835702),
(579, 3, 27, 2, 2, 1588835751),
(580, 3, 27, 1, 2, 1588835823),
(581, 3, 27, 1, 2, 1588835879),
(582, 3, 30, 1, 2, 1588835962),
(583, 3, 33, 1, 2, 1588836019),
(584, 3, 34, 2, 2, 1588836038),
(585, 3, 34, 1, 2, 1588836087),
(586, 3, 34, 1, 2, 1588836121),
(587, 3, 35, 1, 2, 1588836185),
(588, 3, 37, 1, 2, 1588836316),
(589, 3, 38, 1, 2, 1588836358),
(590, 3, 39, 2, 2, 1588836445),
(591, 3, 39, 1, 2, 1588836517),
(592, 3, 39, 1, 2, 1588836542),
(593, 3, 40, 2, 2, 1588836577),
(594, 3, 40, 1, 2, 1588836645),
(595, 3, 40, 1, 2, 1588836675),
(596, 3, 41, 2, 2, 1588836743),
(597, 3, 41, 1, 2, 1588836772),
(598, 3, 41, 1, 2, 1588836818),
(599, 3, 43, 2, 2, 1588836861),
(600, 3, 44, 2, 2, 1588836881),
(601, 3, 44, 1, 2, 1588836951),
(602, 3, 43, 1, 2, 1588836974),
(603, 3, 46, 1, 2, 1588840742),
(604, 3, 51, 2, 2, 1588840786),
(605, 3, 51, 1, 2, 1588840816),
(606, 3, 51, 1, 2, 1588840846),
(607, 3, 52, 2, 2, 1588840881),
(608, 3, 52, 1, 2, 1588840909),
(609, 3, 52, 1, 2, 1588840929),
(610, 3, 54, 2, 2, 1588840952),
(611, 3, 54, 1, 2, 1588840972),
(612, 3, 54, 1, 2, 1588841026),
(613, 3, 55, 1, 2, 1588841045),
(614, 3, 57, 1, 2, 1588841058),
(615, 3, 58, 1, 2, 1588841077),
(616, 3, 59, 1, 2, 1588841090),
(617, 3, 60, 1, 2, 1588841120),
(618, 3, 61, 2, 2, 1588841145),
(619, 3, 61, 1, 2, 1588841168),
(620, 3, 61, 1, 2, 1588841179),
(621, 3, 62, 2, 2, 1588841199),
(622, 3, 62, 1, 2, 1588841245),
(623, 3, 62, 1, 2, 1588841278),
(624, 3, 63, 2, 2, 1588841301),
(625, 3, 63, 1, 2, 1588841328),
(626, 3, 63, 1, 2, 1588841342),
(627, 3, 64, 1, 2, 1588841356),
(628, 3, 65, 1, 2, 1588841372),
(629, 3, 66, 1, 2, 1588841399),
(630, 3, 67, 2, 2, 1588841461),
(631, 3, 67, 1, 2, 1588841527),
(632, 3, 67, 1, 2, 1588841543),
(633, 3, 68, 1, 2, 1588841562),
(634, 3, 69, 1, 2, 1588841581),
(635, 3, 70, 2, 2, 1588841594),
(636, 3, 70, 1, 2, 1588841615),
(637, 3, 70, 1, 2, 1588841625),
(638, 3, 71, 2, 2, 1588841654),
(639, 3, 71, 1, 2, 1588841676),
(640, 3, 71, 1, 2, 1588841692),
(641, 3, 72, 1, 2, 1588841712),
(642, 3, 73, 1, 2, 1588841726),
(643, 3, 74, 1, 2, 1588841746),
(644, 3, 75, 1, 2, 1588841758),
(645, 3, 76, 1, 2, 1588841767),
(646, 3, 77, 1, 2, 1588841781),
(647, 3, 78, 2, 2, 1588841794),
(648, 3, 78, 1, 2, 1588841809),
(649, 3, 78, 1, 2, 1588841826),
(650, 3, 50, 2, 2, 1588841880),
(651, 3, 50, 1, 2, 1588841904),
(652, 3, 50, 1, 2, 1588841920),
(653, 3, 43, 1, 2, 1588841968),
(654, 3, 44, 2, 2, 1588841984),
(655, 3, 44, 1, 2, 1588842062),
(656, 3, 44, 1, 2, 1588842073),
(657, 3, 45, 1, 2, 1588842093),
(658, 3, 26, 2, 2, 1588842122),
(659, 3, 26, 1, 2, 1588842259),
(660, 3, 26, 1, 2, 1588842276),
(661, 3, 28, 1, 2, 1588842290),
(662, 3, 29, 1, 2, 1588842315),
(663, 3, 31, 2, 2, 1588842353),
(664, 3, 31, 1, 2, 1588842377),
(665, 3, 31, 1, 2, 1588842385),
(666, 3, 22, 1, 2, 1588842409),
(667, 3, 78, 1, 2, 1589430263),
(668, 3, 79, 1, 2, 1589430340),
(669, 3, 79, 1, 2, 1589430415),
(670, 3, 80, 1, 2, 1589430424),
(671, 3, 80, 1, 2, 1589430586),
(672, 3, 81, 1, 2, 1589430661),
(673, 3, 81, 1, 2, 1589430769),
(674, 3, 82, 1, 2, 1589430777),
(675, 3, 82, 1, 2, 1589430884),
(676, 3, 83, 1, 2, 1589430982),
(677, 3, 84, 1, 2, 1589431070),
(678, 3, 83, 1, 2, 1589431097),
(679, 3, 84, 1, 2, 1589431105),
(680, 3, 85, 1, 2, 1589431112),
(681, 3, 85, 1, 2, 1589431212),
(682, 3, 86, 1, 2, 1589431277),
(683, 3, 87, 1, 2, 1589431357),
(684, 3, 88, 1, 2, 1589431357),
(685, 3, 86, 1, 2, 1589431372),
(686, 3, 87, 1, 2, 1589431379),
(687, 3, 88, 1, 2, 1589431386),
(688, 3, 89, 1, 2, 1589431393),
(689, 3, 89, 1, 2, 1589431481),
(690, 3, 90, 1, 2, 1589431561),
(691, 3, 91, 1, 2, 1589431631),
(692, 3, 92, 1, 2, 1589431705),
(693, 3, 93, 1, 2, 1589431760),
(694, 3, 90, 1, 2, 1589431772),
(695, 3, 91, 1, 2, 1589431781),
(696, 3, 92, 1, 2, 1589431788),
(697, 3, 93, 1, 2, 1589431795),
(698, 3, 94, 1, 2, 1589431802),
(699, 3, 94, 1, 2, 1589431945),
(700, 3, 95, 1, 2, 1589432643),
(701, 3, 96, 1, 2, 1589432713),
(702, 3, 97, 1, 2, 1589432910),
(703, 3, 98, 1, 2, 1589433048),
(704, 3, 99, 1, 2, 1589433145),
(705, 3, 100, 1, 2, 1589433202),
(706, 3, 101, 1, 2, 1589433249),
(707, 3, 95, 1, 2, 1589433278),
(708, 3, 96, 1, 2, 1589433302),
(709, 3, 97, 2, 2, 1589433336),
(710, 3, 98, 1, 2, 1589433348),
(711, 3, 99, 1, 2, 1589434421),
(712, 3, 100, 1, 2, 1589434432),
(713, 3, 97, 1, 2, 1589434458),
(714, 3, 97, 1, 2, 1589434471),
(715, 2, 11, -1, 2, 1589434645),
(716, 2, 13, 1, 2, 1589435565),
(717, 2, 13, 1, 2, 1589435589),
(718, 2, 14, 1, 2, 1589435808),
(719, 2, 14, 1, 2, 1589435813),
(720, 2, 14, -1, 2, 1589435822),
(721, 2, 10, -1, 2, 1589435882),
(722, 2, 15, 1, 2, 1589435931),
(723, 2, 15, 1, 2, 1589435950),
(724, 4, 1, -1, 2, 1589437547),
(725, 4, 2, -1, 2, 1589437660),
(726, 3, 101, 1, 2, 1597828500),
(727, 3, 102, 1, 2, 1597828759),
(728, 3, 102, 1, 2, 1597828851),
(729, 3, 103, 1, 2, 1597828864),
(730, 1, 45, 1, 2, 1597828988),
(731, 1, 45, 1, 2, 1597828998),
(732, 1, 45, -1, 2, 1597829024),
(733, 3, 14, -1, 2, 1597832449),
(734, 3, 15, -1, 2, 1597832453),
(735, 3, 23, -1, 2, 1597832458),
(736, 3, 16, -1, 2, 1597832462),
(737, 3, 17, -1, 2, 1597832467),
(738, 3, 18, -1, 2, 1597832471),
(739, 3, 19, -1, 2, 1597832476),
(740, 3, 20, -1, 2, 1597832481),
(741, 3, 21, -1, 2, 1597832486),
(742, 3, 22, -1, 2, 1597832491),
(743, 1, 23, -1, 2, 1597833053),
(744, 1, 33, -1, 2, 1597833070),
(745, 1, 44, -1, 2, 1597833075),
(746, 1, 43, -1, 2, 1597833080),
(747, 3, 24, -1, 2, 1597833094),
(748, 3, 25, -1, 2, 1597833101),
(749, 3, 26, -1, 2, 1597833115),
(750, 3, 27, -1, 2, 1597833118),
(751, 3, 28, -1, 2, 1597833121),
(752, 3, 29, -1, 2, 1597833124),
(753, 3, 30, -1, 2, 1597833128),
(754, 3, 31, -1, 2, 1597833131),
(755, 3, 33, -1, 2, 1597833134),
(756, 3, 34, -1, 2, 1597833136),
(757, 3, 35, -1, 2, 1597833139),
(758, 3, 36, -1, 2, 1597833142),
(759, 3, 37, -1, 2, 1597833146),
(760, 3, 38, -1, 2, 1597833149),
(761, 3, 39, -1, 2, 1597833152),
(762, 3, 40, -1, 2, 1597833154),
(763, 3, 41, -1, 2, 1597833157),
(764, 3, 43, -1, 2, 1597833161),
(765, 3, 44, -1, 2, 1597833163),
(766, 3, 45, -1, 2, 1597833165),
(767, 3, 46, -1, 2, 1597833168),
(768, 3, 50, -1, 2, 1597833171),
(769, 3, 51, -1, 2, 1597833173),
(770, 3, 63, -1, 2, 1597833180),
(771, 3, 54, -1, 2, 1597833183),
(772, 3, 55, -1, 2, 1597833188),
(773, 3, 57, -1, 2, 1597833191),
(774, 3, 58, -1, 2, 1597833195),
(775, 3, 52, -1, 2, 1597833202),
(776, 3, 59, -1, 2, 1597833206),
(777, 3, 60, -1, 2, 1597833208),
(778, 3, 61, -1, 2, 1597833212),
(779, 3, 62, -1, 2, 1597833215),
(780, 3, 64, -1, 2, 1597833218),
(781, 3, 65, -1, 2, 1597833220),
(782, 3, 66, -1, 2, 1597833223),
(783, 3, 67, -1, 2, 1597833226),
(784, 3, 68, -1, 2, 1597833229),
(785, 3, 69, -1, 2, 1597833234),
(786, 3, 70, -1, 2, 1597833238),
(787, 3, 71, -1, 2, 1597833245),
(788, 3, 72, -1, 2, 1597833247),
(789, 3, 73, -1, 2, 1597833249),
(790, 3, 74, -1, 2, 1597833253),
(791, 3, 75, -1, 2, 1597833256),
(792, 3, 76, -1, 2, 1597833259),
(793, 3, 77, -1, 2, 1597833263),
(794, 3, 78, -1, 2, 1597833266),
(795, 3, 79, -1, 2, 1597833285),
(796, 3, 80, -1, 2, 1597833292),
(797, 3, 81, -1, 2, 1597833295),
(798, 3, 82, -1, 2, 1597833297),
(799, 3, 83, -1, 2, 1597833299),
(800, 3, 84, -1, 2, 1597833302),
(801, 3, 85, -1, 2, 1597833305),
(802, 3, 86, -1, 2, 1597833307),
(803, 3, 87, -1, 2, 1597833309),
(804, 3, 88, -1, 2, 1597833311),
(805, 3, 89, -1, 2, 1597833351),
(806, 3, 90, -1, 2, 1597833354),
(807, 3, 91, -1, 2, 1597833356),
(808, 3, 92, -1, 2, 1597833359),
(809, 3, 93, -1, 2, 1597833361),
(810, 3, 94, -1, 2, 1597833363),
(811, 3, 95, -1, 2, 1597833365),
(812, 3, 96, -1, 2, 1597833367),
(813, 3, 97, -1, 2, 1597833369),
(814, 3, 98, -1, 2, 1597833371),
(815, 3, 99, -1, 2, 1597833373),
(816, 3, 100, -1, 2, 1597833376),
(817, 3, 101, -1, 2, 1597833378),
(818, 3, 102, -1, 2, 1597833380),
(819, 3, 103, -1, 2, 1597833382),
(820, 1, 41, -1, 2, 1597833436),
(821, 1, 40, -1, 2, 1597833447),
(822, 1, 39, -1, 2, 1597833451),
(823, 1, 38, -1, 2, 1597833453),
(824, 1, 37, -1, 2, 1597833455),
(825, 1, 36, -1, 2, 1597833457),
(826, 1, 34, -1, 2, 1597833460),
(827, 1, 32, -1, 2, 1597833463),
(828, 1, 28, -1, 2, 1597833467),
(829, 1, 27, -1, 2, 1597833470),
(830, 1, 26, -1, 2, 1597833472),
(831, 1, 25, -1, 2, 1597833474),
(832, 1, 46, 1, 2, 1597833710),
(833, 1, 46, 1, 2, 1597833723),
(834, 3, 103, 1, 2, 1598244806),
(835, 3, 104, 1, 2, 1598245376),
(836, 1, 47, 1, 2, 1598608950),
(837, 1, 47, 1, 2, 1598608966),
(838, 3, 104, 1, 2, 1598609226),
(839, 3, 105, 1, 2, 1598609259),
(840, 3, 105, 1, 2, 1598609437),
(841, 3, 106, 1, 2, 1598609547),
(842, 3, 107, 1, 2, 1598609603),
(843, 3, 108, 1, 2, 1598609700),
(844, 3, 109, 1, 2, 1598609757),
(845, 3, 106, 1, 2, 1598609773),
(846, 3, 107, 1, 2, 1598609779),
(847, 3, 108, 1, 2, 1598609784),
(848, 3, 109, 1, 2, 1598609788),
(849, 3, 110, 1, 2, 1598609792),
(850, 1, 46, -1, 2, 1599300841),
(851, 1, 47, -1, 2, 1599300845),
(852, 1, 48, 1, 2, 1599301158),
(853, 1, 48, 1, 2, 1599301182),
(854, 1, 49, 1, 2, 1599301271),
(855, 1, 49, 1, 2, 1599301281),
(856, 1, 48, -1, 2, 1599301292),
(857, 1, 50, 1, 2, 1599301357),
(858, 3, 110, 1, 2, 1599301462),
(859, 3, 111, 1, 2, 1599301480),
(860, 3, 104, -1, 2, 1599305823),
(861, 3, 105, -1, 2, 1599305827),
(862, 3, 106, -1, 2, 1599305830),
(863, 3, 107, -1, 2, 1599305833),
(864, 3, 108, -1, 2, 1599305835),
(865, 3, 109, -1, 2, 1599305838),
(866, 3, 110, -1, 2, 1599305841),
(867, 3, 111, -1, 2, 1599305843),
(868, 3, 111, 1, 2, 1599305899),
(869, 3, 112, 1, 2, 1599305931),
(870, 3, 112, 1, 2, 1599305948),
(871, 3, 113, 1, 2, 1599305952),
(872, 3, 113, 1, 2, 1599306118),
(873, 3, 114, 1, 2, 1599306133),
(874, 3, 114, 1, 2, 1599306245),
(875, 3, 115, 1, 2, 1599306251),
(876, 3, 115, 1, 2, 1599306282),
(877, 3, 116, 1, 2, 1599306293),
(878, 3, 116, 1, 2, 1599306341),
(879, 3, 117, 1, 2, 1599306346),
(880, 3, 117, -1, 2, 1599308904),
(881, 3, 115, -1, 2, 1599308909),
(882, 3, 116, -1, 2, 1599308914),
(883, 3, 117, 1, 2, 1599308972),
(884, 3, 118, 1, 2, 1599308981),
(885, 3, 118, -1, 2, 1599462588),
(886, 3, 118, 1, 2, 1599463497),
(887, 3, 119, 1, 2, 1599463566),
(888, 3, 119, 2, 2, 1599463579),
(889, 1, 50, 1, 2, 1599463596),
(890, 3, 119, 1, 2, 1599463624),
(891, 3, 120, 2, 2, 1599463646),
(892, 3, 119, 2, 2, 1599463651),
(893, 3, 119, 1, 2, 1599463677),
(894, 3, 120, 1, 2, 1599463702),
(895, 3, 120, 2, 2, 1599463720),
(896, 3, 120, 1, 2, 1599463743),
(897, 3, 119, 1, 2, 1599463756),
(898, 3, 120, 1, 2, 1599463761),
(899, 3, 120, -1, 2, 1599907618),
(900, 3, 113, -1, 2, 1599907639),
(901, 3, 114, -1, 2, 1599907643),
(902, 3, 119, -1, 2, 1599907648),
(903, 3, 112, -1, 2, 1599907652);

-- --------------------------------------------------------

--
-- Table structure for table `products_image_gallery`
--

CREATE TABLE `products_image_gallery` (
  `img_id` int(11) NOT NULL,
  `prd_id` int(11) NOT NULL,
  `img_name` text NOT NULL,
  `crt_stm` int(11) NOT NULL
) ENGINE=InnoDB DEFAULT CHARSET=latin1;

--
-- Dumping data for table `products_image_gallery`
--

INSERT INTO `products_image_gallery` (`img_id`, `prd_id`, `img_name`, `crt_stm`) VALUES
(1, 1, 'P1_Chrysanthemum.jpg', 1565061453),
(2, 2, 'P1_Products_-_SIlencer1.jpg', 1565062227),
(3, 3, 'P1_Factory_and_Raw_Material_Yard.jpg', 1565103070),
(4, 9, 'P1_Chrysanthemum.jpg', 1565805608);

-- --------------------------------------------------------

--
-- Table structure for table `products_list`
--

CREATE TABLE `products_list` (
  `prd_id` int(11) NOT NULL,
  `prcat_id` int(11) NOT NULL,
  `prscat_id` int(11) NOT NULL,
  `ptyp_id` int(11) NOT NULL,
  `prd_nme` varchar(100) NOT NULL,
  `prd_appln` varchar(300) NOT NULL,
  `prd_descr` varchar(250) NOT NULL,
  `prd_spec` varchar(400) NOT NULL,
  `uom_id` int(11) NOT NULL,
  `prd_pkng` varchar(400) NOT NULL,
  `crt_by` int(11) NOT NULL,
  `crt_stm` int(11) NOT NULL,
  `status` int(11) NOT NULL
) ENGINE=InnoDB DEFAULT CHARSET=latin1;

--
-- Dumping data for table `products_list`
--

INSERT INTO `products_list` (`prd_id`, `prcat_id`, `prscat_id`, `ptyp_id`, `prd_nme`, `prd_appln`, `prd_descr`, `prd_spec`, `uom_id`, `prd_pkng`, `crt_by`, `crt_stm`, `status`) VALUES
(1, 1, 0, 1, 'My Product', 'Boiler Cleaning', '<p>This product comes under cleaning purpose&nbsp;&nbsp;&nbsp;&nbsp;</p>', '<p>250mg amg , 600hg</p>', 1, '10Ltr,25ltr,50ltr', 0, 1565061453, 0),
(2, 3, 0, 2, 'Vacuum Pumps', 'WTP Plant', '<p>It is used in WTP&nbsp;</p>', '<p>14*15*12</p>', 4, 'Single', 0, 1565062227, 0),
(3, 4, 0, 3, 'HEXANE', 'cleaning', '<p>It is used in the following application</p><ul><li>Boiler cleaning</li><li>WT Plant cleaning</li></ul> ', ' <p>34%4*7</p>', 1, '25 LITERS', 0, 1565103070, 1),
(4, 2, 0, 5, 'Pressure Valves', 'Pressure parts', '<p>ajdajsjjlkjkldaf</p><p><br></p><p>adfsjkkjladkjfjk<br></p>', '<p>15*10*12<br></p>', 4, 'single packing', 0, 1565796157, 0),
(5, 2, 0, 5, 'Pressure Valves', 'Pressure parts', '<p>ajdajsjjlkjkldaf</p><p><br></p><p>adfsjkkjladkjfjk<br></p>', '<p>15*10*12<br></p>', 4, 'single packing', 0, 1565796173, 0),
(9, 2, 0, 5, 'My Product', 'Boiler Cleaning', '<p>d</p>', '<p>d</p>', 5, '1kg', 0, 1565805608, 0),
(10, 3, 0, 2, 'Hydraulic Pump', 'WTP ', '<p>Add FM</p><ul><li>DKK GH</li><li>Sh to</li><li>Cf by</li></ul><p>Woo Zn eh if</p><p><br></p>', '<ul><li>23*45</li><li>654</li><li>Asc</li></ul>', 4, 'Single units', 2, 1566235793, 0);

-- --------------------------------------------------------

--
-- Table structure for table `product_categories`
--

CREATE TABLE `product_categories` (
  `prcat_id` int(11) NOT NULL,
  `name` varchar(50) NOT NULL,
  `descr` varchar(150) NOT NULL,
  `upd_dt` text NOT NULL,
  `upd_by` int(11) NOT NULL,
  `status` int(11) NOT NULL
) ENGINE=InnoDB DEFAULT CHARSET=latin1;

--
-- Dumping data for table `product_categories`
--

INSERT INTO `product_categories` (`prcat_id`, `name`, `descr`, `upd_dt`, `upd_by`, `status`) VALUES
(1, 'CHEMICAL', '', '2019/08/06', 2, 0),
(2, 'BOILER SPARES', '', '2019/08/06', 2, 0),
(3, 'WTP SPARES', '', '2019/08/06', 2, 0),
(4, 'WTP CHEMICALS', '', '2019/08/06', 2, 0),
(5, 'BOILER PRODUCTS', '', '2019/08/14', 2, 0),
(6, 'BOILER CHEMICALS', '', '2019/08/14', 2, 0);

-- --------------------------------------------------------

--
-- Table structure for table `product_subcategories`
--

CREATE TABLE `product_subcategories` (
  `prscat_id` int(11) NOT NULL,
  `prcat_id` int(11) NOT NULL,
  `name` varchar(50) NOT NULL,
  `crt_stm` int(11) NOT NULL,
  `crt_by` int(11) NOT NULL,
  `status` int(11) NOT NULL
) ENGINE=InnoDB DEFAULT CHARSET=latin1;

--
-- Dumping data for table `product_subcategories`
--

INSERT INTO `product_subcategories` (`prscat_id`, `prcat_id`, `name`, `crt_stm`, `crt_by`, `status`) VALUES
(1, 3, 'PUMPS', 1566409127, 2, 0);

-- --------------------------------------------------------

--
-- Table structure for table `product_types`
--

CREATE TABLE `product_types` (
  `ptyp_id` int(11) NOT NULL,
  `prcat_id` int(11) NOT NULL,
  `prscat_id` int(11) NOT NULL,
  `name` varchar(50) NOT NULL,
  `crt_stm` int(11) NOT NULL,
  `crt_by` int(11) NOT NULL,
  `status` int(11) NOT NULL
) ENGINE=InnoDB DEFAULT CHARSET=latin1;

--
-- Dumping data for table `product_types`
--

INSERT INTO `product_types` (`ptyp_id`, `prcat_id`, `prscat_id`, `name`, `crt_stm`, `crt_by`, `status`) VALUES
(1, 1, 0, 'COOLANT OIL', 1565061319, 0, 0),
(2, 3, 0, 'PUMPS', 1565061869, 0, 0),
(3, 4, 0, 'SOLVENT ', 1565102627, 0, 0),
(4, 3, 0, 'VACUAM PUMPS', 1565755309, 0, 0),
(5, 2, 0, 'VALVES', 1565795964, 0, 0),
(6, 3, 1, 'PRESSURE PUMPS', 1566409198, 2, 0);

-- --------------------------------------------------------

--
-- Table structure for table `product_updates`
--

CREATE TABLE `product_updates` (
  `id` int(11) NOT NULL,
  `prd_id` int(11) NOT NULL,
  `status` int(11) NOT NULL,
  `crt_by` int(11) NOT NULL,
  `crt_stm` int(11) NOT NULL
) ENGINE=InnoDB DEFAULT CHARSET=latin1;

--
-- Dumping data for table `product_updates`
--

INSERT INTO `product_updates` (`id`, `prd_id`, `status`, `crt_by`, `crt_stm`) VALUES
(1, 9, 0, 2, 1565805608),
(2, 10, 0, 2, 1566235793);

-- --------------------------------------------------------

--
-- Table structure for table `prof_certifications`
--

CREATE TABLE `prof_certifications` (
  `cert_id` int(11) NOT NULL,
  `name` varchar(50) NOT NULL,
  `crt_by` int(11) NOT NULL,
  `crt_stm` int(11) NOT NULL,
  `status` int(11) NOT NULL
) ENGINE=InnoDB DEFAULT CHARSET=latin1;

--
-- Dumping data for table `prof_certifications`
--

INSERT INTO `prof_certifications` (`cert_id`, `name`, `crt_by`, `crt_stm`, `status`) VALUES
(1, 'BOE', 2, 1566403159, -1),
(2, 'FIRST CLASS BOILER OPERATOR', 2, 1566403324, 0),
(3, 'SECOND CLASS BOILER OPERATOR', 2, 1566403332, 0),
(4, 'ELECTRICAL \"B\" LICENCE', 2, 1566403338, 0),
(5, 'ELECTRICAL \"C\" LICENCE', 2, 1566403347, 0),
(6, 'NPTI', 2, 1566403354, 0),
(7, 'OTHERS', 2, 1566403360, 0),
(8, 'NDT LEVEL I', 2, 1577448430, 0),
(9, 'NDT LEVEL II', 2, 1577448443, 0),
(10, 'NDT LEVEL III', 2, 1577448457, 0),
(11, 'ULTRASONIC TESTING I', 2, 1577448499, -1),
(12, 'ULTRASONIC TESTING II', 2, 1577448533, -1),
(13, 'ULTRASONIC TESTING III', 2, 1577448547, -1),
(14, 'HP WELDER ', 2, 1577448567, 0),
(15, 'BOILER OPERATING ENGINEER', 2, 1577448652, 0),
(16, 'ENERGY MANAGER', 2, 1577448692, 0),
(17, 'ENERGY AUDITOR', 2, 1577448706, 0),
(18, 'DIPLOMA IN INDUSTRIAL SAFETY', 2, 1577449776, 0),
(19, 'BUSINESS CONSULTANT HR', 2, 1582615033, 0);

-- --------------------------------------------------------

--
-- Table structure for table `services_image_gallery`
--

CREATE TABLE `services_image_gallery` (
  `img_id` int(11) NOT NULL,
  `srv_id` int(11) NOT NULL,
  `img_name` text NOT NULL,
  `crt_stm` int(11) NOT NULL
) ENGINE=InnoDB DEFAULT CHARSET=latin1;

--
-- Dumping data for table `services_image_gallery`
--

INSERT INTO `services_image_gallery` (`img_id`, `srv_id`, `img_name`, `crt_stm`) VALUES
(1, 1, '1s1_Products_-_Bed_Coil_(Carbon_Steel).jpg', 1565032499),
(2, 1, '1s1_image.png', 1565032594),
(3, 1, '1s1_Products_-_Bed_Coil_(Carbon_Steel)1.jpg', 1565032658),
(4, 2, '2s1_Koala.jpg', 1565061971),
(5, 2, '2s1_image_(3).png', 1565754808),
(9, 4, '4s2_Desert.jpg', 1565803842);

-- --------------------------------------------------------

--
-- Table structure for table `services_list`
--

CREATE TABLE `services_list` (
  `srv_id` int(11) NOT NULL,
  `srcat_id` int(11) NOT NULL,
  `srsbcat_id` int(11) NOT NULL,
  `styp_id` int(11) NOT NULL,
  `name` varchar(150) NOT NULL,
  `srt_descr` varchar(100) NOT NULL,
  `descr` text NOT NULL,
  `thumb_img` varchar(50) NOT NULL,
  `crt_stm` int(11) NOT NULL,
  `crt_by` int(11) NOT NULL,
  `status` int(11) NOT NULL
) ENGINE=InnoDB DEFAULT CHARSET=latin1;

--
-- Dumping data for table `services_list`
--

INSERT INTO `services_list` (`srv_id`, `srcat_id`, `srsbcat_id`, `styp_id`, `name`, `srt_descr`, `descr`, `thumb_img`, `crt_stm`, `crt_by`, `status`) VALUES
(1, 1, 0, 0, '', '', '<p class=\"MsoNormal\" style=\"text-align:justify\"><span style=\"font-family:&quot;Times New Roman&quot;,&quot;serif&quot;\">At\r\nthe heart of all O&amp;M lies the equipment. Across the nation, this equipment\r\nvaries greatly in age, size, type, model, fuel used, condition, etc. O&amp;M\r\nservices mainly should address<o:p></o:p></span></p><ul><li style=\"text-align: justify; text-indent: -0.25in;\"><!--[if !supportLists]--><span style=\"font-family:Symbol;\r\nmso-fareast-font-family:Symbol;mso-bidi-font-family:Symbol\">·<span style=\"font-variant-numeric: normal; font-variant-east-asian: normal; font-stretch: normal; font-size: 7pt; line-height: normal; font-family: &quot;Times New Roman&quot;;\">&nbsp;&nbsp;&nbsp;&nbsp;&nbsp;&nbsp;&nbsp;&nbsp;\r\n</span></span><!--[endif]--><span style=\"font-family:&quot;Times New Roman&quot;,&quot;serif&quot;\">Present\r\ngeneral equipment descriptions and operating principles and procedures,\r\nparameters &nbsp;for the major equipment\r\ntypes.<o:p></o:p></span></li><li style=\"text-align: justify; text-indent: -0.25in;\"><!--[if !supportLists]--><span style=\"font-family:Symbol;\r\nmso-fareast-font-family:Symbol;mso-bidi-font-family:Symbol\">·<span style=\"font-variant-numeric: normal; font-variant-east-asian: normal; font-stretch: normal; font-size: 7pt; line-height: normal; font-family: &quot;Times New Roman&quot;;\">&nbsp;&nbsp;&nbsp;&nbsp;&nbsp;&nbsp;&nbsp;&nbsp;\r\n</span></span><!--[endif]--><span style=\"font-family:&quot;Times New Roman&quot;,&quot;serif&quot;\">The\r\nkey maintenance components of particular equipment.<o:p></o:p></span></li><li style=\"text-align: justify; text-indent: -0.25in;\"><!--[if !supportLists]--><span style=\"font-family:Symbol;\r\nmso-fareast-font-family:Symbol;mso-bidi-font-family:Symbol\">·<span style=\"font-variant-numeric: normal; font-variant-east-asian: normal; font-stretch: normal; font-size: 7pt; line-height: normal; font-family: &quot;Times New Roman&quot;;\">&nbsp;&nbsp;&nbsp;&nbsp;&nbsp;&nbsp;&nbsp;&nbsp;\r\n</span></span><!--[endif]--><span style=\"font-family:&quot;Times New Roman&quot;,&quot;serif&quot;\">Highlight\r\nimportant safety issues.<o:p></o:p></span></li><li style=\"text-align: justify; text-indent: -0.25in;\"><!--[if !supportLists]--><span style=\"font-family:Symbol;\r\nmso-fareast-font-family:Symbol;mso-bidi-font-family:Symbol\">·<span style=\"font-variant-numeric: normal; font-variant-east-asian: normal; font-stretch: normal; font-size: 7pt; line-height: normal; font-family: &quot;Times New Roman&quot;;\">&nbsp;&nbsp;&nbsp;&nbsp;&nbsp;&nbsp;&nbsp;&nbsp;\r\n</span></span><!--[endif]--><span style=\"font-family:&quot;Times New Roman&quot;,&quot;serif&quot;\">Cost\r\nand energy efficiency issues.<o:p></o:p></span></li><li style=\"text-align: justify; text-indent: -0.25in;\"><!--[if !supportLists]--><span style=\"font-family:Symbol;\r\nmso-fareast-font-family:Symbol;mso-bidi-font-family:Symbol\">·<span style=\"font-variant-numeric: normal; font-variant-east-asian: normal; font-stretch: normal; font-size: 7pt; line-height: normal; font-family: &quot;Times New Roman&quot;;\">&nbsp;&nbsp;&nbsp;&nbsp;&nbsp;&nbsp;&nbsp;&nbsp;\r\n</span></span><!--[endif]--><span style=\"font-family:&quot;Times New Roman&quot;,&quot;serif&quot;\">Highlights\r\nof water-related efficiency impacts and issues.<o:p></o:p></span></li><li style=\"text-align: justify; text-indent: -0.25in;\"><!--[if !supportLists]--><span style=\"font-family:Symbol;\r\nmso-fareast-font-family:Symbol;mso-bidi-font-family:Symbol\">·<span style=\"font-variant-numeric: normal; font-variant-east-asian: normal; font-stretch: normal; font-size: 7pt; line-height: normal; font-family: &quot;Times New Roman&quot;;\">&nbsp;&nbsp;&nbsp;&nbsp;&nbsp;&nbsp;&nbsp;&nbsp;\r\n</span></span><!--[endif]--><span style=\"font-family:&quot;Times New Roman&quot;,&quot;serif&quot;\">Recommended\r\ngeneral O&amp;M activities in the form of checklists.<o:p></o:p></span></li><li style=\"text-align: justify; text-indent: -0.25in;\"><!--[if !supportLists]--><span style=\"font-family:Symbol;\r\nmso-fareast-font-family:Symbol;mso-bidi-font-family:Symbol\">·<span style=\"font-variant-numeric: normal; font-variant-east-asian: normal; font-stretch: normal; font-size: 7pt; line-height: normal; font-family: &quot;Times New Roman&quot;;\">&nbsp;&nbsp;&nbsp;&nbsp;&nbsp;&nbsp;&nbsp;&nbsp;\r\n</span></span><!--[endif]--><span style=\"font-family:&quot;Times New Roman&quot;,&quot;serif&quot;\">Analysis\r\nof case studies with issues and root cause analysis and remedial measures.<o:p></o:p></span></li><li style=\"text-align: justify; text-indent: -0.25in;\"><!--[if !supportLists]--><span style=\"font-family:Symbol;\r\nmso-fareast-font-family:Symbol;mso-bidi-font-family:Symbol\">·<span style=\"font-variant-numeric: normal; font-variant-east-asian: normal; font-stretch: normal; font-size: 7pt; line-height: normal; font-family: &quot;Times New Roman&quot;;\">&nbsp;&nbsp;&nbsp;&nbsp;&nbsp;&nbsp;&nbsp;&nbsp;\r\n</span></span><!--[endif]--><span style=\"font-family:&quot;Times New Roman&quot;,&quot;serif&quot;\">Trouble\r\nfree operation with optimum output as expected by clients.<o:p></o:p></span></li></ul><p class=\"MsoNormal\" style=\"text-align:justify\"><span style=\"font-family:&quot;Times New Roman&quot;,&quot;serif&quot;\">Above\r\nconsiderations are the main objectives of O&amp;M services, and with aiming at\r\nthese objectives, our company takes up O&amp;M services and serve customers\r\nwith expert man power network added with technical knowledge in the fields of\r\nDesign, Commissioning, Operation, Maintenance and Overhauling of all the equipment.<o:p></o:p></span></p><p class=\"MsoNormal\" style=\"text-align:justify\"><b><u><span style=\"font-family:&quot;Times New Roman&quot;,&quot;serif&quot;\">Why SPEL for O\r\n&amp; M:<o:p></o:p></span></u></b></p><p class=\"MsoNormal\" style=\"text-align:justify;text-indent:.5in\"><span style=\"font-family:&quot;Times New Roman&quot;,&quot;serif&quot;\">SPEL offers a complete range of\r\nOperations &amp; Maintenance (O&amp;M) services to Industrial and Thermal power\r\nplants.&nbsp; SPEL having rich experience in\r\nsetting up complete O&amp;M activities to ensure safe and efficient operations\r\nand capable of managing both planned and unplanned maintenance activities of\r\ntotal plant inclusive of raw water treatments, DM water systems, boilers, TGS\r\nand their auxiliaries, cooling water systems, coal handling systems, ash\r\nhandling systems, Electrical and Instrumentation systems.&nbsp;<o:p></o:p></span></p><p class=\"MsoNormal\" style=\"text-align:justify\"><b><span style=\"font-family:&quot;Times New Roman&quot;,&quot;serif&quot;\">O&amp;M\r\nResponsibility:<o:p></o:p></span></b></p><p class=\"MsoNormal\" style=\"margin: 0in 0in 0.0001pt 18.75pt; text-align: justify; text-indent: -0.25in; line-height: normal; background-image: initial; background-position: initial; background-size: initial; background-repeat: initial; background-attachment: initial; background-origin: initial; background-clip: initial;\"><!--[if !supportLists]--><span style=\"font-size:10.0pt;mso-bidi-font-size:\r\n11.0pt;font-family:Symbol;mso-fareast-font-family:Symbol;mso-bidi-font-family:\r\nSymbol\">·<span style=\"font-variant-numeric: normal; font-variant-east-asian: normal; font-stretch: normal; font-size: 7pt; line-height: normal; font-family: &quot;Times New Roman&quot;;\">&nbsp;&nbsp;&nbsp;&nbsp;&nbsp;&nbsp;&nbsp;&nbsp;\r\n</span></span><!--[endif]--><span style=\"font-family:&quot;Times New Roman&quot;,&quot;serif&quot;\">Operation\r\n&amp; Maintenance (O&amp;M) in entire Power plant area.<o:p></o:p></span></p><p class=\"MsoNormal\" style=\"margin: 0in 0in 0.0001pt 18.75pt; text-align: justify; text-indent: -0.25in; line-height: normal; background-image: initial; background-position: initial; background-size: initial; background-repeat: initial; background-attachment: initial; background-origin: initial; background-clip: initial;\"><!--[if !supportLists]--><span style=\"font-size:10.0pt;mso-bidi-font-size:11.0pt;font-family:Symbol;\r\nmso-fareast-font-family:Symbol;mso-bidi-font-family:Symbol\">·<span style=\"font-variant-numeric: normal; font-variant-east-asian: normal; font-stretch: normal; font-size: 7pt; line-height: normal; font-family: &quot;Times New Roman&quot;;\">&nbsp;&nbsp;&nbsp;&nbsp;&nbsp;&nbsp;&nbsp;&nbsp;\r\n</span></span><!--[endif]--><span style=\"font-family:&quot;Times New Roman&quot;,&quot;serif&quot;\">Day\r\nto day operations, including production planning, estimation, scheduling and\r\nexecution.<o:p></o:p></span></p><p class=\"MsoNormal\" style=\"margin: 0in 0in 0.0001pt 18.75pt; text-align: justify; text-indent: -0.25in; line-height: normal; background-image: initial; background-position: initial; background-size: initial; background-repeat: initial; background-attachment: initial; background-origin: initial; background-clip: initial;\"><!--[if !supportLists]--><span style=\"font-size:10.0pt;mso-bidi-font-size:11.0pt;font-family:Symbol;\r\nmso-fareast-font-family:Symbol;mso-bidi-font-family:Symbol\">·<span style=\"font-variant-numeric: normal; font-variant-east-asian: normal; font-stretch: normal; font-size: 7pt; line-height: normal; font-family: &quot;Times New Roman&quot;;\">&nbsp;&nbsp;&nbsp;&nbsp;&nbsp;&nbsp;&nbsp;&nbsp;\r\n</span></span><!--[endif]--><span style=\"font-family:&quot;Times New Roman&quot;,&quot;serif&quot;\">Performance\r\nmonitoring, diagnostics and efficiency enhancement.<o:p></o:p></span></p><p class=\"MsoNormal\" style=\"margin: 0in 0in 0.0001pt 18.75pt; text-align: justify; text-indent: -0.25in; line-height: normal; background-image: initial; background-position: initial; background-size: initial; background-repeat: initial; background-attachment: initial; background-origin: initial; background-clip: initial;\"><!--[if !supportLists]--><span style=\"font-size:10.0pt;mso-bidi-font-size:11.0pt;font-family:Symbol;\r\nmso-fareast-font-family:Symbol;mso-bidi-font-family:Symbol\">·<span style=\"font-variant-numeric: normal; font-variant-east-asian: normal; font-stretch: normal; font-size: 7pt; line-height: normal; font-family: &quot;Times New Roman&quot;;\">&nbsp;&nbsp;&nbsp;&nbsp;&nbsp;&nbsp;&nbsp;&nbsp;\r\n</span></span><!--[endif]--><span style=\"font-family:&quot;Times New Roman&quot;,&quot;serif&quot;\">Execution\r\nof Technology evaluation for improved performance and spares management required\r\nby Client.<o:p></o:p></span></p><p class=\"MsoNormal\" style=\"margin: 0in 0in 0.0001pt 18.75pt; text-align: justify; text-indent: -0.25in; line-height: normal; background-image: initial; background-position: initial; background-size: initial; background-repeat: initial; background-attachment: initial; background-origin: initial; background-clip: initial;\"><!--[if !supportLists]--><span style=\"font-size:10.0pt;mso-bidi-font-size:\r\n11.0pt;font-family:Symbol;mso-fareast-font-family:Symbol;mso-bidi-font-family:\r\nSymbol\">·<span style=\"font-variant-numeric: normal; font-variant-east-asian: normal; font-stretch: normal; font-size: 7pt; line-height: normal; font-family: &quot;Times New Roman&quot;;\">&nbsp;&nbsp;&nbsp;&nbsp;&nbsp;&nbsp;&nbsp;&nbsp;\r\n</span></span><!--[endif]--><span style=\"font-family:&quot;Times New Roman&quot;,&quot;serif&quot;\">Improve\r\nO&amp;M systems and policies as per Client requirement.<o:p></o:p></span></p><p class=\"MsoNormal\" style=\"margin: 0in 0in 0.0001pt 18.75pt; text-align: justify; text-indent: -0.25in; line-height: normal; background-image: initial; background-position: initial; background-size: initial; background-repeat: initial; background-attachment: initial; background-origin: initial; background-clip: initial;\"><!--[if !supportLists]--><span style=\"font-size:10.0pt;mso-bidi-font-size:11.0pt;font-family:Symbol;\r\nmso-fareast-font-family:Symbol;mso-bidi-font-family:Symbol\">·<span style=\"font-variant-numeric: normal; font-variant-east-asian: normal; font-stretch: normal; font-size: 7pt; line-height: normal; font-family: &quot;Times New Roman&quot;;\">&nbsp;&nbsp;&nbsp;&nbsp;&nbsp;&nbsp;&nbsp;&nbsp;\r\n</span></span><!--[endif]--><span style=\"font-family:&quot;Times New Roman&quot;,&quot;serif&quot;\">Regular\r\nmeetings with Clients for day to day operation activities.&nbsp;<o:p></o:p></span></p><p class=\"MsoNormal\" style=\"margin: 0in 0in 0.0001pt 18.75pt; text-align: justify; text-indent: -0.25in; line-height: normal; background-image: initial; background-position: initial; background-size: initial; background-repeat: initial; background-attachment: initial; background-origin: initial; background-clip: initial;\"><!--[if !supportLists]--><span style=\"font-size:10.0pt;mso-bidi-font-size:11.0pt;font-family:Symbol;\r\nmso-fareast-font-family:Symbol;mso-bidi-font-family:Symbol\">·<span style=\"font-variant-numeric: normal; font-variant-east-asian: normal; font-stretch: normal; font-size: 7pt; line-height: normal; font-family: &quot;Times New Roman&quot;;\">&nbsp;&nbsp;&nbsp;&nbsp;&nbsp;&nbsp;&nbsp;&nbsp;\r\n</span></span><!--[endif]--><span style=\"font-family:&quot;Times New Roman&quot;,&quot;serif&quot;\">Review\r\nof safety norms on regular basis both at sites and administrative offices empharaising\r\nproactive measures.<o:p></o:p></span></p><p class=\"MsoNormal\" style=\"margin: 0in 0in 0.0001pt 18.75pt; text-align: justify; text-indent: -0.25in; line-height: normal; background-image: initial; background-position: initial; background-size: initial; background-repeat: initial; background-attachment: initial; background-origin: initial; background-clip: initial;\"><!--[if !supportLists]--><span style=\"font-size:10.0pt;mso-bidi-font-size:11.0pt;font-family:Symbol;\r\nmso-fareast-font-family:Symbol;mso-bidi-font-family:Symbol\">·<span style=\"font-variant-numeric: normal; font-variant-east-asian: normal; font-stretch: normal; font-size: 7pt; line-height: normal; font-family: &quot;Times New Roman&quot;;\">&nbsp;&nbsp;&nbsp;&nbsp;&nbsp;&nbsp;&nbsp;&nbsp;\r\n</span></span><!--[endif]--><span style=\"font-family:&quot;Times New Roman&quot;,&quot;serif&quot;\">Manage\r\nand increase the effectiveness and efficiency of Support Services through\r\nimprovements in all functions.<o:p></o:p></span></p><p class=\"MsoNormal\" style=\"margin: 0in 0in 0.0001pt 18.75pt; text-align: justify; text-indent: -0.25in; line-height: normal; background-image: initial; background-position: initial; background-size: initial; background-repeat: initial; background-attachment: initial; background-origin: initial; background-clip: initial;\"><!--[if !supportLists]--><span style=\"font-size:10.0pt;mso-bidi-font-size:11.0pt;font-family:Symbol;\r\nmso-fareast-font-family:Symbol;mso-bidi-font-family:Symbol\">·<span style=\"font-variant-numeric: normal; font-variant-east-asian: normal; font-stretch: normal; font-size: 7pt; line-height: normal; font-family: &quot;Times New Roman&quot;;\">&nbsp;&nbsp;&nbsp;&nbsp;&nbsp;&nbsp;&nbsp;&nbsp;\r\n</span></span><!--[endif]--><span style=\"font-family:&quot;Times New Roman&quot;,&quot;serif&quot;\">Ensuring\r\norganization’s inputs into outputs required in an efficient manner.<o:p></o:p></span></p><p class=\"MsoNormal\" style=\"margin: 0in 0in 0.0001pt 18.75pt; text-align: justify; text-indent: -0.25in; line-height: normal; background-image: initial; background-position: initial; background-size: initial; background-repeat: initial; background-attachment: initial; background-origin: initial; background-clip: initial;\"><!--[if !supportLists]--><span style=\"font-size:10.0pt;mso-bidi-font-size:\r\n11.0pt;font-family:Symbol;mso-fareast-font-family:Symbol;mso-bidi-font-family:\r\nSymbol\">·<span style=\"font-variant-numeric: normal; font-variant-east-asian: normal; font-stretch: normal; font-size: 7pt; line-height: normal; font-family: &quot;Times New Roman&quot;;\">&nbsp;&nbsp;&nbsp;&nbsp;&nbsp;&nbsp;&nbsp;&nbsp;\r\n</span></span><!--[endif]--><span style=\"font-family:&quot;Times New Roman&quot;,&quot;serif&quot;\">To\r\nensure profit of the organization.<o:p></o:p></span></p><p class=\"MsoNormal\" style=\"margin: 0in 0in 0.0001pt 18.75pt; text-align: justify; text-indent: -0.25in; line-height: normal; background-image: initial; background-position: initial; background-size: initial; background-repeat: initial; background-attachment: initial; background-origin: initial; background-clip: initial;\"><!--[if !supportLists]--><span style=\"font-size:10.0pt;mso-bidi-font-size:\r\n11.0pt;font-family:Symbol;mso-fareast-font-family:Symbol;mso-bidi-font-family:\r\nSymbol\">·<span style=\"font-variant-numeric: normal; font-variant-east-asian: normal; font-stretch: normal; font-size: 7pt; line-height: normal; font-family: &quot;Times New Roman&quot;;\">&nbsp;&nbsp;&nbsp;&nbsp;&nbsp;&nbsp;&nbsp;&nbsp;\r\n</span></span><!--[endif]--><span style=\"font-family:&quot;Times New Roman&quot;,&quot;serif&quot;\">Carrying\r\nout routine / planned maintenance works and responding to equipment failures in\r\nemergencies.<o:p></o:p></span></p><p class=\"MsoNormal\" style=\"margin: 0in 0in 0.0001pt 18.75pt; text-align: justify; text-indent: -0.25in; line-height: normal; background-image: initial; background-position: initial; background-size: initial; background-repeat: initial; background-attachment: initial; background-origin: initial; background-clip: initial;\"><!--[if !supportLists]--><span style=\"font-size:10.0pt;mso-bidi-font-size:\r\n11.0pt;font-family:Symbol;mso-fareast-font-family:Symbol;mso-bidi-font-family:\r\nSymbol\">·<span style=\"font-variant-numeric: normal; font-variant-east-asian: normal; font-stretch: normal; font-size: 7pt; line-height: normal; font-family: &quot;Times New Roman&quot;;\">&nbsp;&nbsp;&nbsp;&nbsp;&nbsp;&nbsp;&nbsp;&nbsp;\r\n</span></span><!--[endif]--><span style=\"font-family:&quot;Times New Roman&quot;,&quot;serif&quot;\">Diagnosing\r\nbreakdown problems of all the power plant equipment’s.<o:p></o:p></span></p><p class=\"MsoNormal\" style=\"margin: 0in 0in 0.0001pt 18.75pt; text-align: justify; text-indent: -0.25in; line-height: normal; background-image: initial; background-position: initial; background-size: initial; background-repeat: initial; background-attachment: initial; background-origin: initial; background-clip: initial;\"><!--[if !supportLists]--><span style=\"font-size:10.0pt;mso-bidi-font-size:\r\n11.0pt;font-family:Symbol;mso-fareast-font-family:Symbol;mso-bidi-font-family:\r\nSymbol\">·<span style=\"font-variant-numeric: normal; font-variant-east-asian: normal; font-stretch: normal; font-size: 7pt; line-height: normal; font-family: &quot;Times New Roman&quot;;\">&nbsp;&nbsp;&nbsp;&nbsp;&nbsp;&nbsp;&nbsp;&nbsp;\r\n</span></span><!--[endif]--><span style=\"font-family:&quot;Times New Roman&quot;,&quot;serif&quot;\">Assist\r\nclient to during quality inspections.<o:p></o:p></span></p><p class=\"MsoNormal\" style=\"margin: 0in 0in 0.0001pt 18.75pt; text-align: justify; text-indent: -0.25in; line-height: normal; background-image: initial; background-position: initial; background-size: initial; background-repeat: initial; background-attachment: initial; background-origin: initial; background-clip: initial;\"><!--[if !supportLists]--><span style=\"font-size:10.0pt;mso-bidi-font-size:\r\n11.0pt;font-family:Symbol;mso-fareast-font-family:Symbol;mso-bidi-font-family:\r\nSymbol\">·<span style=\"font-variant-numeric: normal; font-variant-east-asian: normal; font-stretch: normal; font-size: 7pt; line-height: normal; font-family: &quot;Times New Roman&quot;;\">&nbsp;&nbsp;&nbsp;&nbsp;&nbsp;&nbsp;&nbsp;&nbsp;\r\n</span></span><!--[endif]--><span style=\"font-family:&quot;Times New Roman&quot;,&quot;serif&quot;\">Liaising\r\nwith different departments in client premises.<o:p></o:p></span></p><p class=\"MsoNormal\" style=\"margin: 0in 0in 0.0001pt 18.75pt; text-align: justify; text-indent: -0.25in; line-height: normal; background-image: initial; background-position: initial; background-size: initial; background-repeat: initial; background-attachment: initial; background-origin: initial; background-clip: initial;\"><!--[if !supportLists]--><span style=\"font-size:10.0pt;mso-bidi-font-size:\r\n11.0pt;font-family:Symbol;mso-fareast-font-family:Symbol;mso-bidi-font-family:\r\nSymbol\">·<span style=\"font-variant-numeric: normal; font-variant-east-asian: normal; font-stretch: normal; font-size: 7pt; line-height: normal; font-family: &quot;Times New Roman&quot;;\">&nbsp;&nbsp;&nbsp;&nbsp;&nbsp;&nbsp;&nbsp;&nbsp;\r\n</span></span><!--[endif]--><span style=\"font-family:&quot;Times New Roman&quot;,&quot;serif&quot;\">Performance,\r\nProductivity analysis and maintenance report.<o:p></o:p></span></p><p class=\"MsoNormal\" style=\"margin: 0in 0in 0.0001pt 18.75pt; text-align: justify; text-indent: -0.25in; line-height: normal; background-image: initial; background-position: initial; background-size: initial; background-repeat: initial; background-attachment: initial; background-origin: initial; background-clip: initial;\"><!--[if !supportLists]--><span style=\"font-size:10.0pt;mso-bidi-font-size:\r\n11.0pt;font-family:Symbol;mso-fareast-font-family:Symbol;mso-bidi-font-family:\r\nSymbol\">·<span style=\"font-variant-numeric: normal; font-variant-east-asian: normal; font-stretch: normal; font-size: 7pt; line-height: normal; font-family: &quot;Times New Roman&quot;;\">&nbsp;&nbsp;&nbsp;&nbsp;&nbsp;&nbsp;&nbsp;&nbsp;\r\n</span></span><!--[endif]--><span style=\"font-family:&quot;Times New Roman&quot;,&quot;serif&quot;\">Maintain\r\nhigh Safety Standards and deliver the quality service on time and within\r\nbudget. As part of&nbsp; continuous\r\nimprovement initiative, conducting of safety &nbsp;training programmes and audits to working\r\nforce. <o:p></o:p></span></p><p class=\"MsoNormal\" style=\"margin-bottom: 0.0001pt; text-align: justify; line-height: normal; background-image: initial; background-position: initial; background-size: initial; background-repeat: initial; background-attachment: initial; background-origin: initial; background-clip: initial;\">\r\n\r\n\r\n\r\n\r\n\r\n\r\n\r\n\r\n\r\n\r\n\r\n\r\n\r\n\r\n\r\n\r\n\r\n\r\n\r\n\r\n\r\n\r\n\r\n\r\n\r\n\r\n\r\n\r\n\r\n\r\n\r\n\r\n\r\n\r\n\r\n\r\n\r\n\r\n\r\n\r\n\r\n\r\n\r\n\r\n\r\n\r\n\r\n\r\n\r\n\r\n\r\n\r\n\r\n\r\n\r\n\r\n\r\n</p><p class=\"MsoNormal\" style=\"margin: 0in 0in 0.0001pt 18.75pt; text-align: justify; text-indent: -0.25in; line-height: normal; background-image: initial; background-position: initial; background-size: initial; background-repeat: initial; background-attachment: initial; background-origin: initial; background-clip: initial;\"><!--[if !supportLists]--><span style=\"font-size:10.0pt;mso-bidi-font-size:\r\n11.0pt;font-family:Symbol;mso-fareast-font-family:Symbol;mso-bidi-font-family:\r\nSymbol\">·<span style=\"font-variant-numeric: normal; font-variant-east-asian: normal; font-stretch: normal; font-size: 7pt; line-height: normal; font-family: &quot;Times New Roman&quot;;\">&nbsp;&nbsp;&nbsp;&nbsp;&nbsp;&nbsp;&nbsp;&nbsp;\r\n</span></span><!--[endif]--><span style=\"font-family:&quot;Times New Roman&quot;,&quot;serif&quot;\">Submission\r\nof maintenance report depicting analysed statements with valid measures.<o:p></o:p></span></p>', '', 1571077718, 2, -1),
(2, 2, 0, 0, '', '', '<p class=\"MsoNormal\" style=\"margin-bottom:0in;margin-bottom:.0001pt;text-align:\r\njustify\"><font face=\"Times New Roman, serif\">&nbsp; &nbsp; &nbsp;</font><span style=\"font-family: &quot;Times New Roman&quot;, serif;\">Pre Commissioning, also referred as\r\nstatic commissioning, starts when a system or subsystem achieves Mechanical\r\nCompletion. The safety monitoring activities will change at this transition as\r\nfluids (water, air, nitrogen, hydrocarbons, etc.) are introduced into sections\r\nof the facility to support testing, cleaning, flushing, and other\r\npre-commissioning activities. Attached is a typical list of Pre-Commissioning\r\nItems:</span></p>\r\n\r\n\r\n\r\n\r\n\r\n\r\n\r\n\r\n\r\n\r\n\r\n\r\n\r\n<ul><li style=\"text-align: justify; text-indent: -0.25in;\"><!--[if !supportLists]--><span style=\"font-family:&quot;Times New Roman&quot;,&quot;serif&quot;;\r\nmso-fareast-font-family:&quot;Times New Roman&quot;;mso-fareast-language:EN-IN\">1.<span style=\"font-variant-numeric: normal; font-variant-east-asian: normal; font-stretch: normal; font-size: 7pt; line-height: normal; font-family: &quot;Times New Roman&quot;;\">&nbsp;&nbsp;&nbsp;&nbsp;&nbsp;\r\n</span></span><!--[endif]--><span style=\"font-family:&quot;Times New Roman&quot;,&quot;serif&quot;;\r\nmso-fareast-font-family:&quot;Times New Roman&quot;;mso-fareast-language:EN-IN\">Temporary\r\nScreens, Strainers and Blinds – Doing walk down checks, witnessing<o:p></o:p></span></li><li style=\"text-align: justify; text-indent: -0.25in;\"><!--[if !supportLists]--><span style=\"font-family:&quot;Times New Roman&quot;,&quot;serif&quot;;\r\nmso-fareast-font-family:&quot;Times New Roman&quot;;mso-fareast-language:EN-IN\">2.<span style=\"font-variant-numeric: normal; font-variant-east-asian: normal; font-stretch: normal; font-size: 7pt; line-height: normal; font-family: &quot;Times New Roman&quot;;\">&nbsp;&nbsp;&nbsp;&nbsp;&nbsp;\r\n</span></span><!--[endif]--><span style=\"font-family:&quot;Times New Roman&quot;,&quot;serif&quot;;\r\nmso-fareast-font-family:&quot;Times New Roman&quot;;mso-fareast-language:EN-IN\">Air and\r\nSteam Blowing – Cleaning the systems<o:p></o:p></span></li><li style=\"text-align: justify; text-indent: -0.25in;\"><!--[if !supportLists]--><span style=\"font-family:&quot;Times New Roman&quot;,&quot;serif&quot;;\r\nmso-fareast-font-family:&quot;Times New Roman&quot;;mso-fareast-language:EN-IN\">3.<span style=\"font-variant-numeric: normal; font-variant-east-asian: normal; font-stretch: normal; font-size: 7pt; line-height: normal; font-family: &quot;Times New Roman&quot;;\">&nbsp;&nbsp;&nbsp;&nbsp;&nbsp;\r\n</span></span><!--[endif]--><span style=\"font-family:&quot;Times New Roman&quot;,&quot;serif&quot;;\r\nmso-fareast-font-family:&quot;Times New Roman&quot;;mso-fareast-language:EN-IN\">Flushing,\r\nChemical and Mechanical Cleaning<o:p></o:p></span></li><li style=\"text-align: justify; text-indent: -0.25in;\"><!--[if !supportLists]--><span style=\"font-family:&quot;Times New Roman&quot;,&quot;serif&quot;;\r\nmso-fareast-font-family:&quot;Times New Roman&quot;;mso-fareast-language:EN-IN\">4.<span style=\"font-variant-numeric: normal; font-variant-east-asian: normal; font-stretch: normal; font-size: 7pt; line-height: normal; font-family: &quot;Times New Roman&quot;;\">&nbsp;&nbsp;&nbsp;&nbsp;&nbsp;\r\n</span></span><!--[endif]--><span style=\"font-family:&quot;Times New Roman&quot;,&quot;serif&quot;;\r\nmso-fareast-font-family:&quot;Times New Roman&quot;;mso-fareast-language:EN-IN\">Cleaning\r\nand Passivation – Ensure 100% cleaning to ensure protection.<o:p></o:p></span></li><li style=\"text-align: justify; text-indent: -0.25in;\"><!--[if !supportLists]--><span style=\"font-family:&quot;Times New Roman&quot;,&quot;serif&quot;;\r\nmso-fareast-font-family:&quot;Times New Roman&quot;;mso-fareast-language:EN-IN\">5.<span style=\"font-variant-numeric: normal; font-variant-east-asian: normal; font-stretch: normal; font-size: 7pt; line-height: normal; font-family: &quot;Times New Roman&quot;;\">&nbsp;&nbsp;&nbsp;&nbsp;&nbsp;\r\n</span></span><!--[endif]--><span style=\"font-family:&quot;Times New Roman&quot;,&quot;serif&quot;;\r\nmso-fareast-font-family:&quot;Times New Roman&quot;;mso-fareast-language:EN-IN\">Electrical\r\nSystem Energizing – Essential pre commissioning of equipment<o:p></o:p></span></li><li style=\"text-align: justify; text-indent: -0.25in;\"><!--[if !supportLists]--><span style=\"font-family:&quot;Times New Roman&quot;,&quot;serif&quot;;\r\nmso-fareast-font-family:&quot;Times New Roman&quot;;mso-fareast-language:EN-IN\">6.<span style=\"font-variant-numeric: normal; font-variant-east-asian: normal; font-stretch: normal; font-size: 7pt; line-height: normal; font-family: &quot;Times New Roman&quot;;\">&nbsp;&nbsp;&nbsp;&nbsp;&nbsp;\r\n</span></span><!--[endif]--><span style=\"font-family:&quot;Times New Roman&quot;,&quot;serif&quot;;\r\nmso-fareast-font-family:&quot;Times New Roman&quot;;mso-fareast-language:EN-IN\">Instrumentation\r\nVerification – A must for total system readiness for commissioning.<o:p></o:p></span></li><li style=\"text-align: justify; text-indent: -0.25in;\"><!--[if !supportLists]--><span style=\"font-family:&quot;Times New Roman&quot;,&quot;serif&quot;;\r\nmso-fareast-font-family:&quot;Times New Roman&quot;;mso-fareast-language:EN-IN\">7.<span style=\"font-variant-numeric: normal; font-variant-east-asian: normal; font-stretch: normal; font-size: 7pt; line-height: normal; font-family: &quot;Times New Roman&quot;;\">&nbsp;&nbsp;&nbsp;&nbsp;&nbsp;\r\n</span></span><!--[endif]--><span style=\"font-family:&quot;Times New Roman&quot;,&quot;serif&quot;;\r\nmso-fareast-font-family:&quot;Times New Roman&quot;;mso-fareast-language:EN-IN\">Checking\r\nof all logics and controls of all systems.<o:p></o:p></span></li></ul>\r\n\r\n<p class=\"MsoNormal\" style=\"margin-bottom:0in;margin-bottom:.0001pt;text-align:\r\njustify;line-height:normal\"><b><span style=\"font-family:&quot;Times New Roman&quot;,&quot;serif&quot;;mso-fareast-font-family:&quot;Times New Roman&quot;;\r\nmso-fareast-language:EN-IN\">Commissioning:<o:p></o:p></span></b></p>\r\n\r\n<p class=\"MsoNormal\" style=\"margin-bottom:0in;margin-bottom:.0001pt;text-align:\r\njustify;line-height:normal\"><b><span style=\"font-size:7.0pt;mso-bidi-font-size:11.0pt;font-family:&quot;Times New Roman&quot;,&quot;serif&quot;;\r\nmso-fareast-font-family:&quot;Times New Roman&quot;;mso-fareast-language:EN-IN\"><o:p>&nbsp;</o:p></span></b></p>\r\n\r\n<p class=\"MsoNormal\" style=\"margin-bottom:0in;margin-bottom:.0001pt;text-align:\r\njustify;line-height:normal\"><span style=\"font-family:&quot;Times New Roman&quot;,&quot;serif&quot;;\r\nmso-fareast-font-family:&quot;Times New Roman&quot;;mso-fareast-language:EN-IN\">Commissioning\r\nis a verification process used to confirm that a facility has been designed,\r\nprocured, fabricated, installed, tested, and prepared for operation in\r\naccordance with design drawings and specifications.<o:p></o:p></span></p>\r\n\r\n<p class=\"MsoNormal\" style=\"margin-bottom:0in;margin-bottom:.0001pt;text-align:\r\njustify\"><span style=\"font-size:4.0pt;mso-bidi-font-size:11.0pt;line-height:\r\n115%;font-family:&quot;Times New Roman&quot;,&quot;serif&quot;;mso-fareast-font-family:&quot;Times New Roman&quot;;\r\nmso-fareast-language:EN-IN\"><o:p>&nbsp;</o:p></span></p>\r\n\r\n<p class=\"MsoNormal\" style=\"text-align:justify\"><span style=\"font-family:&quot;Times New Roman&quot;,&quot;serif&quot;;\r\nmso-fareast-font-family:&quot;Times New Roman&quot;;mso-fareast-language:EN-IN\">Commissioning\r\nItems are:<o:p></o:p></span></p>\r\n\r\n\r\n\r\n\r\n\r\n\r\n\r\n\r\n\r\n\r\n\r\n\r\n\r\n\r\n\r\n\r\n\r\n\r\n\r\n<ul><li style=\"text-align: justify; text-indent: -0.25in;\"><!--[if !supportLists]--><span style=\"font-family:&quot;Times New Roman&quot;,&quot;serif&quot;;\r\nmso-fareast-font-family:&quot;Times New Roman&quot;;mso-fareast-language:EN-IN\">1.<span style=\"font-variant-numeric: normal; font-variant-east-asian: normal; font-stretch: normal; font-size: 7pt; line-height: normal; font-family: &quot;Times New Roman&quot;;\">&nbsp;&nbsp;&nbsp;&nbsp;&nbsp;\r\n</span></span><!--[endif]--><span style=\"font-family:&quot;Times New Roman&quot;,&quot;serif&quot;;\r\nmso-fareast-font-family:&quot;Times New Roman&quot;;mso-fareast-language:EN-IN\">Operational\r\nTightness Testing<o:p></o:p></span></li><li style=\"text-align: justify; text-indent: -0.25in;\"><!--[if !supportLists]--><span style=\"font-family:&quot;Times New Roman&quot;,&quot;serif&quot;;\r\nmso-fareast-font-family:&quot;Times New Roman&quot;;mso-fareast-language:EN-IN\">2.<span style=\"font-variant-numeric: normal; font-variant-east-asian: normal; font-stretch: normal; font-size: 7pt; line-height: normal; font-family: &quot;Times New Roman&quot;;\">&nbsp;&nbsp;&nbsp;&nbsp;&nbsp;\r\n</span></span><!--[endif]--><span style=\"font-family:&quot;Times New Roman&quot;,&quot;serif&quot;;\r\nmso-fareast-font-family:&quot;Times New Roman&quot;;mso-fareast-language:EN-IN\">Oil\r\nSystems Flushing<o:p></o:p></span></li><li style=\"text-align: justify; text-indent: -0.25in;\"><!--[if !supportLists]--><span style=\"font-family:&quot;Times New Roman&quot;,&quot;serif&quot;;\r\nmso-fareast-font-family:&quot;Times New Roman&quot;;mso-fareast-language:EN-IN\">3.<span style=\"font-variant-numeric: normal; font-variant-east-asian: normal; font-stretch: normal; font-size: 7pt; line-height: normal; font-family: &quot;Times New Roman&quot;;\">&nbsp;&nbsp;&nbsp;&nbsp;&nbsp;\r\n</span></span><!--[endif]--><span style=\"font-family:&quot;Times New Roman&quot;,&quot;serif&quot;;\r\nmso-fareast-font-family:&quot;Times New Roman&quot;;mso-fareast-language:EN-IN\">Loading\r\nof desiccants/burning fuels and catalysts<o:p></o:p></span></li><li style=\"text-align: justify; text-indent: -0.25in;\"><!--[if !supportLists]--><span style=\"font-family:&quot;Times New Roman&quot;,&quot;serif&quot;;\r\nmso-fareast-font-family:&quot;Times New Roman&quot;;mso-fareast-language:EN-IN\">4.<span style=\"font-variant-numeric: normal; font-variant-east-asian: normal; font-stretch: normal; font-size: 7pt; line-height: normal; font-family: &quot;Times New Roman&quot;;\">&nbsp;&nbsp;&nbsp;&nbsp;&nbsp;\r\n</span></span><!--[endif]--><span style=\"font-family:&quot;Times New Roman&quot;,&quot;serif&quot;;\r\nmso-fareast-font-family:&quot;Times New Roman&quot;;mso-fareast-language:EN-IN\">Refractory\r\ndry out<o:p></o:p></span></li><li style=\"text-align: justify; text-indent: -0.25in;\"><!--[if !supportLists]--><span style=\"font-family:&quot;Times New Roman&quot;,&quot;serif&quot;;\r\nmso-fareast-font-family:&quot;Times New Roman&quot;;mso-fareast-language:EN-IN\">5.<span style=\"font-variant-numeric: normal; font-variant-east-asian: normal; font-stretch: normal; font-size: 7pt; line-height: normal; font-family: &quot;Times New Roman&quot;;\">&nbsp;&nbsp;&nbsp;&nbsp;&nbsp;\r\n</span></span><!--[endif]--><span style=\"font-family:&quot;Times New Roman&quot;,&quot;serif&quot;;\r\nmso-fareast-font-family:&quot;Times New Roman&quot;;mso-fareast-language:EN-IN\">Run in of\r\nrotating equipment<o:p></o:p></span></li><li style=\"text-align: justify; text-indent: -0.25in;\"><!--[if !supportLists]--><span style=\"font-family:&quot;Times New Roman&quot;,&quot;serif&quot;;\r\nmso-fareast-font-family:&quot;Times New Roman&quot;;mso-fareast-language:EN-IN\">6.<span style=\"font-variant-numeric: normal; font-variant-east-asian: normal; font-stretch: normal; font-size: 7pt; line-height: normal; font-family: &quot;Times New Roman&quot;;\">&nbsp;&nbsp;&nbsp;&nbsp;&nbsp;\r\n</span></span><!--[endif]--><span style=\"font-family:&quot;Times New Roman&quot;,&quot;serif&quot;;\r\nmso-fareast-font-family:&quot;Times New Roman&quot;;mso-fareast-language:EN-IN\">Drying\r\nOut and inerting<o:p></o:p></span></li><li style=\"text-align: justify; text-indent: -0.25in;\"><!--[if !supportLists]--><span style=\"font-family:&quot;Times New Roman&quot;,&quot;serif&quot;;\r\nmso-fareast-font-family:&quot;Times New Roman&quot;;mso-fareast-language:EN-IN\">7.<span style=\"font-variant-numeric: normal; font-variant-east-asian: normal; font-stretch: normal; font-size: 7pt; line-height: normal; font-family: &quot;Times New Roman&quot;;\">&nbsp;&nbsp;&nbsp;&nbsp;&nbsp;\r\n</span></span><!--[endif]--><span style=\"font-family:&quot;Times New Roman&quot;,&quot;serif&quot;;\r\nmso-fareast-font-family:&quot;Times New Roman&quot;;mso-fareast-language:EN-IN\">Instrument\r\nand electrical function testing<o:p></o:p></span></li><li style=\"text-align: justify; text-indent: -0.25in;\"><!--[if !supportLists]--><span style=\"font-family:&quot;Times New Roman&quot;,&quot;serif&quot;;\r\nmso-fareast-font-family:&quot;Times New Roman&quot;;mso-fareast-language:EN-IN\">8.<span style=\"font-variant-numeric: normal; font-variant-east-asian: normal; font-stretch: normal; font-size: 7pt; line-height: normal; font-family: &quot;Times New Roman&quot;;\">&nbsp;&nbsp;&nbsp;&nbsp;&nbsp;\r\n</span></span><!--[endif]--><span style=\"font-family:&quot;Times New Roman&quot;,&quot;serif&quot;;\r\nmso-fareast-font-family:&quot;Times New Roman&quot;;mso-fareast-language:EN-IN\">Function\r\ntesting of safety systems<o:p></o:p></span></li><li style=\"text-align: justify; text-indent: -0.25in;\"><!--[if !supportLists]--><span style=\"font-family:&quot;Times New Roman&quot;,&quot;serif&quot;;\r\nmso-fareast-font-family:&quot;Times New Roman&quot;;mso-fareast-language:EN-IN\">9.<span style=\"font-variant-numeric: normal; font-variant-east-asian: normal; font-stretch: normal; font-size: 7pt; line-height: normal; font-family: &quot;Times New Roman&quot;;\">&nbsp;&nbsp;&nbsp;&nbsp;&nbsp;\r\n</span></span><!--[endif]--><span style=\"font-family:&quot;Times New Roman&quot;,&quot;serif&quot;;\r\nmso-fareast-font-family:&quot;Times New Roman&quot;;mso-fareast-language:EN-IN\">Function\r\ntesting of installed equipment to its full capacity.<o:p></o:p></span></li><li style=\"text-align: justify; text-indent: -0.25in;\"><!--[if !supportLists]--><span style=\"font-family:&quot;Times New Roman&quot;,&quot;serif&quot;;\r\nmso-fareast-font-family:&quot;Times New Roman&quot;;mso-fareast-language:EN-IN\">10.<span style=\"font-variant-numeric: normal; font-variant-east-asian: normal; font-stretch: normal; font-size: 7pt; line-height: normal; font-family: &quot;Times New Roman&quot;;\">&nbsp; </span></span><!--[endif]--><span style=\"font-family:&quot;Times New Roman&quot;,&quot;serif&quot;;mso-fareast-font-family:&quot;Times New Roman&quot;;\r\nmso-fareast-language:EN-IN\">Trial operation and performance guarantee testing.<o:p></o:p></span></li></ul>\r\n\r\n<p class=\"MsoNormal\" style=\"margin-top:0in;margin-right:0in;margin-bottom:0in;\r\nmargin-left:.25in;margin-bottom:.0001pt;text-align:justify\"><b><u><span style=\"font-family:&quot;Times New Roman&quot;,&quot;serif&quot;\">Why\r\nSPEL for Pre Commissioning &amp; Commissioning:<o:p></o:p></span></u></b></p>\r\n\r\n<p class=\"MsoNormal\" style=\"margin-top:0in;margin-right:0in;margin-bottom:0in;\r\nmargin-left:.25in;margin-bottom:.0001pt;text-align:justify;line-height:normal\"><b><u><span style=\"font-family:&quot;Times New Roman&quot;,&quot;serif&quot;\">Experts\r\navailable for:- <o:p></o:p></span></u></b></p>\r\n\r\n\r\n\r\n\r\n\r\n\r\n\r\n\r\n\r\n\r\n\r\n\r\n\r\n\r\n\r\n\r\n\r\n\r\n\r\n<ul><li style=\"text-indent: -0.25in; line-height: normal; background-image: initial; background-position: initial; background-size: initial; background-repeat: initial; background-attachment: initial; background-origin: initial; background-clip: initial;\"><!--[if !supportLists]--><span style=\"font-family:&quot;Times New Roman&quot;,&quot;serif&quot;;\r\nmso-fareast-font-family:&quot;Times New Roman&quot;;mso-fareast-language:EN-IN\">1.<span style=\"font-variant-numeric: normal; font-variant-east-asian: normal; font-stretch: normal; font-size: 7pt; line-height: normal; font-family: &quot;Times New Roman&quot;;\">&nbsp;&nbsp;&nbsp;&nbsp;&nbsp;\r\n</span></span><!--[endif]--><span style=\"font-family:&quot;Times New Roman&quot;,&quot;serif&quot;;\r\nmso-fareast-font-family:&quot;Times New Roman&quot;;mso-fareast-language:EN-IN\">Preparation\r\nof pre commissioning/commissioning procedures and reporting tools (including\r\ntechnical database when applicable, planning, punch list control).<o:p></o:p></span></li><li style=\"text-indent: -0.25in; line-height: 12pt; background-image: initial; background-position: initial; background-size: initial; background-repeat: initial; background-attachment: initial; background-origin: initial; background-clip: initial;\"><!--[if !supportLists]--><span style=\"font-family:&quot;Times New Roman&quot;,&quot;serif&quot;;\r\nmso-fareast-font-family:&quot;Times New Roman&quot;;mso-fareast-language:EN-IN\">2.<span style=\"font-variant-numeric: normal; font-variant-east-asian: normal; font-stretch: normal; font-size: 7pt; line-height: normal; font-family: &quot;Times New Roman&quot;;\">&nbsp;&nbsp;&nbsp;&nbsp;&nbsp;\r\n</span></span><!--[endif]--><span style=\"font-family:&quot;Times New Roman&quot;,&quot;serif&quot;;\r\nmso-fareast-font-family:&quot;Times New Roman&quot;;mso-fareast-language:EN-IN\">Preparation\r\nof the plant for pre-commissioning, commissioning and start up activities.<o:p></o:p></span></li><li style=\"text-indent: -0.25in; line-height: 12pt; background-image: initial; background-position: initial; background-size: initial; background-repeat: initial; background-attachment: initial; background-origin: initial; background-clip: initial;\"><!--[if !supportLists]--><span style=\"font-family:&quot;Times New Roman&quot;,&quot;serif&quot;;\r\nmso-fareast-font-family:&quot;Times New Roman&quot;;mso-fareast-language:EN-IN\">3.<span style=\"font-variant-numeric: normal; font-variant-east-asian: normal; font-stretch: normal; font-size: 7pt; line-height: normal; font-family: &quot;Times New Roman&quot;;\">&nbsp;&nbsp;&nbsp;&nbsp;&nbsp;\r\n</span></span><!--[endif]--><span style=\"font-family:&quot;Times New Roman&quot;,&quot;serif&quot;;\r\nmso-fareast-font-family:&quot;Times New Roman&quot;;mso-fareast-language:EN-IN\">Preparation\r\nof commissioning requirements related to HSE and reviewing the same with the\r\nHSE department as well as addressing safety aspects in all procedures and\r\ndocuments regarding pre –commissioning and commissioning.<o:p></o:p></span></li><li style=\"text-indent: -0.25in; line-height: 12pt; background-image: initial; background-position: initial; background-size: initial; background-repeat: initial; background-attachment: initial; background-origin: initial; background-clip: initial;\"><!--[if !supportLists]--><span style=\"font-family:&quot;Times New Roman&quot;,&quot;serif&quot;;\r\nmso-fareast-font-family:&quot;Times New Roman&quot;;mso-fareast-language:EN-IN\">4.<span style=\"font-variant-numeric: normal; font-variant-east-asian: normal; font-stretch: normal; font-size: 7pt; line-height: normal; font-family: &quot;Times New Roman&quot;;\">&nbsp;&nbsp;&nbsp;&nbsp;&nbsp;\r\n</span></span><!--[endif]--><span style=\"font-family:&quot;Times New Roman&quot;,&quot;serif&quot;;\r\nmso-fareast-font-family:&quot;Times New Roman&quot;;mso-fareast-language:EN-IN\">Supervision\r\nand execution of pre-commissioning, commissioning and start-up activities as\r\nper plan and schedule.<o:p></o:p></span></li><li style=\"text-indent: -0.25in; line-height: 12pt; background-image: initial; background-position: initial; background-size: initial; background-repeat: initial; background-attachment: initial; background-origin: initial; background-clip: initial;\"><!--[if !supportLists]--><span style=\"font-family:&quot;Times New Roman&quot;,&quot;serif&quot;;\r\nmso-fareast-font-family:&quot;Times New Roman&quot;;mso-fareast-language:EN-IN\">5.<span style=\"font-variant-numeric: normal; font-variant-east-asian: normal; font-stretch: normal; font-size: 7pt; line-height: normal; font-family: &quot;Times New Roman&quot;;\">&nbsp;&nbsp;&nbsp;&nbsp;&nbsp;\r\n</span></span><!--[endif]--><span style=\"font-family:&quot;Times New Roman&quot;,&quot;serif&quot;;\r\nmso-fareast-font-family:&quot;Times New Roman&quot;;mso-fareast-language:EN-IN\">Coordination\r\nfor arranging necessary materials, special tools, consumables for commissioning\r\nand start-up.<o:p></o:p></span></li><li style=\"text-indent: -0.25in; line-height: 12pt; background-image: initial; background-position: initial; background-size: initial; background-repeat: initial; background-attachment: initial; background-origin: initial; background-clip: initial;\"><!--[if !supportLists]--><span style=\"font-family:&quot;Times New Roman&quot;,&quot;serif&quot;;\r\nmso-fareast-font-family:&quot;Times New Roman&quot;;mso-fareast-language:EN-IN\">6.<span style=\"font-variant-numeric: normal; font-variant-east-asian: normal; font-stretch: normal; font-size: 7pt; line-height: normal; font-family: &quot;Times New Roman&quot;;\">&nbsp;&nbsp;&nbsp;&nbsp;&nbsp;\r\n</span></span><!--[endif]--><span style=\"font-family:&quot;Times New Roman&quot;,&quot;serif&quot;;\r\nmso-fareast-font-family:&quot;Times New Roman&quot;;mso-fareast-language:EN-IN\">Checking\r\nof materials, chemicals inventory for pre commissioning and commissioning\r\nactivities and manage spare parts from equipment suppliers and vendors.<o:p></o:p></span></li><li style=\"text-indent: -0.25in; line-height: 12pt; background-image: initial; background-position: initial; background-size: initial; background-repeat: initial; background-attachment: initial; background-origin: initial; background-clip: initial;\"><!--[if !supportLists]--><span style=\"font-family:&quot;Times New Roman&quot;,&quot;serif&quot;;\r\nmso-fareast-font-family:&quot;Times New Roman&quot;;mso-fareast-language:EN-IN\">7.<span style=\"font-variant-numeric: normal; font-variant-east-asian: normal; font-stretch: normal; font-size: 7pt; line-height: normal; font-family: &quot;Times New Roman&quot;;\">&nbsp;&nbsp;&nbsp;&nbsp;&nbsp;\r\n</span></span><!--[endif]--><span style=\"font-family:&quot;Times New Roman&quot;,&quot;serif&quot;;\r\nmso-fareast-font-family:&quot;Times New Roman&quot;;mso-fareast-language:EN-IN\">Involvement\r\nin all the review of test run (performance test) procedures and the system\r\noperating procedures preparation by Project Process Leaders.<o:p></o:p></span></li><li style=\"text-indent: -0.25in; line-height: 12pt; background-image: initial; background-position: initial; background-size: initial; background-repeat: initial; background-attachment: initial; background-origin: initial; background-clip: initial;\"><!--[if !supportLists]--><span style=\"font-family:&quot;Times New Roman&quot;,&quot;serif&quot;;\r\nmso-fareast-font-family:&quot;Times New Roman&quot;;mso-fareast-language:EN-IN\">8.<span style=\"font-variant-numeric: normal; font-variant-east-asian: normal; font-stretch: normal; font-size: 7pt; line-height: normal; font-family: &quot;Times New Roman&quot;;\">&nbsp;&nbsp;&nbsp;&nbsp;&nbsp;\r\n</span></span><!--[endif]--><span style=\"font-family:&quot;Times New Roman&quot;,&quot;serif&quot;;\r\nmso-fareast-font-family:&quot;Times New Roman&quot;;mso-fareast-language:EN-IN\">Management\r\nof execution of commissioning to achieve maximum productivity, minimize cost\r\nand achieve smooth hand over.<o:p></o:p></span></li><li style=\"text-indent: -0.25in; line-height: 12pt; background-image: initial; background-position: initial; background-size: initial; background-repeat: initial; background-attachment: initial; background-origin: initial; background-clip: initial;\"><!--[if !supportLists]--><span style=\"font-family:&quot;Times New Roman&quot;,&quot;serif&quot;;\r\nmso-fareast-font-family:&quot;Times New Roman&quot;;mso-fareast-language:EN-IN\">9.<span style=\"font-variant-numeric: normal; font-variant-east-asian: normal; font-stretch: normal; font-size: 7pt; line-height: normal; font-family: &quot;Times New Roman&quot;;\">&nbsp;&nbsp;&nbsp;&nbsp;&nbsp;\r\n</span></span><!--[endif]--><span style=\"font-family:&quot;Times New Roman&quot;,&quot;serif&quot;;\r\nmso-fareast-font-family:&quot;Times New Roman&quot;;mso-fareast-language:EN-IN\">Reviewing\r\nrisk assessments and method statements for task/work scope.<o:p></o:p></span></li><li style=\"text-align: justify; text-indent: -0.25in; line-height: 12pt; background-image: initial; background-position: initial; background-size: initial; background-repeat: initial; background-attachment: initial; background-origin: initial; background-clip: initial;\"><!--[if !supportLists]--><span style=\"font-family:&quot;Times New Roman&quot;,&quot;serif&quot;;mso-fareast-font-family:&quot;Times New Roman&quot;;\r\nmso-fareast-language:EN-IN\">10.<span style=\"font-variant-numeric: normal; font-variant-east-asian: normal; font-stretch: normal; font-size: 7pt; line-height: normal; font-family: &quot;Times New Roman&quot;;\">&nbsp; </span></span><!--[endif]--><span style=\"font-family:&quot;Times New Roman&quot;,&quot;serif&quot;;mso-fareast-font-family:&quot;Times New Roman&quot;;\r\nmso-fareast-language:EN-IN\">Ensuring ongoing housekeeping of the work site.\r\nEnsuring site environment cleanliness is, tidiness in a safe manner to\r\nhand-over the operations on work completion.&nbsp;<o:p></o:p></span></li></ul>', '', 1571078946, 2, -1);
INSERT INTO `services_list` (`srv_id`, `srcat_id`, `srsbcat_id`, `styp_id`, `name`, `srt_descr`, `descr`, `thumb_img`, `crt_stm`, `crt_by`, `status`) VALUES
(3, 3, 0, 0, '', '', '<p class=\"MsoNormal\" style=\"margin: 0in 0in 0.0001pt -14.2pt; line-height: normal; background-image: initial; background-position: initial; background-size: initial; background-repeat: initial; background-attachment: initial; background-origin: initial; background-clip: initial;\"><span style=\"font-family:&quot;Times New Roman&quot;,&quot;serif&quot;;mso-fareast-font-family:&quot;Times New Roman&quot;;\r\nmso-fareast-language:EN-IN\">T&nbsp;</span><span style=\"font-family: &quot;Times New Roman&quot;, serif;\">The Acceptance Test Run OR the performance test\r\nwill be held after commissioning by the OEMs representative engineers in the\r\npresence of customer engineers or a third party as in agreement in the contract\r\nguarantee clause. The equipment’s capability of delivering the output as\r\ndesigned and guaranteed is proved by conductance of the tests. Prior approval\r\non the method and procedures are obtained from client or client’s authorized\r\nrepresentative by the supplier. This is purely to prove the guarantee of the\r\ncontract.</span></p>\r\n\r\n<p class=\"MsoNormal\" style=\"margin: 0in 0in 0.0001pt -14.2pt; line-height: normal; background-image: initial; background-position: initial; background-size: initial; background-repeat: initial; background-attachment: initial; background-origin: initial; background-clip: initial;\"><span style=\"font-family:&quot;Times New Roman&quot;,&quot;serif&quot;;mso-fareast-font-family:&quot;Times New Roman&quot;;\r\nmso-fareast-language:EN-IN\"><o:p>&nbsp;</o:p></span></p>\r\n\r\n<p class=\"MsoNormal\" style=\"margin: 0in 0in 0.0001pt 0.05pt; line-height: normal; background-image: initial; background-position: initial; background-size: initial; background-repeat: initial; background-attachment: initial; background-origin: initial; background-clip: initial;\"><span style=\"font-family:&quot;Times New Roman&quot;,&quot;serif&quot;;mso-fareast-font-family:&quot;Times New Roman&quot;;\r\nmso-fareast-language:EN-IN\">A performance test is usually carried out after the\r\nconstruction or retrofit of a plant. It verifies its guaranteed parameters and\r\nfunction as intended. It is also carried out to check the present operating\r\nparameters and to find out lacunas in operation.</span><a name=\"_GoBack\"></a><b><u><span style=\"font-size:24.0pt;\r\nfont-family:&quot;Times New Roman&quot;,&quot;serif&quot;;mso-fareast-font-family:&quot;Times New Roman&quot;;\r\nmso-fareast-language:EN-IN\"><br>\r\n<!--[if !supportLineBreakNewLine]--><br>\r\n<!--[endif]--></span></u></b><span style=\"font-family:&quot;Times New Roman&quot;,&quot;serif&quot;;\r\nmso-fareast-font-family:&quot;Times New Roman&quot;;mso-fareast-language:EN-IN\"><o:p></o:p></span></p>\r\n\r\n<p class=\"MsoNormal\" style=\"margin: 0in 0in 0.0001pt 0.05pt; line-height: normal; background-image: initial; background-position: initial; background-size: initial; background-repeat: initial; background-attachment: initial; background-origin: initial; background-clip: initial;\"><span style=\"font-family:&quot;Times New Roman&quot;,&quot;serif&quot;;mso-fareast-font-family:&quot;Times New Roman&quot;;\r\nmso-fareast-language:EN-IN\">A performance test can help maximize plant\r\nefficiency, reduce plant emissions, and minimise operating costs by identifying\r\nany shortfalls in the efficiency and capacity of the plant and providing\r\nrecommendations for recovery and performance improvement.<o:p></o:p></span></p>\r\n\r\n<p class=\"MsoNormal\" style=\"margin-left: 0.05pt; line-height: normal; background-image: initial; background-position: initial; background-size: initial; background-repeat: initial; background-attachment: initial; background-origin: initial; background-clip: initial;\"><span style=\"font-family:\r\n&quot;Times New Roman&quot;,&quot;serif&quot;;mso-fareast-font-family:&quot;Times New Roman&quot;;mso-fareast-language:\r\nEN-IN\">Equipment and plant performance tests may be carried out for different\r\npurposes and are related to machine history, maintenance schedules and running\r\ntime, i.e.:<o:p></o:p></span></p>\r\n\r\n\r\n\r\n\r\n\r\n\r\n\r\n\r\n\r\n<ul><li style=\"margin-left: 0.25in; line-height: 12pt; background-image: initial; background-position: initial; background-size: initial; background-repeat: initial; background-attachment: initial; background-origin: initial; background-clip: initial;\"><span style=\"font-family:\r\n&quot;Times New Roman&quot;,&quot;serif&quot;;mso-fareast-font-family:&quot;Times New Roman&quot;;mso-fareast-language:\r\nEN-IN\">Preliminary performance tests on plants during the start-up stage<o:p></o:p></span></li><li style=\"margin-left: 0.25in; line-height: 12pt; background-image: initial; background-position: initial; background-size: initial; background-repeat: initial; background-attachment: initial; background-origin: initial; background-clip: initial;\"><span style=\"font-family:\r\n&quot;Times New Roman&quot;,&quot;serif&quot;;mso-fareast-font-family:&quot;Times New Roman&quot;;mso-fareast-language:\r\nEN-IN\">Performance diagnostics&nbsp;before and after maintenance&nbsp;services<o:p></o:p></span></li><li style=\"margin-left: 0.25in; line-height: 12pt; background-image: initial; background-position: initial; background-size: initial; background-repeat: initial; background-attachment: initial; background-origin: initial; background-clip: initial;\"><span style=\"font-family:\r\n&quot;Times New Roman&quot;,&quot;serif&quot;;mso-fareast-font-family:&quot;Times New Roman&quot;;mso-fareast-language:\r\nEN-IN\">Contract&nbsp;acceptance and compliance&nbsp;testing<o:p></o:p></span></li><li style=\"margin-left: 0.25in; line-height: 12pt; background-image: initial; background-position: initial; background-size: initial; background-repeat: initial; background-attachment: initial; background-origin: initial; background-clip: initial;\"><span style=\"font-family:\r\n&quot;Times New Roman&quot;,&quot;serif&quot;;mso-fareast-font-family:&quot;Times New Roman&quot;;mso-fareast-language:\r\nEN-IN\">Tests on machinery and plants for monitoring performance and\r\nestablishing corrective action to enhance performance<o:p></o:p></span></li><li style=\"margin-left: 0.25in; line-height: 12pt; background-image: initial; background-position: initial; background-size: initial; background-repeat: initial; background-attachment: initial; background-origin: initial; background-clip: initial;\"><span style=\"font-family:\r\n&quot;Times New Roman&quot;,&quot;serif&quot;;mso-fareast-font-family:&quot;Times New Roman&quot;;mso-fareast-language:\r\nEN-IN\">Performance tests in normal operating conditions for&nbsp;production\r\nplanning&nbsp;and&nbsp;cost optimization&nbsp;<o:p></o:p></span></li></ul>', '', 1571079332, 2, -1),
(4, 4, 0, 0, '', '', '<p class=\"MsoNormal\" style=\"margin: 0in 0in 0.0001pt 18.75pt; line-height: normal; background-image: initial; background-position: initial; background-size: initial; background-repeat: initial; background-attachment: initial; background-origin: initial; background-clip: initial;\"><span style=\"font-family:&quot;Times New Roman&quot;,&quot;serif&quot;;mso-fareast-font-family:&quot;Times New Roman&quot;;\r\nmso-fareast-language:EN-IN\">Industrial and Thermal Power Plants are the\r\nbackbone of any industry. The main aim is uninterrupted Power / Steam\r\ngeneration with minimum auxiliary power consumption. <o:p></o:p></span></p><p class=\"MsoNormal\" style=\"margin: 0in 0in 0.0001pt 18.75pt; line-height: normal; background-image: initial; background-position: initial; background-size: initial; background-repeat: initial; background-attachment: initial; background-origin: initial; background-clip: initial;\"><span style=\"font-family:&quot;Times New Roman&quot;,&quot;serif&quot;;mso-fareast-font-family:&quot;Times New Roman&quot;;\r\nmso-fareast-language:EN-IN\"><o:p>&nbsp;</o:p></span></p><p class=\"MsoNormal\" style=\"margin: 0in 0in 0.0001pt 18.75pt; line-height: normal; background-image: initial; background-position: initial; background-size: initial; background-repeat: initial; background-attachment: initial; background-origin: initial; background-clip: initial;\"><span style=\"font-family:&quot;Times New Roman&quot;,&quot;serif&quot;;mso-fareast-font-family:&quot;Times New Roman&quot;;\r\nmso-fareast-language:EN-IN\">In the present scenario, energy conservation &amp;\r\nenergy security are the serious concern for all industries. To enrich the\r\nsustainable development, the industries has to take energy efficiency measures\r\nin this arms for reducing energy bills, increase profit by competitiveness,\r\nReduce energy imports and conservation of limited sources.<o:p></o:p></span></p><p class=\"MsoNormal\" style=\"margin: 0in 0in 0.0001pt 21.3pt; line-height: normal; background-image: initial; background-position: initial; background-size: initial; background-repeat: initial; background-attachment: initial; background-origin: initial; background-clip: initial;\"><span style=\"font-family:&quot;Times New Roman&quot;,&quot;serif&quot;;mso-fareast-font-family:&quot;Times New Roman&quot;;\r\nmso-fareast-language:EN-IN\"><o:p>&nbsp;</o:p></span></p><p class=\"MsoNormal\" style=\"margin: 0in 0in 0.0001pt 21.3pt; line-height: normal; background-image: initial; background-position: initial; background-size: initial; background-repeat: initial; background-attachment: initial; background-origin: initial; background-clip: initial;\"><span style=\"font-family:&quot;Times New Roman&quot;,&quot;serif&quot;;mso-fareast-font-family:&quot;Times New Roman&quot;;\r\nmso-fareast-language:EN-IN\">Various power consuming equipment installed for the\r\npurpose of meeting the outcome of the installation may or may not function\r\nindividually or in total and may consume power more or less as predicted by the\r\ndesigners and suppliers of the equipment. This phenomenon is achieved by\r\nrunning the equipment at their full / partial loads at the case may be and the\r\nenergy consumption of individual as well total equipment is recorded. Various\r\naspects of improvements are suggested to meet the target in line with the\r\ndesign as well state of art improvements by carrying out energy audit at some\r\nfrequencies and to achieve optimum operating cost. Expertise man power along\r\nwith adequate instruments with calibration are utilized during the audit and\r\nthe audit findings are reported for efficient running of the plant. With the\r\nexpertise available with us, our company can readily take up such studies and\r\nhelp our clients in reduction of power consumption as well increase power /\r\nsteam generation.<o:p></o:p></span></p><p class=\"MsoNormal\" style=\"margin: 0in 0in 0.0001pt 18.75pt; line-height: normal; background-image: initial; background-position: initial; background-size: initial; background-repeat: initial; background-attachment: initial; background-origin: initial; background-clip: initial;\"><span style=\"font-family:&quot;Times New Roman&quot;,&quot;serif&quot;;mso-fareast-font-family:&quot;Times New Roman&quot;;\r\nmso-fareast-language:EN-IN\"><o:p>&nbsp;</o:p></span></p><p class=\"MsoNormal\" style=\"margin: 0in 0in 0.0001pt 18.75pt; line-height: normal; background-image: initial; background-position: initial; background-size: initial; background-repeat: initial; background-attachment: initial; background-origin: initial; background-clip: initial;\"><span style=\"font-family:&quot;Times New Roman&quot;,&quot;serif&quot;;mso-fareast-font-family:&quot;Times New Roman&quot;;\r\nmso-fareast-language:EN-IN\"><o:p>&nbsp;</o:p></span></p><p class=\"MsoNormal\" style=\"text-align:justify;text-indent:18.75pt\"><b><u><span style=\"font-family:&quot;Times New Roman&quot;,&quot;serif&quot;\">Why\r\nSPEL for Energy Audit:<o:p></o:p></span></u></b></p><p class=\"MsoNormal\" style=\"margin: 0in 0in 0.0001pt 18.75pt; line-height: normal; background-image: initial; background-position: initial; background-size: initial; background-repeat: initial; background-attachment: initial; background-origin: initial; background-clip: initial;\"><span style=\"font-family:&quot;Times New Roman&quot;,&quot;serif&quot;;mso-fareast-font-family:&quot;Times New Roman&quot;;\r\nmso-fareast-language:EN-IN\">SPEL’s Special offer is a Walk through audit,\r\ntargeted audit detailed energy audit based on the need of client in Process\r\nPlant, Co-generation, Captive and Utility power plants. We track during energy\r\naudit by verifying, monitoring and analysing the use of energy which includes\r\nsubmission of Technical report containing recommendation for improving\r\nEfficiency with cost benefit analysis and action plans to reduce energy\r\nconsumption.<o:p></o:p></span></p><p class=\"MsoNormal\" style=\"text-align:justify;text-indent:18.75pt\"><b><u><span style=\"font-family:&quot;Times New Roman&quot;,&quot;serif&quot;\"><o:p><span style=\"text-decoration-line: none;\">&nbsp;</span></o:p></span></u></b></p><p class=\"MsoNormal\" style=\"text-align:justify;text-indent:18.75pt\"><b><u><span style=\"font-family:&quot;Times New Roman&quot;,&quot;serif&quot;\">SPEL\r\nhas undertaken Energy Audit with:<o:p></o:p></span></u></b></p><p class=\"MsoListParagraphCxSpFirst\" style=\"margin: 0in 0in 0.0001pt 57.75pt; text-indent: -0.25in; line-height: normal; background-image: initial; background-position: initial; background-size: initial; background-repeat: initial; background-attachment: initial; background-origin: initial; background-clip: initial;\"><!--[if !supportLists]--><span style=\"font-family:Symbol;mso-fareast-font-family:Symbol;mso-bidi-font-family:\r\nSymbol;mso-fareast-language:EN-IN\">·<span style=\"font-variant-numeric: normal; font-variant-east-asian: normal; font-stretch: normal; font-size: 7pt; line-height: normal; font-family: &quot;Times New Roman&quot;;\">&nbsp;&nbsp;&nbsp;&nbsp;&nbsp;&nbsp;&nbsp;&nbsp;\r\n</span></span><!--[endif]--><span style=\"font-family:&quot;Times New Roman&quot;,&quot;serif&quot;;\r\nmso-fareast-font-family:&quot;Times New Roman&quot;;mso-fareast-language:EN-IN\">Detailed\r\nenergy audit for various Power plants / industrial power projects and steam\r\nproducing plants.<o:p></o:p></span></p><p class=\"MsoListParagraphCxSpMiddle\" style=\"margin: 0in 0in 0.0001pt 57.75pt; text-indent: -0.25in; line-height: normal; background-image: initial; background-position: initial; background-size: initial; background-repeat: initial; background-attachment: initial; background-origin: initial; background-clip: initial;\"><!--[if !supportLists]--><span style=\"font-family:Symbol;mso-fareast-font-family:Symbol;mso-bidi-font-family:\r\nSymbol;mso-fareast-language:EN-IN\">·<span style=\"font-variant-numeric: normal; font-variant-east-asian: normal; font-stretch: normal; font-size: 7pt; line-height: normal; font-family: &quot;Times New Roman&quot;;\">&nbsp;&nbsp;&nbsp;&nbsp;&nbsp;&nbsp;&nbsp;&nbsp;\r\n</span></span><!--[endif]--><span style=\"font-family:&quot;Times New Roman&quot;,&quot;serif&quot;;\r\nmso-fareast-font-family:&quot;Times New Roman&quot;;mso-fareast-language:EN-IN\">Targeted\r\nenergy to conserve energy in the following areas – water / steam / compressed\r\nAir / Electricity / Fuel / Cooling tower.<o:p></o:p></span></p><p class=\"MsoListParagraphCxSpMiddle\" style=\"margin: 0in 0in 0.0001pt 57.75pt; text-indent: -0.25in; line-height: normal; background-image: initial; background-position: initial; background-size: initial; background-repeat: initial; background-attachment: initial; background-origin: initial; background-clip: initial;\"><!--[if !supportLists]--><span style=\"font-family:Symbol;mso-fareast-font-family:Symbol;mso-bidi-font-family:\r\nSymbol;mso-fareast-language:EN-IN\">·<span style=\"font-variant-numeric: normal; font-variant-east-asian: normal; font-stretch: normal; font-size: 7pt; line-height: normal; font-family: &quot;Times New Roman&quot;;\">&nbsp;&nbsp;&nbsp;&nbsp;&nbsp;&nbsp;&nbsp;&nbsp;\r\n</span></span><!--[endif]--><span style=\"font-family:&quot;Times New Roman&quot;,&quot;serif&quot;;\r\nmso-fareast-font-family:&quot;Times New Roman&quot;;mso-fareast-language:EN-IN\">Rich\r\nexperienced manpower and team.<o:p></o:p></span></p><p class=\"MsoListParagraphCxSpMiddle\" style=\"margin: 0in 0in 0.0001pt 57.75pt; text-indent: -0.25in; line-height: normal; background-image: initial; background-position: initial; background-size: initial; background-repeat: initial; background-attachment: initial; background-origin: initial; background-clip: initial;\"><!--[if !supportLists]--><span style=\"font-family:Symbol;mso-fareast-font-family:Symbol;mso-bidi-font-family:\r\nSymbol;mso-fareast-language:EN-IN\">·<span style=\"font-variant-numeric: normal; font-variant-east-asian: normal; font-stretch: normal; font-size: 7pt; line-height: normal; font-family: &quot;Times New Roman&quot;;\">&nbsp;&nbsp;&nbsp;&nbsp;&nbsp;&nbsp;&nbsp;&nbsp;\r\n</span></span><!--[endif]--><span style=\"font-family:&quot;Times New Roman&quot;,&quot;serif&quot;;\r\nmso-fareast-font-family:&quot;Times New Roman&quot;;mso-fareast-language:EN-IN\">Utilising\r\nwide ranges of instruments to conduct survey and quantify the Energy.<o:p></o:p></span></p><p class=\"MsoListParagraphCxSpMiddle\" style=\"margin: 0in 0in 0.0001pt 57.75pt; text-indent: -0.25in; line-height: normal; background-image: initial; background-position: initial; background-size: initial; background-repeat: initial; background-attachment: initial; background-origin: initial; background-clip: initial;\"><!--[if !supportLists]--><span style=\"font-family:Symbol;mso-fareast-font-family:Symbol;mso-bidi-font-family:\r\nSymbol;mso-fareast-language:EN-IN\">·<span style=\"font-variant-numeric: normal; font-variant-east-asian: normal; font-stretch: normal; font-size: 7pt; line-height: normal; font-family: &quot;Times New Roman&quot;;\">&nbsp;&nbsp;&nbsp;&nbsp;&nbsp;&nbsp;&nbsp;&nbsp;\r\n</span></span><!--[endif]--><span style=\"font-family:&quot;Times New Roman&quot;,&quot;serif&quot;;\r\nmso-fareast-font-family:&quot;Times New Roman&quot;;mso-fareast-language:EN-IN\">Innovative\r\nideas to conserve energy.<o:p></o:p></span></p><p class=\"MsoListParagraphCxSpMiddle\" style=\"margin: 0in 0in 0.0001pt 57.75pt; text-indent: -0.25in; line-height: normal; background-image: initial; background-position: initial; background-size: initial; background-repeat: initial; background-attachment: initial; background-origin: initial; background-clip: initial;\"><!--[if !supportLists]--><span style=\"font-family:Symbol;mso-fareast-font-family:Symbol;mso-bidi-font-family:\r\nSymbol;mso-fareast-language:EN-IN\">·<span style=\"font-variant-numeric: normal; font-variant-east-asian: normal; font-stretch: normal; font-size: 7pt; line-height: normal; font-family: &quot;Times New Roman&quot;;\">&nbsp;&nbsp;&nbsp;&nbsp;&nbsp;&nbsp;&nbsp;&nbsp;\r\n</span></span><!--[endif]--><span style=\"font-family:&quot;Times New Roman&quot;,&quot;serif&quot;;\r\nmso-fareast-font-family:&quot;Times New Roman&quot;;mso-fareast-language:EN-IN\">Helps to\r\nreduce the plant actual power consumption.<o:p></o:p></span></p><p class=\"MsoListParagraphCxSpMiddle\" style=\"margin: 0in 0in 0.0001pt 57.75pt; text-indent: -0.25in; line-height: normal; background-image: initial; background-position: initial; background-size: initial; background-repeat: initial; background-attachment: initial; background-origin: initial; background-clip: initial;\"><!--[if !supportLists]--><span style=\"font-family:Symbol;mso-fareast-font-family:Symbol;mso-bidi-font-family:\r\nSymbol;mso-fareast-language:EN-IN\">·<span style=\"font-variant-numeric: normal; font-variant-east-asian: normal; font-stretch: normal; font-size: 7pt; line-height: normal; font-family: &quot;Times New Roman&quot;;\">&nbsp;&nbsp;&nbsp;&nbsp;&nbsp;&nbsp;&nbsp;&nbsp;\r\n</span></span><!--[endif]--><span style=\"font-family:&quot;Times New Roman&quot;,&quot;serif&quot;;\r\nmso-fareast-font-family:&quot;Times New Roman&quot;;mso-fareast-language:EN-IN\">Individual\r\nEquipment performance analysis through detailed survey and suggest measures for\r\nimprovement.<o:p></o:p></span></p><p class=\"MsoListParagraphCxSpMiddle\" style=\"margin: 0in 0in 0.0001pt 57.75pt; text-indent: -0.25in; line-height: normal; background-image: initial; background-position: initial; background-size: initial; background-repeat: initial; background-attachment: initial; background-origin: initial; background-clip: initial;\"><!--[if !supportLists]--><span style=\"font-family:Symbol;mso-fareast-font-family:Symbol;mso-bidi-font-family:\r\nSymbol;mso-fareast-language:EN-IN\">·<span style=\"font-variant-numeric: normal; font-variant-east-asian: normal; font-stretch: normal; font-size: 7pt; line-height: normal; font-family: &quot;Times New Roman&quot;;\">&nbsp;&nbsp;&nbsp;&nbsp;&nbsp;&nbsp;&nbsp;&nbsp;\r\n</span></span><!--[endif]--><span style=\"font-family:&quot;Times New Roman&quot;,&quot;serif&quot;;\r\nmso-fareast-font-family:&quot;Times New Roman&quot;;mso-fareast-language:EN-IN\">Cost\r\nbenefit analysis and action plan.<o:p></o:p></span></p><p class=\"MsoListParagraphCxSpMiddle\" style=\"margin: 0in 0in 0.0001pt 57.75pt; text-indent: -0.25in; line-height: normal; background-image: initial; background-position: initial; background-size: initial; background-repeat: initial; background-attachment: initial; background-origin: initial; background-clip: initial;\"><!--[if !supportLists]--><span style=\"font-family:Symbol;mso-fareast-font-family:Symbol;mso-bidi-font-family:\r\nSymbol;mso-fareast-language:EN-IN\">·<span style=\"font-variant-numeric: normal; font-variant-east-asian: normal; font-stretch: normal; font-size: 7pt; line-height: normal; font-family: &quot;Times New Roman&quot;;\">&nbsp;&nbsp;&nbsp;&nbsp;&nbsp;&nbsp;&nbsp;&nbsp;\r\n</span></span><!--[endif]--><span style=\"font-family:&quot;Times New Roman&quot;,&quot;serif&quot;;\r\nmso-fareast-font-family:&quot;Times New Roman&quot;;mso-fareast-language:EN-IN\">Shutdown\r\naudit to improve performance, Plant availability and Load factor.<o:p></o:p></span></p><p class=\"MsoListParagraphCxSpMiddle\" style=\"margin: 0in 0in 0.0001pt 57.75pt; text-indent: -0.25in; line-height: normal; background-image: initial; background-position: initial; background-size: initial; background-repeat: initial; background-attachment: initial; background-origin: initial; background-clip: initial;\"><!--[if !supportLists]--><span style=\"font-family:Symbol;mso-fareast-font-family:Symbol;mso-bidi-font-family:\r\nSymbol;mso-fareast-language:EN-IN\">·<span style=\"font-variant-numeric: normal; font-variant-east-asian: normal; font-stretch: normal; font-size: 7pt; line-height: normal; font-family: &quot;Times New Roman&quot;;\">&nbsp;&nbsp;&nbsp;&nbsp;&nbsp;&nbsp;&nbsp;&nbsp;\r\n</span></span><!--[endif]--><span style=\"font-family:&quot;Times New Roman&quot;,&quot;serif&quot;;\r\nmso-fareast-font-family:&quot;Times New Roman&quot;;mso-fareast-language:EN-IN\">Specialised\r\nservice to improve plant availability and operation stabilization.<o:p></o:p></span></p><p class=\"MsoListParagraphCxSpLast\" style=\"margin: 0in 0in 0.0001pt 57.75pt; text-indent: -0.25in; line-height: normal; background-image: initial; background-position: initial; background-size: initial; background-repeat: initial; background-attachment: initial; background-origin: initial; background-clip: initial;\"><!--[if !supportLists]--><span style=\"font-family:Symbol;mso-fareast-font-family:Symbol;mso-bidi-font-family:\r\nSymbol;mso-fareast-language:EN-IN\">·<span style=\"font-variant-numeric: normal; font-variant-east-asian: normal; font-stretch: normal; font-size: 7pt; line-height: normal; font-family: &quot;Times New Roman&quot;;\">&nbsp;&nbsp;&nbsp;&nbsp;&nbsp;&nbsp;&nbsp;&nbsp;\r\n</span></span><!--[endif]--><span style=\"font-family:&quot;Times New Roman&quot;,&quot;serif&quot;;\r\nmso-fareast-font-family:&quot;Times New Roman&quot;;mso-fareast-language:EN-IN\">Steam\r\ngeneration with optimum auxiliary power consumption.<o:p></o:p></span></p><p>\r\n\r\n\r\n\r\n\r\n\r\n\r\n\r\n\r\n\r\n\r\n\r\n\r\n\r\n\r\n\r\n\r\n\r\n\r\n\r\n\r\n\r\n\r\n\r\n\r\n\r\n\r\n\r\n\r\n\r\n\r\n\r\n\r\n\r\n\r\n\r\n\r\n\r\n\r\n\r\n\r\n\r\n\r\n\r\n<span style=\"font-size:11.0pt;line-height:115%;font-family:&quot;Times New Roman&quot;,&quot;serif&quot;;\r\nmso-fareast-font-family:&quot;Times New Roman&quot;;mso-ansi-language:EN-IN;mso-fareast-language:\r\nEN-IN;mso-bidi-language:AR-SA\"><br clear=\"all\" style=\"mso-special-character:line-break;\r\npage-break-before:always\"></span></p>', '', 1571080577, 2, -1),
(5, 5, 0, 0, '', '', '<p class=\"MsoNormal\"><span lang=\"EN-US\">When there is a need for improvement as\r\nwell trouble free operation, based on the history of operation, failure\r\nhistory, inadequate performance of individual equipment or to improve the installed\r\ncapacity of the plant equipment, many times dismantling of equipment and\r\nfurther assembling back, or some time retrofitting major modified equipment are\r\nnecessary. Expertise man power, tools and tackles, with prior experience of\r\nerection are the requirement. Such services are often requested by many clients\r\nfor which we can readily take up the service jobs of power plants.</span></p>', '', 1571080754, 2, -1),
(6, 6, 2, 0, '', '', '<p class=\"MsoNormal\"><span lang=\"EN-US\">Many utilities and Industries, owing to\r\ntheir preoccupation, continue to run their plant and equipment with deficiency\r\nin operation, frequent failures, varied operating procedures which resulted in\r\noperational losses, decreased profit, stress to the management as well the\r\noperators. Such type of operational issues, failures and difficulty in\r\nsustained operation of the equipment call for specialized experts’ study on the\r\nplant. Vast experienced experts available with us can study the issues and\r\nsuggest improvements to avoid operational losses on frequent failures, tripping\r\nof equipment and so on.</span></p>', '', 1571080800, 2, -1),
(7, 1, 0, 0, '', '', '<p><span style=\"background-color: rgb(255, 255, 255);\">O &amp;</span> M Services</p><p>Expertise Man Power with vast Technical knowledge in Operation and Maintenance of Power Plants, Industrial Power Projects, CHP, AHP and WTP.<br></p>', '', 1578675298, 2, -1),
(8, 4, 0, 0, '', '', '<p style=\"text-align: left; margin-left: 25px;\">Industrial and Thermal Power Plants are the backbone of any industry. The main aim is uninterrupted Power / Steam generation with minimum auxiliary power consumption.<br></p>', '', 1584361448, 2, -1),
(9, 1, 0, 0, '', '', '<p>At the heart of all O&amp;M lies the equipment. Across the nation, this equipment varies greatly in age, size, type, model, fuel used, condition, etc. O&amp;M services mainly should address</p><p>&nbsp;&nbsp;&nbsp;&nbsp;&nbsp;&nbsp;&nbsp;&nbsp;&nbsp;&nbsp;&nbsp;&nbsp;Present general equipment descriptions and operating principles and procedures, parameters for the major equipment types.</p><p>&nbsp;&nbsp;&nbsp;&nbsp;&nbsp;&nbsp;&nbsp;&nbsp;&nbsp;&nbsp;&nbsp;&nbsp;The key maintenance components of particular equipment.</p><p>&nbsp;&nbsp;&nbsp;&nbsp;&nbsp;&nbsp;&nbsp;&nbsp;&nbsp;&nbsp;&nbsp;&nbsp;Highlight important safety issues.</p><p>&nbsp;&nbsp;&nbsp;&nbsp;&nbsp;&nbsp;&nbsp;&nbsp;&nbsp;&nbsp;&nbsp;&nbsp;Cost and energy efficiency issues.</p><p>&nbsp;&nbsp;&nbsp;&nbsp;&nbsp;&nbsp;&nbsp;&nbsp;&nbsp;&nbsp;&nbsp;&nbsp;Highlights of water-related efficiency impacts and issues.</p><p>&nbsp;&nbsp;&nbsp;&nbsp;&nbsp;&nbsp;&nbsp;&nbsp;&nbsp;&nbsp;&nbsp;&nbsp;Recommended general O&amp;M activities in the form of checklists.</p><p>&nbsp;&nbsp;&nbsp;&nbsp;&nbsp;&nbsp;&nbsp;&nbsp;&nbsp;&nbsp;&nbsp;&nbsp;Analysis of case studies with issues and root cause analysis and remedial measures.</p><p>&nbsp;&nbsp;&nbsp;&nbsp;&nbsp;&nbsp;&nbsp;&nbsp;&nbsp;&nbsp;&nbsp;&nbsp;Trouble free operation with optimum output as expected by clients.</p><p>Above considerations are the main objectives of O&amp;M services, and with aiming at these objectives, our company takes up O&amp;M services and serve customers with expert man power network added with technical knowledge in the fields of Design, Commissioning, Operation, Maintenance and Overhauling of all the equipment.</p><p><b><u style=\"color: rgb(255, 0, 0);\">Why SPEL for O &amp; M:</u></b><br></p><p>&nbsp;&nbsp;&nbsp;&nbsp;&nbsp;&nbsp;&nbsp;&nbsp;&nbsp;&nbsp;&nbsp;&nbsp;SPEL offers a complete range of Operations &amp; Maintenance (O&amp;M) services to Industrial and Thermal power plants.&nbsp; SPEL having rich experience in setting up complete O&amp;M activities to ensure safe and efficient operations and capable of managing both planned and unplanned maintenance activities of total plant inclusive of raw water treatments, DM water systems, boilers, TGS and their auxiliaries, cooling water systems, coal handling systems, ash handling systems, Electrical and Instrumentation systems.&nbsp;</p><p><span style=\"font-weight: bold;\">O&amp;M Responsibility:</span></p><p>&nbsp;&nbsp;&nbsp;&nbsp;&nbsp;&nbsp;&nbsp;&nbsp;&nbsp;&nbsp;&nbsp;&nbsp;Operation &amp; Maintenance (O&amp;M) in entire Power plant area.</p><p>&nbsp;&nbsp;&nbsp;&nbsp;&nbsp;&nbsp;&nbsp;&nbsp;&nbsp;&nbsp;&nbsp;&nbsp;Day to day operations, including production planning, estimation, scheduling and execution.</p><p>&nbsp;&nbsp;&nbsp;&nbsp;&nbsp;&nbsp;&nbsp;&nbsp;&nbsp;&nbsp;&nbsp;&nbsp;Performance monitoring, diagnostics and efficiency enhancement.</p><p>&nbsp;&nbsp;&nbsp;&nbsp;&nbsp;&nbsp;&nbsp;&nbsp;&nbsp;&nbsp;&nbsp;&nbsp;Execution of Technology evaluation for improved performance and spares management required by Client.</p><p>&nbsp;&nbsp;&nbsp;&nbsp;&nbsp;&nbsp;&nbsp;&nbsp;&nbsp;&nbsp;&nbsp;&nbsp;Improve O&amp;M systems and policies as per Client requirement.</p><p>&nbsp;&nbsp;&nbsp;&nbsp;&nbsp;&nbsp;&nbsp;&nbsp;&nbsp;&nbsp;&nbsp;&nbsp;Regular meetings with Clients for day to day operation activities.&nbsp;</p><p>&nbsp;&nbsp;&nbsp;&nbsp;&nbsp;&nbsp;&nbsp;&nbsp;&nbsp;&nbsp;&nbsp;&nbsp;Review of safety norms on regular basis both at sites and administrative offices empharaising proactive &nbsp;&nbsp;&nbsp;&nbsp;&nbsp;&nbsp;&nbsp;&nbsp;&nbsp;&nbsp;&nbsp;&nbsp;measures.<br></p><p>&nbsp;&nbsp;&nbsp;&nbsp;&nbsp;&nbsp;&nbsp;&nbsp;&nbsp;&nbsp;&nbsp;&nbsp;Manage and increase the effectiveness and efficiency of Support Services through improvements in all functions.<br></p><p>&nbsp;&nbsp;&nbsp;&nbsp;&nbsp;&nbsp;&nbsp;&nbsp;&nbsp;&nbsp;&nbsp;&nbsp;Ensuring organization’s inputs into outputs required in an efficient manner.<br></p><p>&nbsp;&nbsp;&nbsp;&nbsp;&nbsp;&nbsp;&nbsp;&nbsp;&nbsp;&nbsp;&nbsp;&nbsp;To ensure profit of the organization.</p><p>&nbsp;&nbsp;&nbsp;&nbsp;&nbsp;&nbsp;&nbsp;&nbsp;&nbsp;&nbsp;&nbsp;&nbsp;Carrying out routine / planned maintenance works and responding to equipment failures in emergencies.</p><p>&nbsp;&nbsp;&nbsp;&nbsp;&nbsp;&nbsp;&nbsp;&nbsp;&nbsp;&nbsp;&nbsp;&nbsp;Diagnosing breakdown problems of all the power plant equipment’s.<br></p><p>&nbsp;&nbsp;&nbsp;&nbsp;&nbsp;&nbsp;&nbsp;&nbsp;&nbsp;&nbsp;&nbsp;&nbsp;Assist client to during quality inspections.<br></p><p>&nbsp;&nbsp;&nbsp;&nbsp;&nbsp;&nbsp;&nbsp;&nbsp;&nbsp;&nbsp;&nbsp;&nbsp;Liaising with different departments in client premises.</p><p>&nbsp;&nbsp;&nbsp;&nbsp;&nbsp;&nbsp;&nbsp;&nbsp;&nbsp;&nbsp;&nbsp;&nbsp;Performance, Productivity analysis and maintenance report.</p><p>&nbsp;&nbsp;&nbsp;&nbsp;&nbsp;&nbsp;&nbsp;&nbsp;&nbsp;&nbsp;&nbsp;&nbsp;Maintain high Safety Standards and deliver the quality service on time and within budget. As part of&nbsp; continuous &nbsp;&nbsp;&nbsp;&nbsp;&nbsp;&nbsp;&nbsp;&nbsp;&nbsp;&nbsp;&nbsp;&nbsp;improvement initiative, conducting of safety&nbsp; training programmes and audits to working force.</p><p>&nbsp;&nbsp;&nbsp;&nbsp;&nbsp;&nbsp;&nbsp;&nbsp;&nbsp;&nbsp;&nbsp;&nbsp;Submission of maintenance report depicting analysed statements with valid measures.</p>', '', 1584362547, 2, -1),
(10, 1, 0, 0, '', '', '<p style=\"margin-top:7.5pt;margin-right:0cm;margin-bottom:3.75pt;margin-left:\r\n0cm;text-align:justify;line-height:115%\"><span style=\"font-family: Arial, sans-serif;\">At the heart of all O&amp;M lies the equipment. Across the nation,\r\nthis equipment varies greatly in age, size, type, model, fuel used, condition,\r\netc. O&amp;M services mainly should address</span><o:p></o:p></p><p style=\"margin: 0cm 0cm 0.0001pt 36pt; line-height: 115%; box-sizing: inherit; text-rendering: optimizelegibility;\"><span style=\"font-family: Arial, sans-serif;\"><br>\r\n</span>Present general equipment descriptions and operating principles and\r\nprocedures, parameters for the major&nbsp;equipments.<o:p></o:p></p><p style=\"margin: 0cm 0cm 0.0001pt; text-align: justify; line-height: 115%; box-sizing: inherit;\"><span style=\"font-family: Arial, sans-serif;\">&nbsp;&nbsp;&nbsp;&nbsp;&nbsp;&nbsp;&nbsp;&nbsp;&nbsp;&nbsp;The\r\nkey maintenance components of particular equipment.<o:p></o:p></span></p><p style=\"margin: 0cm 0cm 0.0001pt; text-align: justify; line-height: 115%; box-sizing: inherit;\"><span style=\"font-family: Arial, sans-serif;\">&nbsp;&nbsp;&nbsp;&nbsp;&nbsp;&nbsp;&nbsp;&nbsp;&nbsp;&nbsp;Highlight\r\nimportant safety issues.<o:p></o:p></span></p><p style=\"margin: 0cm 0cm 0.0001pt; line-height: 115%; box-sizing: inherit;\"><span style=\"font-family: Arial, sans-serif;\">&nbsp;&nbsp;&nbsp;&nbsp;&nbsp;&nbsp;&nbsp;&nbsp;&nbsp;&nbsp;Cost\r\nand energy efficiency issues.<o:p></o:p></span></p><p style=\"margin: 0cm 0cm 0.0001pt; line-height: 115%; box-sizing: inherit;\"><span style=\"font-family: Arial, sans-serif;\">&nbsp;&nbsp;&nbsp;&nbsp;&nbsp;&nbsp;&nbsp;&nbsp;&nbsp;&nbsp;Highlights\r\nof water-related efficiency impacts and issues.<o:p></o:p></span></p><p style=\"margin: 0cm 0cm 0.0001pt; line-height: 115%; box-sizing: inherit;\"><span style=\"font-family: Arial, sans-serif;\">&nbsp;&nbsp;&nbsp;&nbsp;&nbsp;&nbsp;&nbsp;&nbsp;&nbsp;&nbsp;Recommended\r\ngeneral O&amp;M activities in the form of checklists.<o:p></o:p></span></p><p style=\"margin: 0cm 0cm 0.0001pt; line-height: 115%; box-sizing: inherit;\"><span style=\"font-family: Arial, sans-serif;\">&nbsp;&nbsp;&nbsp;&nbsp;&nbsp;&nbsp;&nbsp;&nbsp;&nbsp;&nbsp;Analysis\r\nof case studies with issues and root cause analysis and remedial measures.<o:p></o:p></span></p><p style=\"margin: 0cm 0cm 0.0001pt; line-height: 115%; box-sizing: inherit;\"><span style=\"font-family: Arial, sans-serif;\">&nbsp;&nbsp;&nbsp;&nbsp;&nbsp;&nbsp;&nbsp;&nbsp;&nbsp;&nbsp;Trouble\r\nfree operation with optimum output as expected by clients.<o:p></o:p></span></p><p style=\"margin:0cm;margin-bottom:.0001pt;text-align:justify\"><span style=\"font-family: Arial, sans-serif;\"><o:p>&nbsp;</o:p></span></p><p style=\"margin: 0cm 0cm 15pt; line-height: 150%; box-sizing: inherit;\"><span style=\"font-family: Arial, sans-serif;\">Above considerations are the main objectives of O&amp;M services,\r\nand with aiming at these objectives, our company takes up O&amp;M services and\r\nserve customers with expert man power network added with technical knowledge in\r\nthe fields of Design, Commissioning, Operation, Maintenance and Overhauling of\r\nall the equipment.<o:p></o:p></span></p><p style=\"margin: 0cm 0cm 15pt; box-sizing: inherit;\"><span style=\"box-sizing: inherit\"><span style=\"box-sizing: inherit\"><b><u><span style=\"font-family:&quot;Arial&quot;,&quot;sans-serif&quot;;color:red\">Why SPEL for O &amp; M:</span><o:p></o:p></u></b></span></span></p><p style=\"margin: 0cm 0cm 15pt; line-height: 150%; box-sizing: inherit;\"><span style=\"font-family: Arial, sans-serif;\">SPEL offers a complete range of Operations &amp; Maintenance\r\n(O&amp;M) services to Industrial and Thermal power plants.&nbsp; SPEL having\r\nrich experience in setting up complete O&amp;M activities to ensure safe and\r\nefficient operations and capable of managing both planned and unplanned\r\nmaintenance activities of total plant inclusive of raw water treatments, DM\r\nwater systems, boilers, TGS and their auxiliaries, cooling water systems, coal\r\nhandling systems, ash handling systems, Electrical and Instrumentation\r\nsystems.&nbsp;<o:p></o:p></span></p><p style=\"margin: 0cm 0cm 15pt; box-sizing: inherit;\"><span style=\"box-sizing: inherit\"><b><u><span style=\"font-family:&quot;Arial&quot;,&quot;sans-serif&quot;;\r\ncolor:red\">O&amp;M Responsibility:</span><o:p></o:p></u></b></span></p><p style=\"margin: 0cm 0cm 0.0001pt; text-indent: 36pt; line-height: 150%; box-sizing: inherit;\"><span style=\"font-family: Arial, sans-serif;\">Operation &amp; Maintenance (O&amp;M) in entire Power plant area.<o:p></o:p></span></p><p style=\"margin: 0cm 0cm 0.0001pt 36pt; line-height: 150%; box-sizing: inherit;\"><span style=\"font-family: Arial, sans-serif;\">Day to day\r\noperations, including production planning, estimation, scheduling and\r\nexecution.<o:p></o:p></span></p><p style=\"margin: 0cm 0cm 0.0001pt; text-indent: 36pt; line-height: 150%; box-sizing: inherit;\"><span style=\"font-family: Arial, sans-serif;\">Performance monitoring, diagnostics and efficiency enhancement.<o:p></o:p></span></p><p style=\"margin-top:0cm;margin-right:0cm;margin-bottom:0cm;margin-left:36.0pt;\r\nmargin-bottom:.0001pt;text-align:justify;line-height:150%\"><span style=\"font-family: Arial, sans-serif;\">Execution of Technology\r\nevaluation for improved performance and spares management required by Client.<o:p></o:p></span></p><p style=\"margin:0cm;margin-bottom:.0001pt;text-align:justify;text-indent:36.0pt;\r\nline-height:150%\"><span style=\"font-family: Arial, sans-serif;\">Improve\r\nO&amp;M systems and policies as per Client requirement.<o:p></o:p></span></p><p style=\"margin: 0cm 0cm 0.0001pt; text-indent: 36pt; line-height: 150%; box-sizing: inherit;\"><span style=\"font-family: Arial, sans-serif;\">Regular meetings with Clients for day to day operation\r\nactivities.&nbsp;<o:p></o:p></span></p><p style=\"margin: 0cm 0cm 0.0001pt 36pt; line-height: 150%; box-sizing: inherit;\"><span style=\"font-family: Arial, sans-serif;\">Review of\r\nsafety norms on regular basis both at sites and administrative offices empharaising\r\nproactive measures.<o:p></o:p></span></p><p style=\"margin: 0cm 0cm 0.0001pt 36pt; line-height: 150%; box-sizing: inherit;\"><span style=\"font-family: Arial, sans-serif;\">Manage and\r\nincrease the effectiveness and efficiency of Support Services through\r\nimprovements in all functions.<o:p></o:p></span></p><p style=\"margin: 0cm 0cm 0.0001pt; text-indent: 36pt; line-height: 150%; box-sizing: inherit;\"><span style=\"font-family: Arial, sans-serif;\">Ensuring organization’s inputs into outputs required in an\r\nefficient manner.<o:p></o:p></span></p><p style=\"margin: 0cm 0cm 0.0001pt; text-indent: 36pt; line-height: 150%; box-sizing: inherit;\"><span style=\"font-family: Arial, sans-serif;\">To ensure profit of the organization.<o:p></o:p></span></p><p style=\"margin: 0cm 0cm 0.0001pt 36pt; line-height: 150%; box-sizing: inherit;\"><span style=\"font-family: Arial, sans-serif;\">Carrying out\r\nroutine / planned maintenance works and responding to equipment failures in\r\nemergencies.<o:p></o:p></span></p><p style=\"margin: 0cm 0cm 0.0001pt; text-indent: 36pt; line-height: 150%; box-sizing: inherit;\"><span style=\"font-family: Arial, sans-serif;\">Diagnosing breakdown problems of all the power plant equipment’s.<o:p></o:p></span></p><p style=\"margin: 0cm 0cm 0.0001pt; text-indent: 36pt; line-height: 150%; box-sizing: inherit;\"><span style=\"font-family: Arial, sans-serif;\">Assist client to during quality inspections.<o:p></o:p></span></p><p style=\"margin: 0cm 0cm 0.0001pt; text-indent: 36pt; line-height: 150%; box-sizing: inherit;\"><span style=\"font-family: Arial, sans-serif;\">Liaising with different departments in client premises.<o:p></o:p></span></p><p style=\"margin: 0cm 0cm 0.0001pt; text-indent: 36pt; line-height: 150%; box-sizing: inherit;\"><span style=\"font-family: Arial, sans-serif;\">Performance, Productivity analysis and maintenance report.<o:p></o:p></span></p><p style=\"margin: 0cm 0cm 0.0001pt 36pt; line-height: 150%; box-sizing: inherit;\"><span style=\"font-family: Arial, sans-serif;\">Maintain high\r\nSafety Standards and deliver the quality service on time and within budget. As\r\npart of&nbsp; continuous improvement initiative, conducting of safety&nbsp;\r\ntraining programmes and audits to working force.<o:p></o:p></span></p><p style=\"margin: 0cm 0cm 0.0001pt; text-indent: 36pt; line-height: 150%; box-sizing: inherit;\"><span style=\"font-family: Arial, sans-serif;\">Submission of maintenance report depicting analysed statements\r\nwith valid measures.<o:p></o:p></span></p><p style=\"box-sizing: inherit; line-height: normal; margin-top: 10px; margin-bottom: 5px; clear: both; text-rendering: optimizelegibility;\">\r\n\r\n\r\n\r\n\r\n\r\n\r\n\r\n\r\n\r\n\r\n\r\n\r\n\r\n\r\n\r\n\r\n\r\n\r\n\r\n\r\n\r\n\r\n\r\n\r\n\r\n\r\n\r\n\r\n\r\n\r\n\r\n\r\n\r\n\r\n\r\n\r\n\r\n\r\n\r\n\r\n\r\n\r\n\r\n\r\n\r\n\r\n\r\n\r\n\r\n\r\n\r\n\r\n\r\n\r\n\r\n\r\n\r\n\r\n\r\n\r\n\r\n</p><p class=\"MsoNormal\" style=\"text-align:justify\"><o:p>&nbsp;</o:p></p>', '', 1584363164, 2, -1);
INSERT INTO `services_list` (`srv_id`, `srcat_id`, `srsbcat_id`, `styp_id`, `name`, `srt_descr`, `descr`, `thumb_img`, `crt_stm`, `crt_by`, `status`) VALUES
(11, 1, 0, 0, '', '', '<p class=\"MsoNormal\" style=\"margin: 7.5pt 0cm 3.75pt; line-height: normal; background-image: initial; background-position: initial; background-size: initial; background-repeat: initial; background-attachment: initial; background-origin: initial; background-clip: initial;\"><span style=\"font-size:15.5pt;font-family:&quot;Arial&quot;,&quot;sans-serif&quot;;mso-fareast-font-family:\r\n&quot;Times New Roman&quot;;color:#222222;mso-fareast-language:EN-IN\">O &amp; M SERVICES<o:p></o:p></span></p><p class=\"MsoNormal\" style=\"margin-bottom: 15pt; text-align: justify; line-height: normal; background-image: initial; background-position: initial; background-size: initial; background-repeat: initial; background-attachment: initial; background-origin: initial; background-clip: initial;\"><span style=\"font-size:10.5pt;font-family:&quot;Arial&quot;,&quot;sans-serif&quot;;\r\nmso-fareast-font-family:&quot;Times New Roman&quot;;color:#222222;mso-fareast-language:\r\nEN-IN\">At the heart of all O&amp;M lies the equipment. Across the nation, this\r\nequipment varies greatly in age, size, type, model, fuel used, condition, etc.\r\nO&amp;M services mainly should address<o:p></o:p></span></p><p class=\"MsoListParagraphCxSpFirst\" style=\"margin: 0cm 0cm 15pt 2cm; text-align: justify; text-indent: -14.15pt; line-height: normal; background-image: initial; background-position: initial; background-size: initial; background-repeat: initial; background-attachment: initial; background-origin: initial; background-clip: initial;\"><!--[if !supportLists]--><span style=\"font-size:10.5pt;font-family:Wingdings;\r\nmso-fareast-font-family:Wingdings;mso-bidi-font-family:Wingdings;color:#222222;\r\nmso-fareast-language:EN-IN\">v<span style=\"font-variant-numeric: normal; font-variant-east-asian: normal; font-stretch: normal; font-size: 7pt; line-height: normal; font-family: &quot;Times New Roman&quot;;\"> </span></span><!--[endif]--><span style=\"font-size:10.5pt;font-family:&quot;Arial&quot;,&quot;sans-serif&quot;;mso-fareast-font-family:\r\n&quot;Times New Roman&quot;;color:#222222;mso-fareast-language:EN-IN\">Present general\r\nequipment descriptions and operating principles and procedures, parameters for\r\nthe major equipment types.<o:p></o:p></span></p><p class=\"MsoListParagraphCxSpMiddle\" style=\"margin: 0cm 0cm 15pt 2cm; text-align: justify; text-indent: -14.15pt; line-height: normal; background-image: initial; background-position: initial; background-size: initial; background-repeat: initial; background-attachment: initial; background-origin: initial; background-clip: initial;\"><!--[if !supportLists]--><span style=\"font-size:10.5pt;font-family:Wingdings;\r\nmso-fareast-font-family:Wingdings;mso-bidi-font-family:Wingdings;color:#222222;\r\nmso-fareast-language:EN-IN\">v<span style=\"font-variant-numeric: normal; font-variant-east-asian: normal; font-stretch: normal; font-size: 7pt; line-height: normal; font-family: &quot;Times New Roman&quot;;\"> </span></span><!--[endif]--><span style=\"font-size:10.5pt;font-family:&quot;Arial&quot;,&quot;sans-serif&quot;;mso-fareast-font-family:\r\n&quot;Times New Roman&quot;;color:#222222;mso-fareast-language:EN-IN\">The key maintenance\r\ncomponents of particular equipment.<o:p></o:p></span></p><p class=\"MsoListParagraphCxSpMiddle\" style=\"margin: 0cm 0cm 15pt 2cm; text-align: justify; text-indent: -14.15pt; line-height: normal; background-image: initial; background-position: initial; background-size: initial; background-repeat: initial; background-attachment: initial; background-origin: initial; background-clip: initial;\"><!--[if !supportLists]--><span style=\"font-size:10.5pt;font-family:Wingdings;\r\nmso-fareast-font-family:Wingdings;mso-bidi-font-family:Wingdings;color:#222222;\r\nmso-fareast-language:EN-IN\">v<span style=\"font-variant-numeric: normal; font-variant-east-asian: normal; font-stretch: normal; font-size: 7pt; line-height: normal; font-family: &quot;Times New Roman&quot;;\"> </span></span><!--[endif]--><span style=\"font-size:10.5pt;font-family:&quot;Arial&quot;,&quot;sans-serif&quot;;mso-fareast-font-family:\r\n&quot;Times New Roman&quot;;color:#222222;mso-fareast-language:EN-IN\">Highlight important\r\nsafety issues.<o:p></o:p></span></p><p class=\"MsoListParagraphCxSpMiddle\" style=\"margin: 0cm 0cm 15pt 2cm; text-align: justify; text-indent: -14.15pt; line-height: normal; background-image: initial; background-position: initial; background-size: initial; background-repeat: initial; background-attachment: initial; background-origin: initial; background-clip: initial;\"><!--[if !supportLists]--><span style=\"font-size:10.5pt;font-family:Wingdings;\r\nmso-fareast-font-family:Wingdings;mso-bidi-font-family:Wingdings;color:#222222;\r\nmso-fareast-language:EN-IN\">v<span style=\"font-variant-numeric: normal; font-variant-east-asian: normal; font-stretch: normal; font-size: 7pt; line-height: normal; font-family: &quot;Times New Roman&quot;;\"> </span></span><!--[endif]--><span style=\"font-size:10.5pt;font-family:&quot;Arial&quot;,&quot;sans-serif&quot;;mso-fareast-font-family:\r\n&quot;Times New Roman&quot;;color:#222222;mso-fareast-language:EN-IN\">Cost and energy\r\nefficiency issues.<o:p></o:p></span></p><p class=\"MsoListParagraphCxSpMiddle\" style=\"margin: 0cm 0cm 15pt 2cm; text-align: justify; text-indent: -14.15pt; line-height: normal; background-image: initial; background-position: initial; background-size: initial; background-repeat: initial; background-attachment: initial; background-origin: initial; background-clip: initial;\"><!--[if !supportLists]--><span style=\"font-size:10.5pt;font-family:Wingdings;\r\nmso-fareast-font-family:Wingdings;mso-bidi-font-family:Wingdings;color:#222222;\r\nmso-fareast-language:EN-IN\">v<span style=\"font-variant-numeric: normal; font-variant-east-asian: normal; font-stretch: normal; font-size: 7pt; line-height: normal; font-family: &quot;Times New Roman&quot;;\"> </span></span><!--[endif]--><span style=\"font-size:10.5pt;font-family:&quot;Arial&quot;,&quot;sans-serif&quot;;mso-fareast-font-family:\r\n&quot;Times New Roman&quot;;color:#222222;mso-fareast-language:EN-IN\">&nbsp;Highlights of water-related efficiency impacts\r\nand issues.<o:p></o:p></span></p><p class=\"MsoListParagraphCxSpMiddle\" style=\"margin: 0cm 0cm 15pt 2cm; text-align: justify; text-indent: -14.15pt; line-height: normal; background-image: initial; background-position: initial; background-size: initial; background-repeat: initial; background-attachment: initial; background-origin: initial; background-clip: initial;\"><!--[if !supportLists]--><span style=\"font-size:10.5pt;font-family:Wingdings;\r\nmso-fareast-font-family:Wingdings;mso-bidi-font-family:Wingdings;color:#222222;\r\nmso-fareast-language:EN-IN\">v<span style=\"font-variant-numeric: normal; font-variant-east-asian: normal; font-stretch: normal; font-size: 7pt; line-height: normal; font-family: &quot;Times New Roman&quot;;\"> </span></span><!--[endif]--><span style=\"font-size:10.5pt;font-family:&quot;Arial&quot;,&quot;sans-serif&quot;;mso-fareast-font-family:\r\n&quot;Times New Roman&quot;;color:#222222;mso-fareast-language:EN-IN\">&nbsp;Recommended general O&amp;M activities in the\r\nform of checklists.<o:p></o:p></span></p><p class=\"MsoListParagraphCxSpMiddle\" style=\"margin: 0cm 0cm 15pt 2cm; text-align: justify; text-indent: -14.15pt; line-height: normal; background-image: initial; background-position: initial; background-size: initial; background-repeat: initial; background-attachment: initial; background-origin: initial; background-clip: initial;\"><!--[if !supportLists]--><span style=\"font-size:10.5pt;font-family:Wingdings;\r\nmso-fareast-font-family:Wingdings;mso-bidi-font-family:Wingdings;color:#222222;\r\nmso-fareast-language:EN-IN\">v<span style=\"font-variant-numeric: normal; font-variant-east-asian: normal; font-stretch: normal; font-size: 7pt; line-height: normal; font-family: &quot;Times New Roman&quot;;\"> </span></span><!--[endif]--><span style=\"font-size:10.5pt;font-family:&quot;Arial&quot;,&quot;sans-serif&quot;;mso-fareast-font-family:\r\n&quot;Times New Roman&quot;;color:#222222;mso-fareast-language:EN-IN\">&nbsp;Analysis of case studies with issues and root\r\ncause analysis and remedial measures.<o:p></o:p></span></p><p class=\"MsoListParagraphCxSpLast\" style=\"margin: 0cm 0cm 15pt 2cm; text-align: justify; text-indent: -14.15pt; line-height: normal; background-image: initial; background-position: initial; background-size: initial; background-repeat: initial; background-attachment: initial; background-origin: initial; background-clip: initial;\"><!--[if !supportLists]--><span style=\"font-size:10.5pt;font-family:Wingdings;\r\nmso-fareast-font-family:Wingdings;mso-bidi-font-family:Wingdings;color:#222222;\r\nmso-fareast-language:EN-IN\">v<span style=\"font-variant-numeric: normal; font-variant-east-asian: normal; font-stretch: normal; font-size: 7pt; line-height: normal; font-family: &quot;Times New Roman&quot;;\"> </span></span><!--[endif]--><span style=\"font-size:10.5pt;font-family:&quot;Arial&quot;,&quot;sans-serif&quot;;mso-fareast-font-family:\r\n&quot;Times New Roman&quot;;color:#222222;mso-fareast-language:EN-IN\">Trouble free\r\noperation with optimum output as expected by clients.<o:p></o:p></span></p><p class=\"MsoNormal\" style=\"margin-bottom: 15pt; text-align: justify; line-height: normal; background-image: initial; background-position: initial; background-size: initial; background-repeat: initial; background-attachment: initial; background-origin: initial; background-clip: initial;\"><span style=\"font-size:10.5pt;font-family:&quot;Arial&quot;,&quot;sans-serif&quot;;\r\nmso-fareast-font-family:&quot;Times New Roman&quot;;color:#222222;mso-fareast-language:\r\nEN-IN\">Above considerations are the main objectives of O&amp;M services, and\r\nwith aiming at these objectives, our company takes up O&amp;M services and\r\nserve customers with expert man power network added with technical knowledge in\r\nthe fields of Design, Commissioning, Operation, Maintenance and Overhauling of\r\nall the equipment.<o:p></o:p></span></p><p class=\"MsoNormal\" style=\"margin-bottom: 15pt; text-align: justify; line-height: normal; background-image: initial; background-position: initial; background-size: initial; background-repeat: initial; background-attachment: initial; background-origin: initial; background-clip: initial;\"><b><u><span style=\"font-size:10.5pt;font-family:&quot;Arial&quot;,&quot;sans-serif&quot;;\r\nmso-fareast-font-family:&quot;Times New Roman&quot;;color:#33338D;mso-fareast-language:\r\nEN-IN\">Why SPEL for O &amp; M:</span></u></b><span style=\"font-size:10.5pt;\r\nfont-family:&quot;Arial&quot;,&quot;sans-serif&quot;;mso-fareast-font-family:&quot;Times New Roman&quot;;\r\ncolor:#33338D;mso-fareast-language:EN-IN\"><o:p></o:p></span></p><p class=\"MsoNormal\" style=\"margin-bottom: 15pt; text-align: justify; line-height: normal; background-image: initial; background-position: initial; background-size: initial; background-repeat: initial; background-attachment: initial; background-origin: initial; background-clip: initial;\"><span style=\"font-size:10.5pt;font-family:&quot;Arial&quot;,&quot;sans-serif&quot;;\r\nmso-fareast-font-family:&quot;Times New Roman&quot;;color:#222222;mso-fareast-language:\r\nEN-IN\">&nbsp;&nbsp;&nbsp;&nbsp;&nbsp;&nbsp;&nbsp;&nbsp;&nbsp;&nbsp;&nbsp;&nbsp;SPEL\r\noffers a complete range of Operations &amp; Maintenance (O&amp;M) services to\r\nIndustrial and Thermal power plants.&nbsp; SPEL having rich experience in\r\nsetting up complete O&amp;M activities to ensure safe and efficient operations\r\nand capable of managing both planned and unplanned maintenance activities of\r\ntotal plant inclusive of raw water treatments, DM water systems, boilers, TGS\r\nand their auxiliaries, cooling water systems, coal handling systems, ash\r\nhandling systems, Electrical and Instrumentation systems.&nbsp;<o:p></o:p></span></p><p class=\"MsoNormal\" style=\"margin-bottom: 15pt; text-align: justify; line-height: normal; background-image: initial; background-position: initial; background-size: initial; background-repeat: initial; background-attachment: initial; background-origin: initial; background-clip: initial;\"><b><u><span style=\"font-size:10.5pt;font-family:&quot;Arial&quot;,&quot;sans-serif&quot;;\r\nmso-fareast-font-family:&quot;Times New Roman&quot;;color:#33338D;mso-fareast-language:\r\nEN-IN\">O&amp;M Responsibility:<o:p></o:p></span></u></b></p><p class=\"MsoListParagraphCxSpFirst\" style=\"margin: 0cm 0cm 15pt 2cm; text-align: justify; text-indent: -14.15pt; line-height: normal; background-image: initial; background-position: initial; background-size: initial; background-repeat: initial; background-attachment: initial; background-origin: initial; background-clip: initial;\"><!--[if !supportLists]--><span style=\"font-size:10.5pt;font-family:Wingdings;\r\nmso-fareast-font-family:Wingdings;mso-bidi-font-family:Wingdings;color:#222222;\r\nmso-fareast-language:EN-IN\">v<span style=\"font-variant-numeric: normal; font-variant-east-asian: normal; font-stretch: normal; font-size: 7pt; line-height: normal; font-family: &quot;Times New Roman&quot;;\"> </span></span><!--[endif]--><span style=\"font-size:10.5pt;font-family:&quot;Arial&quot;,&quot;sans-serif&quot;;mso-fareast-font-family:\r\n&quot;Times New Roman&quot;;color:#222222;mso-fareast-language:EN-IN\">Operation &amp;\r\nMaintenance (O&amp;M) in entire Power plant area.<o:p></o:p></span></p><p class=\"MsoListParagraphCxSpMiddle\" style=\"margin: 0cm 0cm 15pt 2cm; text-align: justify; text-indent: -14.15pt; line-height: normal; background-image: initial; background-position: initial; background-size: initial; background-repeat: initial; background-attachment: initial; background-origin: initial; background-clip: initial;\"><!--[if !supportLists]--><span style=\"font-size:10.5pt;font-family:Wingdings;\r\nmso-fareast-font-family:Wingdings;mso-bidi-font-family:Wingdings;color:#222222;\r\nmso-fareast-language:EN-IN\">v<span style=\"font-variant-numeric: normal; font-variant-east-asian: normal; font-stretch: normal; font-size: 7pt; line-height: normal; font-family: &quot;Times New Roman&quot;;\"> </span></span><!--[endif]--><span style=\"font-size:10.5pt;font-family:&quot;Arial&quot;,&quot;sans-serif&quot;;mso-fareast-font-family:\r\n&quot;Times New Roman&quot;;color:#222222;mso-fareast-language:EN-IN\">Day to day\r\noperations, including production planning, estimation, scheduling and\r\nexecution.<o:p></o:p></span></p><p class=\"MsoListParagraphCxSpMiddle\" style=\"margin: 0cm 0cm 15pt 2cm; text-align: justify; text-indent: -14.15pt; line-height: normal; background-image: initial; background-position: initial; background-size: initial; background-repeat: initial; background-attachment: initial; background-origin: initial; background-clip: initial;\"><!--[if !supportLists]--><span style=\"font-size:10.5pt;font-family:Wingdings;\r\nmso-fareast-font-family:Wingdings;mso-bidi-font-family:Wingdings;color:#222222;\r\nmso-fareast-language:EN-IN\">v<span style=\"font-variant-numeric: normal; font-variant-east-asian: normal; font-stretch: normal; font-size: 7pt; line-height: normal; font-family: &quot;Times New Roman&quot;;\"> </span></span><!--[endif]--><span style=\"font-size:10.5pt;font-family:&quot;Arial&quot;,&quot;sans-serif&quot;;mso-fareast-font-family:\r\n&quot;Times New Roman&quot;;color:#222222;mso-fareast-language:EN-IN\">Performance\r\nmonitoring, diagnostics and efficiency enhancement.<o:p></o:p></span></p><p class=\"MsoListParagraphCxSpMiddle\" style=\"margin: 0cm 0cm 15pt 2cm; text-align: justify; text-indent: -14.15pt; line-height: normal; background-image: initial; background-position: initial; background-size: initial; background-repeat: initial; background-attachment: initial; background-origin: initial; background-clip: initial;\"><!--[if !supportLists]--><span style=\"font-size:10.5pt;font-family:Wingdings;\r\nmso-fareast-font-family:Wingdings;mso-bidi-font-family:Wingdings;color:#222222;\r\nmso-fareast-language:EN-IN\">v<span style=\"font-variant-numeric: normal; font-variant-east-asian: normal; font-stretch: normal; font-size: 7pt; line-height: normal; font-family: &quot;Times New Roman&quot;;\"> </span></span><!--[endif]--><span style=\"font-size:10.5pt;font-family:&quot;Arial&quot;,&quot;sans-serif&quot;;mso-fareast-font-family:\r\n&quot;Times New Roman&quot;;color:#222222;mso-fareast-language:EN-IN\">Execution of\r\nTechnology evaluation for improved performance and spares management required\r\nby Client.<o:p></o:p></span></p><p class=\"MsoListParagraphCxSpMiddle\" style=\"margin: 0cm 0cm 15pt 2cm; text-align: justify; text-indent: -14.15pt; line-height: normal; background-image: initial; background-position: initial; background-size: initial; background-repeat: initial; background-attachment: initial; background-origin: initial; background-clip: initial;\"><!--[if !supportLists]--><span style=\"font-size:10.5pt;font-family:Wingdings;\r\nmso-fareast-font-family:Wingdings;mso-bidi-font-family:Wingdings;color:#222222;\r\nmso-fareast-language:EN-IN\">v<span style=\"font-variant-numeric: normal; font-variant-east-asian: normal; font-stretch: normal; font-size: 7pt; line-height: normal; font-family: &quot;Times New Roman&quot;;\"> </span></span><!--[endif]--><span style=\"font-size:10.5pt;font-family:&quot;Arial&quot;,&quot;sans-serif&quot;;mso-fareast-font-family:\r\n&quot;Times New Roman&quot;;color:#222222;mso-fareast-language:EN-IN\">Improve O&amp;M\r\nsystems and policies as per Client requirement.<o:p></o:p></span></p><p class=\"MsoListParagraphCxSpMiddle\" style=\"margin: 0cm 0cm 15pt 2cm; text-align: justify; text-indent: -14.15pt; line-height: normal; background-image: initial; background-position: initial; background-size: initial; background-repeat: initial; background-attachment: initial; background-origin: initial; background-clip: initial;\"><!--[if !supportLists]--><span style=\"font-size:10.5pt;font-family:Wingdings;\r\nmso-fareast-font-family:Wingdings;mso-bidi-font-family:Wingdings;color:#222222;\r\nmso-fareast-language:EN-IN\">v<span style=\"font-variant-numeric: normal; font-variant-east-asian: normal; font-stretch: normal; font-size: 7pt; line-height: normal; font-family: &quot;Times New Roman&quot;;\"> </span></span><!--[endif]--><span style=\"font-size:10.5pt;font-family:&quot;Arial&quot;,&quot;sans-serif&quot;;mso-fareast-font-family:\r\n&quot;Times New Roman&quot;;color:#222222;mso-fareast-language:EN-IN\">Regular meetings\r\nwith Clients for day to day operation activities.&nbsp;<o:p></o:p></span></p><p class=\"MsoListParagraphCxSpMiddle\" style=\"margin: 0cm 0cm 15pt 2cm; text-align: justify; text-indent: -14.15pt; line-height: normal; background-image: initial; background-position: initial; background-size: initial; background-repeat: initial; background-attachment: initial; background-origin: initial; background-clip: initial;\"><!--[if !supportLists]--><span style=\"font-size:10.5pt;font-family:Wingdings;\r\nmso-fareast-font-family:Wingdings;mso-bidi-font-family:Wingdings;color:#222222;\r\nmso-fareast-language:EN-IN\">v<span style=\"font-variant-numeric: normal; font-variant-east-asian: normal; font-stretch: normal; font-size: 7pt; line-height: normal; font-family: &quot;Times New Roman&quot;;\"> </span></span><!--[endif]--><span style=\"font-size:10.5pt;font-family:&quot;Arial&quot;,&quot;sans-serif&quot;;mso-fareast-font-family:\r\n&quot;Times New Roman&quot;;color:#222222;mso-fareast-language:EN-IN\">Review of safety\r\nnorms on regular basis both at sites and administrative offices empharaising\r\nproactive measures.<o:p></o:p></span></p><p class=\"MsoListParagraphCxSpMiddle\" style=\"margin: 0cm 0cm 15pt 2cm; text-align: justify; text-indent: -14.15pt; line-height: normal; background-image: initial; background-position: initial; background-size: initial; background-repeat: initial; background-attachment: initial; background-origin: initial; background-clip: initial;\"><!--[if !supportLists]--><span style=\"font-size:10.5pt;font-family:Wingdings;\r\nmso-fareast-font-family:Wingdings;mso-bidi-font-family:Wingdings;color:#222222;\r\nmso-fareast-language:EN-IN\">v<span style=\"font-variant-numeric: normal; font-variant-east-asian: normal; font-stretch: normal; font-size: 7pt; line-height: normal; font-family: &quot;Times New Roman&quot;;\"> </span></span><!--[endif]--><span style=\"font-size:10.5pt;font-family:&quot;Arial&quot;,&quot;sans-serif&quot;;mso-fareast-font-family:\r\n&quot;Times New Roman&quot;;color:#222222;mso-fareast-language:EN-IN\">Manage and increase\r\nthe effectiveness and efficiency of Support Services through improvements in\r\nall functions.<o:p></o:p></span></p><p class=\"MsoListParagraphCxSpMiddle\" style=\"margin: 0cm 0cm 15pt 2cm; text-align: justify; text-indent: -14.15pt; line-height: normal; background-image: initial; background-position: initial; background-size: initial; background-repeat: initial; background-attachment: initial; background-origin: initial; background-clip: initial;\"><!--[if !supportLists]--><span style=\"font-size:10.5pt;font-family:Wingdings;\r\nmso-fareast-font-family:Wingdings;mso-bidi-font-family:Wingdings;color:#222222;\r\nmso-fareast-language:EN-IN\">v<span style=\"font-variant-numeric: normal; font-variant-east-asian: normal; font-stretch: normal; font-size: 7pt; line-height: normal; font-family: &quot;Times New Roman&quot;;\"> </span></span><!--[endif]--><span style=\"font-size:10.5pt;font-family:&quot;Arial&quot;,&quot;sans-serif&quot;;mso-fareast-font-family:\r\n&quot;Times New Roman&quot;;color:#222222;mso-fareast-language:EN-IN\">Ensuring\r\norganization’s inputs into outputs required in an efficient manner.<o:p></o:p></span></p><p class=\"MsoListParagraphCxSpMiddle\" style=\"margin: 0cm 0cm 15pt 2cm; text-align: justify; text-indent: -14.15pt; line-height: normal; background-image: initial; background-position: initial; background-size: initial; background-repeat: initial; background-attachment: initial; background-origin: initial; background-clip: initial;\"><!--[if !supportLists]--><span style=\"font-size:10.5pt;font-family:Wingdings;\r\nmso-fareast-font-family:Wingdings;mso-bidi-font-family:Wingdings;color:#222222;\r\nmso-fareast-language:EN-IN\">v<span style=\"font-variant-numeric: normal; font-variant-east-asian: normal; font-stretch: normal; font-size: 7pt; line-height: normal; font-family: &quot;Times New Roman&quot;;\"> </span></span><!--[endif]--><span style=\"font-size:10.5pt;font-family:&quot;Arial&quot;,&quot;sans-serif&quot;;mso-fareast-font-family:\r\n&quot;Times New Roman&quot;;color:#222222;mso-fareast-language:EN-IN\">To ensure profit of\r\nthe organization.<o:p></o:p></span></p><p class=\"MsoListParagraphCxSpMiddle\" style=\"margin: 0cm 0cm 15pt 2cm; text-align: justify; text-indent: -14.15pt; line-height: normal; background-image: initial; background-position: initial; background-size: initial; background-repeat: initial; background-attachment: initial; background-origin: initial; background-clip: initial;\"><!--[if !supportLists]--><span style=\"font-size:10.5pt;font-family:Wingdings;\r\nmso-fareast-font-family:Wingdings;mso-bidi-font-family:Wingdings;color:#222222;\r\nmso-fareast-language:EN-IN\">v<span style=\"font-variant-numeric: normal; font-variant-east-asian: normal; font-stretch: normal; font-size: 7pt; line-height: normal; font-family: &quot;Times New Roman&quot;;\"> </span></span><!--[endif]--><span style=\"font-size:10.5pt;font-family:&quot;Arial&quot;,&quot;sans-serif&quot;;mso-fareast-font-family:\r\n&quot;Times New Roman&quot;;color:#222222;mso-fareast-language:EN-IN\">Carrying out\r\nroutine / planned maintenance works and responding to equipment failures in\r\nemergencies.<o:p></o:p></span></p><p class=\"MsoListParagraphCxSpMiddle\" style=\"margin: 0cm 0cm 15pt 2cm; text-align: justify; text-indent: -14.15pt; line-height: normal; background-image: initial; background-position: initial; background-size: initial; background-repeat: initial; background-attachment: initial; background-origin: initial; background-clip: initial;\"><!--[if !supportLists]--><span style=\"font-size:10.5pt;font-family:Wingdings;\r\nmso-fareast-font-family:Wingdings;mso-bidi-font-family:Wingdings;color:#222222;\r\nmso-fareast-language:EN-IN\">v<span style=\"font-variant-numeric: normal; font-variant-east-asian: normal; font-stretch: normal; font-size: 7pt; line-height: normal; font-family: &quot;Times New Roman&quot;;\"> </span></span><!--[endif]--><span style=\"font-size:10.5pt;font-family:&quot;Arial&quot;,&quot;sans-serif&quot;;mso-fareast-font-family:\r\n&quot;Times New Roman&quot;;color:#222222;mso-fareast-language:EN-IN\">Diagnosing\r\nbreakdown problems of all the power plant equipment’s.<o:p></o:p></span></p><p class=\"MsoListParagraphCxSpMiddle\" style=\"margin: 0cm 0cm 15pt 2cm; text-align: justify; text-indent: -14.15pt; line-height: normal; background-image: initial; background-position: initial; background-size: initial; background-repeat: initial; background-attachment: initial; background-origin: initial; background-clip: initial;\"><!--[if !supportLists]--><span style=\"font-size:10.5pt;font-family:Wingdings;\r\nmso-fareast-font-family:Wingdings;mso-bidi-font-family:Wingdings;color:#222222;\r\nmso-fareast-language:EN-IN\">v<span style=\"font-variant-numeric: normal; font-variant-east-asian: normal; font-stretch: normal; font-size: 7pt; line-height: normal; font-family: &quot;Times New Roman&quot;;\"> </span></span><!--[endif]--><span style=\"font-size:10.5pt;font-family:&quot;Arial&quot;,&quot;sans-serif&quot;;mso-fareast-font-family:\r\n&quot;Times New Roman&quot;;color:#222222;mso-fareast-language:EN-IN\">Assist client to\r\nduring quality inspections.<o:p></o:p></span></p><p class=\"MsoListParagraphCxSpMiddle\" style=\"margin: 0cm 0cm 15pt 2cm; text-align: justify; text-indent: -14.15pt; line-height: normal; background-image: initial; background-position: initial; background-size: initial; background-repeat: initial; background-attachment: initial; background-origin: initial; background-clip: initial;\"><!--[if !supportLists]--><span style=\"font-size:10.5pt;font-family:Wingdings;\r\nmso-fareast-font-family:Wingdings;mso-bidi-font-family:Wingdings;color:#222222;\r\nmso-fareast-language:EN-IN\">v<span style=\"font-variant-numeric: normal; font-variant-east-asian: normal; font-stretch: normal; font-size: 7pt; line-height: normal; font-family: &quot;Times New Roman&quot;;\"> </span></span><!--[endif]--><span style=\"font-size:10.5pt;font-family:&quot;Arial&quot;,&quot;sans-serif&quot;;mso-fareast-font-family:\r\n&quot;Times New Roman&quot;;color:#222222;mso-fareast-language:EN-IN\">Liaising with\r\ndifferent departments in client premises.<o:p></o:p></span></p><p class=\"MsoListParagraphCxSpMiddle\" style=\"margin: 0cm 0cm 15pt 2cm; text-align: justify; text-indent: -14.15pt; line-height: normal; background-image: initial; background-position: initial; background-size: initial; background-repeat: initial; background-attachment: initial; background-origin: initial; background-clip: initial;\"><!--[if !supportLists]--><span style=\"font-size:10.5pt;font-family:Wingdings;\r\nmso-fareast-font-family:Wingdings;mso-bidi-font-family:Wingdings;color:#222222;\r\nmso-fareast-language:EN-IN\">v<span style=\"font-variant-numeric: normal; font-variant-east-asian: normal; font-stretch: normal; font-size: 7pt; line-height: normal; font-family: &quot;Times New Roman&quot;;\"> </span></span><!--[endif]--><span style=\"font-size:10.5pt;font-family:&quot;Arial&quot;,&quot;sans-serif&quot;;mso-fareast-font-family:\r\n&quot;Times New Roman&quot;;color:#222222;mso-fareast-language:EN-IN\">Performance,\r\nProductivity analysis and maintenance report.<o:p></o:p></span></p><p class=\"MsoListParagraphCxSpMiddle\" style=\"margin: 0cm 0cm 15pt 2cm; text-align: justify; text-indent: -14.15pt; line-height: normal; background-image: initial; background-position: initial; background-size: initial; background-repeat: initial; background-attachment: initial; background-origin: initial; background-clip: initial;\"><!--[if !supportLists]--><span style=\"font-size:10.5pt;font-family:Wingdings;\r\nmso-fareast-font-family:Wingdings;mso-bidi-font-family:Wingdings;color:#222222;\r\nmso-fareast-language:EN-IN\">v<span style=\"font-variant-numeric: normal; font-variant-east-asian: normal; font-stretch: normal; font-size: 7pt; line-height: normal; font-family: &quot;Times New Roman&quot;;\"> </span></span><!--[endif]--><span style=\"font-size:10.5pt;font-family:&quot;Arial&quot;,&quot;sans-serif&quot;;mso-fareast-font-family:\r\n&quot;Times New Roman&quot;;color:#222222;mso-fareast-language:EN-IN\">Maintain high\r\nSafety Standards and deliver the quality service on time and within budget. As\r\npart of&nbsp;continuous improvement initiative, conducting of safety&nbsp;training\r\nprogrammes and audits to working force.<o:p></o:p></span></p><p class=\"MsoListParagraphCxSpLast\" style=\"margin: 0cm 0cm 15pt 2cm; text-align: justify; text-indent: -14.15pt; line-height: normal; background-image: initial; background-position: initial; background-size: initial; background-repeat: initial; background-attachment: initial; background-origin: initial; background-clip: initial;\"><!--[if !supportLists]--><span style=\"font-size:10.5pt;font-family:Wingdings;\r\nmso-fareast-font-family:Wingdings;mso-bidi-font-family:Wingdings;color:#222222;\r\nmso-fareast-language:EN-IN\">v<span style=\"font-variant-numeric: normal; font-variant-east-asian: normal; font-stretch: normal; font-size: 7pt; line-height: normal; font-family: &quot;Times New Roman&quot;;\"> </span></span><!--[endif]--><span style=\"font-size:10.5pt;font-family:&quot;Arial&quot;,&quot;sans-serif&quot;;mso-fareast-font-family:\r\n&quot;Times New Roman&quot;;color:#222222;mso-fareast-language:EN-IN\">&nbsp;Submission of maintenance report depicting\r\nanalysed statements with valid measures.<o:p></o:p></span></p><p>\r\n\r\n\r\n\r\n\r\n\r\n\r\n\r\n\r\n\r\n\r\n\r\n\r\n\r\n\r\n\r\n\r\n\r\n\r\n\r\n\r\n\r\n\r\n\r\n\r\n\r\n\r\n\r\n\r\n\r\n\r\n\r\n\r\n\r\n\r\n\r\n\r\n\r\n\r\n\r\n\r\n\r\n\r\n\r\n\r\n\r\n\r\n\r\n\r\n\r\n\r\n\r\n\r\n\r\n\r\n\r\n\r\n\r\n\r\n\r\n\r\n\r\n</p><p class=\"MsoNormal\"><o:p>&nbsp;</o:p></p>', '', 1584425639, 2, -1),
(12, 1, 0, 0, '', '', '<p>d</p>', '', 1584425779, 2, -1);
INSERT INTO `services_list` (`srv_id`, `srcat_id`, `srsbcat_id`, `styp_id`, `name`, `srt_descr`, `descr`, `thumb_img`, `crt_stm`, `crt_by`, `status`) VALUES
(13, 1, 0, 0, '', '', '<p class=\"MsoNormal\" style=\"margin: 7.5pt 0cm 3.75pt; line-height: normal; background-image: initial; background-position: initial; background-size: initial; background-repeat: initial; background-attachment: initial; background-origin: initial; background-clip: initial;\"><span style=\"color: rgb(34, 34, 34); font-family: Arial, sans-serif; font-size: 10.5pt; text-align: justify;\">At the heart of all O&amp;M lies the equipment. Across the nation, this\r\nequipment varies greatly in age, size, type, model, fuel used, condition, etc.\r\nO&amp;M services mainly should address</span><br></p><p class=\"MsoListParagraphCxSpFirst\" style=\"margin: 0cm 0cm 15pt 2cm; text-align: justify; text-indent: -14.15pt; line-height: normal; background-image: initial; background-position: initial; background-size: initial; background-repeat: initial; background-attachment: initial; background-origin: initial; background-clip: initial;\"><!--[if !supportLists]--><span style=\"font-size:10.5pt;font-family:Wingdings;\r\nmso-fareast-font-family:Wingdings;mso-bidi-font-family:Wingdings;color:#222222;\r\nmso-fareast-language:EN-IN\">v&nbsp;</span><span style=\"font-size:10.5pt;font-family:&quot;Arial&quot;,&quot;sans-serif&quot;;mso-fareast-font-family:\r\n&quot;Times New Roman&quot;;color:#222222;mso-fareast-language:EN-IN\">Present general\r\nequipment descriptions and operating principles and procedures, parameters for\r\nthe major equipment types.<o:p></o:p></span></p><p class=\"MsoListParagraphCxSpMiddle\" style=\"margin: 0cm 0cm 15pt 2cm; text-align: justify; text-indent: -14.15pt; line-height: normal; background-image: initial; background-position: initial; background-size: initial; background-repeat: initial; background-attachment: initial; background-origin: initial; background-clip: initial;\"><!--[if !supportLists]--><span style=\"font-size:10.5pt;font-family:Wingdings;\r\nmso-fareast-font-family:Wingdings;mso-bidi-font-family:Wingdings;color:#222222;\r\nmso-fareast-language:EN-IN\">v<span style=\"font-variant-numeric: normal; font-variant-east-asian: normal; font-stretch: normal; font-size: 7pt; line-height: normal; font-family: &quot;Times New Roman&quot;;\"> </span></span><!--[endif]--><span style=\"font-size:10.5pt;font-family:&quot;Arial&quot;,&quot;sans-serif&quot;;mso-fareast-font-family:\r\n&quot;Times New Roman&quot;;color:#222222;mso-fareast-language:EN-IN\">The key maintenance\r\ncomponents of particular equipment.<o:p></o:p></span></p><p class=\"MsoListParagraphCxSpMiddle\" style=\"margin: 0cm 0cm 15pt 2cm; text-align: justify; text-indent: -14.15pt; line-height: normal; background-image: initial; background-position: initial; background-size: initial; background-repeat: initial; background-attachment: initial; background-origin: initial; background-clip: initial;\"><!--[if !supportLists]--><span style=\"font-size:10.5pt;font-family:Wingdings;\r\nmso-fareast-font-family:Wingdings;mso-bidi-font-family:Wingdings;color:#222222;\r\nmso-fareast-language:EN-IN\">v<span style=\"font-variant-numeric: normal; font-variant-east-asian: normal; font-stretch: normal; font-size: 7pt; line-height: normal; font-family: &quot;Times New Roman&quot;;\"> </span></span><!--[endif]--><span style=\"font-size:10.5pt;font-family:&quot;Arial&quot;,&quot;sans-serif&quot;;mso-fareast-font-family:\r\n&quot;Times New Roman&quot;;color:#222222;mso-fareast-language:EN-IN\">Highlight important\r\nsafety issues.<o:p></o:p></span></p><p class=\"MsoListParagraphCxSpMiddle\" style=\"margin: 0cm 0cm 15pt 2cm; text-align: justify; text-indent: -14.15pt; line-height: normal; background-image: initial; background-position: initial; background-size: initial; background-repeat: initial; background-attachment: initial; background-origin: initial; background-clip: initial;\"><!--[if !supportLists]--><span style=\"font-size:10.5pt;font-family:Wingdings;\r\nmso-fareast-font-family:Wingdings;mso-bidi-font-family:Wingdings;color:#222222;\r\nmso-fareast-language:EN-IN\">v<span style=\"font-variant-numeric: normal; font-variant-east-asian: normal; font-stretch: normal; font-size: 7pt; line-height: normal; font-family: &quot;Times New Roman&quot;;\"> </span></span><!--[endif]--><span style=\"font-size:10.5pt;font-family:&quot;Arial&quot;,&quot;sans-serif&quot;;mso-fareast-font-family:\r\n&quot;Times New Roman&quot;;color:#222222;mso-fareast-language:EN-IN\">Cost and energy\r\nefficiency issues.<o:p></o:p></span></p><p class=\"MsoListParagraphCxSpMiddle\" style=\"margin: 0cm 0cm 15pt 2cm; text-align: justify; text-indent: -14.15pt; line-height: normal; background-image: initial; background-position: initial; background-size: initial; background-repeat: initial; background-attachment: initial; background-origin: initial; background-clip: initial;\"><!--[if !supportLists]--><span style=\"font-size:10.5pt;font-family:Wingdings;\r\nmso-fareast-font-family:Wingdings;mso-bidi-font-family:Wingdings;color:#222222;\r\nmso-fareast-language:EN-IN\">v<span style=\"font-variant-numeric: normal; font-variant-east-asian: normal; font-stretch: normal; font-size: 7pt; line-height: normal; font-family: &quot;Times New Roman&quot;;\"> </span></span><!--[endif]--><span style=\"font-size:10.5pt;font-family:&quot;Arial&quot;,&quot;sans-serif&quot;;mso-fareast-font-family:\r\n&quot;Times New Roman&quot;;color:#222222;mso-fareast-language:EN-IN\">&nbsp;Highlights of water-related efficiency impacts\r\nand issues.<o:p></o:p></span></p><p class=\"MsoListParagraphCxSpMiddle\" style=\"margin: 0cm 0cm 15pt 2cm; text-align: justify; text-indent: -14.15pt; line-height: normal; background-image: initial; background-position: initial; background-size: initial; background-repeat: initial; background-attachment: initial; background-origin: initial; background-clip: initial;\"><!--[if !supportLists]--><span style=\"font-size:10.5pt;font-family:Wingdings;\r\nmso-fareast-font-family:Wingdings;mso-bidi-font-family:Wingdings;color:#222222;\r\nmso-fareast-language:EN-IN\">v<span style=\"font-variant-numeric: normal; font-variant-east-asian: normal; font-stretch: normal; font-size: 7pt; line-height: normal; font-family: &quot;Times New Roman&quot;;\"> </span></span><!--[endif]--><span style=\"font-size:10.5pt;font-family:&quot;Arial&quot;,&quot;sans-serif&quot;;mso-fareast-font-family:\r\n&quot;Times New Roman&quot;;color:#222222;mso-fareast-language:EN-IN\">&nbsp;Recommended general O&amp;M activities in the\r\nform of checklists.<o:p></o:p></span></p><p class=\"MsoListParagraphCxSpMiddle\" style=\"margin: 0cm 0cm 15pt 2cm; text-align: justify; text-indent: -14.15pt; line-height: normal; background-image: initial; background-position: initial; background-size: initial; background-repeat: initial; background-attachment: initial; background-origin: initial; background-clip: initial;\"><!--[if !supportLists]--><span style=\"font-size:10.5pt;font-family:Wingdings;\r\nmso-fareast-font-family:Wingdings;mso-bidi-font-family:Wingdings;color:#222222;\r\nmso-fareast-language:EN-IN\">v<span style=\"font-variant-numeric: normal; font-variant-east-asian: normal; font-stretch: normal; font-size: 7pt; line-height: normal; font-family: &quot;Times New Roman&quot;;\"> </span></span><!--[endif]--><span style=\"font-size:10.5pt;font-family:&quot;Arial&quot;,&quot;sans-serif&quot;;mso-fareast-font-family:\r\n&quot;Times New Roman&quot;;color:#222222;mso-fareast-language:EN-IN\">&nbsp;Analysis of case studies with issues and root\r\ncause analysis and remedial measures.<o:p></o:p></span></p><p class=\"MsoListParagraphCxSpLast\" style=\"margin: 0cm 0cm 15pt 2cm; text-align: justify; text-indent: -14.15pt; line-height: normal; background-image: initial; background-position: initial; background-size: initial; background-repeat: initial; background-attachment: initial; background-origin: initial; background-clip: initial;\"><!--[if !supportLists]--><span style=\"font-size:10.5pt;font-family:Wingdings;\r\nmso-fareast-font-family:Wingdings;mso-bidi-font-family:Wingdings;color:#222222;\r\nmso-fareast-language:EN-IN\">v<span style=\"font-variant-numeric: normal; font-variant-east-asian: normal; font-stretch: normal; font-size: 7pt; line-height: normal; font-family: &quot;Times New Roman&quot;;\">&nbsp;&nbsp;</span></span><!--[endif]--><span style=\"font-size:10.5pt;font-family:&quot;Arial&quot;,&quot;sans-serif&quot;;mso-fareast-font-family:\r\n&quot;Times New Roman&quot;;color:#222222;mso-fareast-language:EN-IN\">Trouble free\r\noperation with optimum output as expected by clients.<o:p></o:p></span></p><p class=\"MsoNormal\" style=\"margin-bottom: 15pt; text-align: justify; line-height: normal; background-image: initial; background-position: initial; background-size: initial; background-repeat: initial; background-attachment: initial; background-origin: initial; background-clip: initial;\"><span style=\"font-size:10.5pt;font-family:&quot;Arial&quot;,&quot;sans-serif&quot;;\r\nmso-fareast-font-family:&quot;Times New Roman&quot;;color:#222222;mso-fareast-language:\r\nEN-IN\">Above considerations are the main objectives of O&amp;M services, and\r\nwith aiming at these objectives, our company takes up O&amp;M services and\r\nserve customers with expert man power network added with technical knowledge in\r\nthe fields of Design, Commissioning, Operation, Maintenance and Overhauling of\r\nall the equipment.<o:p></o:p></span></p><p class=\"MsoNormal\" style=\"margin-bottom: 15pt; text-align: justify; line-height: normal; background-image: initial; background-position: initial; background-size: initial; background-repeat: initial; background-attachment: initial; background-origin: initial; background-clip: initial;\"><b><u><span style=\"font-size:10.5pt;font-family:&quot;Arial&quot;,&quot;sans-serif&quot;;\r\nmso-fareast-font-family:&quot;Times New Roman&quot;;color:#33338D;mso-fareast-language:\r\nEN-IN\">Why SPEL for O &amp; M:</span></u></b><span style=\"font-size:10.5pt;\r\nfont-family:&quot;Arial&quot;,&quot;sans-serif&quot;;mso-fareast-font-family:&quot;Times New Roman&quot;;\r\ncolor:#33338D;mso-fareast-language:EN-IN\"><o:p></o:p></span></p><p class=\"MsoNormal\" style=\"margin-bottom: 15pt; text-align: justify; line-height: normal; background-image: initial; background-position: initial; background-size: initial; background-repeat: initial; background-attachment: initial; background-origin: initial; background-clip: initial;\"><span style=\"font-size:10.5pt;font-family:&quot;Arial&quot;,&quot;sans-serif&quot;;\r\nmso-fareast-font-family:&quot;Times New Roman&quot;;color:#222222;mso-fareast-language:\r\nEN-IN\">&nbsp;&nbsp;&nbsp;&nbsp;&nbsp;&nbsp;&nbsp;&nbsp;&nbsp;&nbsp;&nbsp;&nbsp;SPEL\r\noffers a complete range of Operations &amp; Maintenance (O&amp;M) services to\r\nIndustrial and Thermal power plants.&nbsp; SPEL having rich experience in\r\nsetting up complete O&amp;M activities to ensure safe and efficient operations\r\nand capable of managing both planned and unplanned maintenance activities of\r\ntotal plant inclusive of raw water treatments, DM water systems, boilers, TGS\r\nand their auxiliaries, cooling water systems, coal handling systems, ash\r\nhandling systems, Electrical and Instrumentation systems.&nbsp;<o:p></o:p></span></p><p class=\"MsoNormal\" style=\"margin-bottom: 15pt; text-align: justify; line-height: normal; background-image: initial; background-position: initial; background-size: initial; background-repeat: initial; background-attachment: initial; background-origin: initial; background-clip: initial;\"><b><u><span style=\"font-size:10.5pt;font-family:&quot;Arial&quot;,&quot;sans-serif&quot;;\r\nmso-fareast-font-family:&quot;Times New Roman&quot;;color:#33338D;mso-fareast-language:\r\nEN-IN\">O&amp;M Responsibility:<o:p></o:p></span></u></b></p><p class=\"MsoListParagraphCxSpFirst\" style=\"margin: 0cm 0cm 15pt 2cm; text-align: justify; text-indent: -14.15pt; line-height: normal; background-image: initial; background-position: initial; background-size: initial; background-repeat: initial; background-attachment: initial; background-origin: initial; background-clip: initial;\"><!--[if !supportLists]--><span style=\"font-size:10.5pt;font-family:Wingdings;\r\nmso-fareast-font-family:Wingdings;mso-bidi-font-family:Wingdings;color:#222222;\r\nmso-fareast-language:EN-IN\">v<span style=\"font-variant-numeric: normal; font-variant-east-asian: normal; font-stretch: normal; font-size: 7pt; line-height: normal; font-family: &quot;Times New Roman&quot;;\"> </span></span><!--[endif]--><span style=\"font-size:10.5pt;font-family:&quot;Arial&quot;,&quot;sans-serif&quot;;mso-fareast-font-family:\r\n&quot;Times New Roman&quot;;color:#222222;mso-fareast-language:EN-IN\">Operation &amp;\r\nMaintenance (O&amp;M) in entire Power plant area.<o:p></o:p></span></p><p class=\"MsoListParagraphCxSpMiddle\" style=\"margin: 0cm 0cm 15pt 2cm; text-align: justify; text-indent: -14.15pt; line-height: normal; background-image: initial; background-position: initial; background-size: initial; background-repeat: initial; background-attachment: initial; background-origin: initial; background-clip: initial;\"><!--[if !supportLists]--><span style=\"font-size:10.5pt;font-family:Wingdings;\r\nmso-fareast-font-family:Wingdings;mso-bidi-font-family:Wingdings;color:#222222;\r\nmso-fareast-language:EN-IN\">v<span style=\"font-variant-numeric: normal; font-variant-east-asian: normal; font-stretch: normal; font-size: 7pt; line-height: normal; font-family: &quot;Times New Roman&quot;;\"> </span></span><!--[endif]--><span style=\"font-size:10.5pt;font-family:&quot;Arial&quot;,&quot;sans-serif&quot;;mso-fareast-font-family:\r\n&quot;Times New Roman&quot;;color:#222222;mso-fareast-language:EN-IN\">Day to day\r\noperations, including production planning, estimation, scheduling and\r\nexecution.<o:p></o:p></span></p><p class=\"MsoListParagraphCxSpMiddle\" style=\"margin: 0cm 0cm 15pt 2cm; text-align: justify; text-indent: -14.15pt; line-height: normal; background-image: initial; background-position: initial; background-size: initial; background-repeat: initial; background-attachment: initial; background-origin: initial; background-clip: initial;\"><!--[if !supportLists]--><span style=\"font-size:10.5pt;font-family:Wingdings;\r\nmso-fareast-font-family:Wingdings;mso-bidi-font-family:Wingdings;color:#222222;\r\nmso-fareast-language:EN-IN\">v<span style=\"font-variant-numeric: normal; font-variant-east-asian: normal; font-stretch: normal; font-size: 7pt; line-height: normal; font-family: &quot;Times New Roman&quot;;\"> </span></span><!--[endif]--><span style=\"font-size:10.5pt;font-family:&quot;Arial&quot;,&quot;sans-serif&quot;;mso-fareast-font-family:\r\n&quot;Times New Roman&quot;;color:#222222;mso-fareast-language:EN-IN\">Performance\r\nmonitoring, diagnostics and efficiency enhancement.<o:p></o:p></span></p><p class=\"MsoListParagraphCxSpMiddle\" style=\"margin: 0cm 0cm 15pt 2cm; text-align: justify; text-indent: -14.15pt; line-height: normal; background-image: initial; background-position: initial; background-size: initial; background-repeat: initial; background-attachment: initial; background-origin: initial; background-clip: initial;\"><!--[if !supportLists]--><span style=\"font-size:10.5pt;font-family:Wingdings;\r\nmso-fareast-font-family:Wingdings;mso-bidi-font-family:Wingdings;color:#222222;\r\nmso-fareast-language:EN-IN\">v<span style=\"font-variant-numeric: normal; font-variant-east-asian: normal; font-stretch: normal; font-size: 7pt; line-height: normal; font-family: &quot;Times New Roman&quot;;\"> </span></span><!--[endif]--><span style=\"font-size:10.5pt;font-family:&quot;Arial&quot;,&quot;sans-serif&quot;;mso-fareast-font-family:\r\n&quot;Times New Roman&quot;;color:#222222;mso-fareast-language:EN-IN\">Execution of\r\nTechnology evaluation for improved performance and spares management required\r\nby Client.<o:p></o:p></span></p><p class=\"MsoListParagraphCxSpMiddle\" style=\"margin: 0cm 0cm 15pt 2cm; text-align: justify; text-indent: -14.15pt; line-height: normal; background-image: initial; background-position: initial; background-size: initial; background-repeat: initial; background-attachment: initial; background-origin: initial; background-clip: initial;\"><!--[if !supportLists]--><span style=\"font-size:10.5pt;font-family:Wingdings;\r\nmso-fareast-font-family:Wingdings;mso-bidi-font-family:Wingdings;color:#222222;\r\nmso-fareast-language:EN-IN\">v<span style=\"font-variant-numeric: normal; font-variant-east-asian: normal; font-stretch: normal; font-size: 7pt; line-height: normal; font-family: &quot;Times New Roman&quot;;\">&nbsp;&nbsp;</span></span><!--[endif]--><span style=\"font-size:10.5pt;font-family:&quot;Arial&quot;,&quot;sans-serif&quot;;mso-fareast-font-family:\r\n&quot;Times New Roman&quot;;color:#222222;mso-fareast-language:EN-IN\">Improve O&amp;M\r\nsystems and policies as per Client requirement.<o:p></o:p></span></p><p class=\"MsoListParagraphCxSpMiddle\" style=\"margin: 0cm 0cm 15pt 2cm; text-align: justify; text-indent: -14.15pt; line-height: normal; background-image: initial; background-position: initial; background-size: initial; background-repeat: initial; background-attachment: initial; background-origin: initial; background-clip: initial;\"><!--[if !supportLists]--><span style=\"font-size:10.5pt;font-family:Wingdings;\r\nmso-fareast-font-family:Wingdings;mso-bidi-font-family:Wingdings;color:#222222;\r\nmso-fareast-language:EN-IN\">v<span style=\"font-variant-numeric: normal; font-variant-east-asian: normal; font-stretch: normal; font-size: 7pt; line-height: normal; font-family: &quot;Times New Roman&quot;;\"> </span></span><!--[endif]--><span style=\"font-size:10.5pt;font-family:&quot;Arial&quot;,&quot;sans-serif&quot;;mso-fareast-font-family:\r\n&quot;Times New Roman&quot;;color:#222222;mso-fareast-language:EN-IN\">Regular meetings\r\nwith Clients for day to day operation activities.&nbsp;<o:p></o:p></span></p><p class=\"MsoListParagraphCxSpMiddle\" style=\"margin: 0cm 0cm 15pt 2cm; text-align: justify; text-indent: -14.15pt; line-height: normal; background-image: initial; background-position: initial; background-size: initial; background-repeat: initial; background-attachment: initial; background-origin: initial; background-clip: initial;\"><!--[if !supportLists]--><span style=\"font-size:10.5pt;font-family:Wingdings;\r\nmso-fareast-font-family:Wingdings;mso-bidi-font-family:Wingdings;color:#222222;\r\nmso-fareast-language:EN-IN\">v<span style=\"font-variant-numeric: normal; font-variant-east-asian: normal; font-stretch: normal; font-size: 7pt; line-height: normal; font-family: &quot;Times New Roman&quot;;\"> </span></span><!--[endif]--><span style=\"font-size:10.5pt;font-family:&quot;Arial&quot;,&quot;sans-serif&quot;;mso-fareast-font-family:\r\n&quot;Times New Roman&quot;;color:#222222;mso-fareast-language:EN-IN\">Review of safety\r\nnorms on regular basis both at sites and administrative offices empharaising\r\nproactive measures.<o:p></o:p></span></p><p class=\"MsoListParagraphCxSpMiddle\" style=\"margin: 0cm 0cm 15pt 2cm; text-align: justify; text-indent: -14.15pt; line-height: normal; background-image: initial; background-position: initial; background-size: initial; background-repeat: initial; background-attachment: initial; background-origin: initial; background-clip: initial;\"><!--[if !supportLists]--><span style=\"font-size:10.5pt;font-family:Wingdings;\r\nmso-fareast-font-family:Wingdings;mso-bidi-font-family:Wingdings;color:#222222;\r\nmso-fareast-language:EN-IN\">v<span style=\"font-variant-numeric: normal; font-variant-east-asian: normal; font-stretch: normal; font-size: 7pt; line-height: normal; font-family: &quot;Times New Roman&quot;;\"> </span></span><!--[endif]--><span style=\"font-size:10.5pt;font-family:&quot;Arial&quot;,&quot;sans-serif&quot;;mso-fareast-font-family:\r\n&quot;Times New Roman&quot;;color:#222222;mso-fareast-language:EN-IN\">Manage and increase\r\nthe effectiveness and efficiency of Support Services through improvements in\r\nall functions.<o:p></o:p></span></p><p class=\"MsoListParagraphCxSpMiddle\" style=\"margin: 0cm 0cm 15pt 2cm; text-align: justify; text-indent: -14.15pt; line-height: normal; background-image: initial; background-position: initial; background-size: initial; background-repeat: initial; background-attachment: initial; background-origin: initial; background-clip: initial;\"><!--[if !supportLists]--><span style=\"font-size:10.5pt;font-family:Wingdings;\r\nmso-fareast-font-family:Wingdings;mso-bidi-font-family:Wingdings;color:#222222;\r\nmso-fareast-language:EN-IN\">v<span style=\"font-variant-numeric: normal; font-variant-east-asian: normal; font-stretch: normal; font-size: 7pt; line-height: normal; font-family: &quot;Times New Roman&quot;;\"> </span></span><!--[endif]--><span style=\"font-size:10.5pt;font-family:&quot;Arial&quot;,&quot;sans-serif&quot;;mso-fareast-font-family:\r\n&quot;Times New Roman&quot;;color:#222222;mso-fareast-language:EN-IN\">Ensuring\r\norganization’s inputs into outputs required in an efficient manner.<o:p></o:p></span></p><p class=\"MsoListParagraphCxSpMiddle\" style=\"margin: 0cm 0cm 15pt 2cm; text-align: justify; text-indent: -14.15pt; line-height: normal; background-image: initial; background-position: initial; background-size: initial; background-repeat: initial; background-attachment: initial; background-origin: initial; background-clip: initial;\"><!--[if !supportLists]--><span style=\"font-size:10.5pt;font-family:Wingdings;\r\nmso-fareast-font-family:Wingdings;mso-bidi-font-family:Wingdings;color:#222222;\r\nmso-fareast-language:EN-IN\">v<span style=\"font-variant-numeric: normal; font-variant-east-asian: normal; font-stretch: normal; font-size: 7pt; line-height: normal; font-family: &quot;Times New Roman&quot;;\">&nbsp;&nbsp;</span></span><!--[endif]--><span style=\"font-size:10.5pt;font-family:&quot;Arial&quot;,&quot;sans-serif&quot;;mso-fareast-font-family:\r\n&quot;Times New Roman&quot;;color:#222222;mso-fareast-language:EN-IN\">To ensure profit of\r\nthe organization.<o:p></o:p></span></p><p class=\"MsoListParagraphCxSpMiddle\" style=\"margin: 0cm 0cm 15pt 2cm; text-align: justify; text-indent: -14.15pt; line-height: normal; background-image: initial; background-position: initial; background-size: initial; background-repeat: initial; background-attachment: initial; background-origin: initial; background-clip: initial;\"><!--[if !supportLists]--><span style=\"font-size:10.5pt;font-family:Wingdings;\r\nmso-fareast-font-family:Wingdings;mso-bidi-font-family:Wingdings;color:#222222;\r\nmso-fareast-language:EN-IN\">v<span style=\"font-variant-numeric: normal; font-variant-east-asian: normal; font-stretch: normal; font-size: 7pt; line-height: normal; font-family: &quot;Times New Roman&quot;;\"> </span></span><!--[endif]--><span style=\"font-size:10.5pt;font-family:&quot;Arial&quot;,&quot;sans-serif&quot;;mso-fareast-font-family:\r\n&quot;Times New Roman&quot;;color:#222222;mso-fareast-language:EN-IN\">Carrying out\r\nroutine / planned maintenance works and responding to equipment failures in\r\nemergencies.<o:p></o:p></span></p><p class=\"MsoListParagraphCxSpMiddle\" style=\"margin: 0cm 0cm 15pt 2cm; text-align: justify; text-indent: -14.15pt; line-height: normal; background-image: initial; background-position: initial; background-size: initial; background-repeat: initial; background-attachment: initial; background-origin: initial; background-clip: initial;\"><!--[if !supportLists]--><span style=\"font-size:10.5pt;font-family:Wingdings;\r\nmso-fareast-font-family:Wingdings;mso-bidi-font-family:Wingdings;color:#222222;\r\nmso-fareast-language:EN-IN\">v<span style=\"font-variant-numeric: normal; font-variant-east-asian: normal; font-stretch: normal; font-size: 7pt; line-height: normal; font-family: &quot;Times New Roman&quot;;\"> </span></span><!--[endif]--><span style=\"font-size:10.5pt;font-family:&quot;Arial&quot;,&quot;sans-serif&quot;;mso-fareast-font-family:\r\n&quot;Times New Roman&quot;;color:#222222;mso-fareast-language:EN-IN\">Diagnosing\r\nbreakdown problems of all the power plant equipment’s.<o:p></o:p></span></p><p class=\"MsoListParagraphCxSpMiddle\" style=\"margin: 0cm 0cm 15pt 2cm; text-align: justify; text-indent: -14.15pt; line-height: normal; background-image: initial; background-position: initial; background-size: initial; background-repeat: initial; background-attachment: initial; background-origin: initial; background-clip: initial;\"><!--[if !supportLists]--><span style=\"font-size:10.5pt;font-family:Wingdings;\r\nmso-fareast-font-family:Wingdings;mso-bidi-font-family:Wingdings;color:#222222;\r\nmso-fareast-language:EN-IN\">v<span style=\"font-variant-numeric: normal; font-variant-east-asian: normal; font-stretch: normal; font-size: 7pt; line-height: normal; font-family: &quot;Times New Roman&quot;;\"> </span></span><!--[endif]--><span style=\"font-size:10.5pt;font-family:&quot;Arial&quot;,&quot;sans-serif&quot;;mso-fareast-font-family:\r\n&quot;Times New Roman&quot;;color:#222222;mso-fareast-language:EN-IN\">Assist client to\r\nduring quality inspections.<o:p></o:p></span></p><p class=\"MsoListParagraphCxSpMiddle\" style=\"margin: 0cm 0cm 15pt 2cm; text-align: justify; text-indent: -14.15pt; line-height: normal; background-image: initial; background-position: initial; background-size: initial; background-repeat: initial; background-attachment: initial; background-origin: initial; background-clip: initial;\"><!--[if !supportLists]--><span style=\"font-size:10.5pt;font-family:Wingdings;\r\nmso-fareast-font-family:Wingdings;mso-bidi-font-family:Wingdings;color:#222222;\r\nmso-fareast-language:EN-IN\">v<span style=\"font-variant-numeric: normal; font-variant-east-asian: normal; font-stretch: normal; font-size: 7pt; line-height: normal; font-family: &quot;Times New Roman&quot;;\"> </span></span><!--[endif]--><span style=\"font-size:10.5pt;font-family:&quot;Arial&quot;,&quot;sans-serif&quot;;mso-fareast-font-family:\r\n&quot;Times New Roman&quot;;color:#222222;mso-fareast-language:EN-IN\">Liaising with\r\ndifferent departments in client premises.<o:p></o:p></span></p><p class=\"MsoListParagraphCxSpMiddle\" style=\"margin: 0cm 0cm 15pt 2cm; text-align: justify; text-indent: -14.15pt; line-height: normal; background-image: initial; background-position: initial; background-size: initial; background-repeat: initial; background-attachment: initial; background-origin: initial; background-clip: initial;\"><!--[if !supportLists]--><span style=\"font-size:10.5pt;font-family:Wingdings;\r\nmso-fareast-font-family:Wingdings;mso-bidi-font-family:Wingdings;color:#222222;\r\nmso-fareast-language:EN-IN\">v<span style=\"font-variant-numeric: normal; font-variant-east-asian: normal; font-stretch: normal; font-size: 7pt; line-height: normal; font-family: &quot;Times New Roman&quot;;\"> </span></span><!--[endif]--><span style=\"font-size:10.5pt;font-family:&quot;Arial&quot;,&quot;sans-serif&quot;;mso-fareast-font-family:\r\n&quot;Times New Roman&quot;;color:#222222;mso-fareast-language:EN-IN\">Performance,\r\nProductivity analysis and maintenance report.<o:p></o:p></span></p><p class=\"MsoListParagraphCxSpMiddle\" style=\"margin: 0cm 0cm 15pt 2cm; text-align: justify; text-indent: -14.15pt; line-height: normal; background-image: initial; background-position: initial; background-size: initial; background-repeat: initial; background-attachment: initial; background-origin: initial; background-clip: initial;\"><!--[if !supportLists]--><span style=\"font-size:10.5pt;font-family:Wingdings;\r\nmso-fareast-font-family:Wingdings;mso-bidi-font-family:Wingdings;color:#222222;\r\nmso-fareast-language:EN-IN\">v<span style=\"font-variant-numeric: normal; font-variant-east-asian: normal; font-stretch: normal; font-size: 7pt; line-height: normal; font-family: &quot;Times New Roman&quot;;\"> </span></span><!--[endif]--><span style=\"font-size:10.5pt;font-family:&quot;Arial&quot;,&quot;sans-serif&quot;;mso-fareast-font-family:\r\n&quot;Times New Roman&quot;;color:#222222;mso-fareast-language:EN-IN\">Maintain high\r\nSafety Standards and deliver the quality service on time and within budget. As\r\npart of&nbsp;continuous improvement initiative, conducting of safety&nbsp;training\r\nprogrammes and audits to working force.<o:p></o:p></span></p><p class=\"MsoListParagraphCxSpLast\" style=\"margin: 0cm 0cm 15pt 2cm; text-align: justify; text-indent: -14.15pt; line-height: normal; background-image: initial; background-position: initial; background-size: initial; background-repeat: initial; background-attachment: initial; background-origin: initial; background-clip: initial;\"><!--[if !supportLists]--><span style=\"font-size:10.5pt;font-family:Wingdings;\r\nmso-fareast-font-family:Wingdings;mso-bidi-font-family:Wingdings;color:#222222;\r\nmso-fareast-language:EN-IN\">v<span style=\"font-variant-numeric: normal; font-variant-east-asian: normal; font-stretch: normal; font-size: 7pt; line-height: normal; font-family: &quot;Times New Roman&quot;;\"> </span></span><!--[endif]--><span style=\"font-size:10.5pt;font-family:&quot;Arial&quot;,&quot;sans-serif&quot;;mso-fareast-font-family:\r\n&quot;Times New Roman&quot;;color:#222222;mso-fareast-language:EN-IN\">&nbsp;Submission of maintenance report depicting\r\nanalysed statements with valid measures.</span></p>', '', 1584425959, 2, -1);
INSERT INTO `services_list` (`srv_id`, `srcat_id`, `srsbcat_id`, `styp_id`, `name`, `srt_descr`, `descr`, `thumb_img`, `crt_stm`, `crt_by`, `status`) VALUES
(14, 2, 0, 0, '', '', '<p class=\"MsoNormal\" style=\"margin-bottom: 15pt; text-align: justify; line-height: normal; background-image: initial; background-position: initial; background-size: initial; background-repeat: initial; background-attachment: initial; background-origin: initial; background-clip: initial;\"><span style=\"font-size:10.5pt;font-family:&quot;Arial&quot;,&quot;sans-serif&quot;;\r\nmso-fareast-font-family:&quot;Times New Roman&quot;;color:#222222;mso-fareast-language:\r\nEN-IN\">Pre-Commissioning, also referred as static commissioning, starts when a\r\nsystem or subsystem achieves Mechanical Completion. The safety monitoring\r\nactivities will change at this transition as fluids (water, air, nitrogen,\r\nhydrocarbons, etc.) are introduced into sections of the facility to support\r\ntesting, cleaning, flushing, and other pre-commissioning activities. Attached\r\nis a typical list of pre-commissioning Items:<o:p></o:p></span></p><p class=\"MsoListParagraphCxSpFirst\" style=\"margin: 0cm 0cm 15pt 2cm; text-align: justify; text-indent: -14.15pt; line-height: normal; background-image: initial; background-position: initial; background-size: initial; background-repeat: initial; background-attachment: initial; background-origin: initial; background-clip: initial;\"><!--[if !supportLists]--><span style=\"font-size:10.5pt;font-family:Wingdings;\r\nmso-fareast-font-family:Wingdings;mso-bidi-font-family:Wingdings;color:#222222;\r\nmso-fareast-language:EN-IN\">v<span style=\"font-variant-numeric: normal; font-variant-east-asian: normal; font-stretch: normal; font-size: 7pt; line-height: normal; font-family: &quot;Times New Roman&quot;;\"> </span></span><!--[endif]--><span style=\"font-size:10.5pt;font-family:&quot;Arial&quot;,&quot;sans-serif&quot;;mso-fareast-font-family:\r\n&quot;Times New Roman&quot;;color:#222222;mso-fareast-language:EN-IN\">Temporary Screens,\r\nStrainers and Blinds – Doing walk down checks, witnessing<o:p></o:p></span></p><p class=\"MsoListParagraphCxSpMiddle\" style=\"margin: 0cm 0cm 15pt 2cm; text-align: justify; text-indent: -14.15pt; line-height: normal; background-image: initial; background-position: initial; background-size: initial; background-repeat: initial; background-attachment: initial; background-origin: initial; background-clip: initial;\"><!--[if !supportLists]--><span style=\"font-size:10.5pt;font-family:Wingdings;\r\nmso-fareast-font-family:Wingdings;mso-bidi-font-family:Wingdings;color:#222222;\r\nmso-fareast-language:EN-IN\">v<span style=\"font-variant-numeric: normal; font-variant-east-asian: normal; font-stretch: normal; font-size: 7pt; line-height: normal; font-family: &quot;Times New Roman&quot;;\"> </span></span><!--[endif]--><span style=\"font-size:10.5pt;font-family:&quot;Arial&quot;,&quot;sans-serif&quot;;mso-fareast-font-family:\r\n&quot;Times New Roman&quot;;color:#222222;mso-fareast-language:EN-IN\">Air and Steam\r\nBlowing – Cleaning the systems<o:p></o:p></span></p><p class=\"MsoListParagraphCxSpMiddle\" style=\"margin: 0cm 0cm 15pt 2cm; text-align: justify; text-indent: -14.15pt; line-height: normal; background-image: initial; background-position: initial; background-size: initial; background-repeat: initial; background-attachment: initial; background-origin: initial; background-clip: initial;\"><!--[if !supportLists]--><span style=\"font-size:10.5pt;font-family:Wingdings;\r\nmso-fareast-font-family:Wingdings;mso-bidi-font-family:Wingdings;color:#222222;\r\nmso-fareast-language:EN-IN\">v<span style=\"font-variant-numeric: normal; font-variant-east-asian: normal; font-stretch: normal; font-size: 7pt; line-height: normal; font-family: &quot;Times New Roman&quot;;\"> </span></span><!--[endif]--><span style=\"font-size:10.5pt;font-family:&quot;Arial&quot;,&quot;sans-serif&quot;;mso-fareast-font-family:\r\n&quot;Times New Roman&quot;;color:#222222;mso-fareast-language:EN-IN\">Flushing, Chemical\r\nand Mechanical Cleaning<o:p></o:p></span></p><p class=\"MsoListParagraphCxSpMiddle\" style=\"margin: 0cm 0cm 15pt 2cm; text-align: justify; text-indent: -14.15pt; line-height: normal; background-image: initial; background-position: initial; background-size: initial; background-repeat: initial; background-attachment: initial; background-origin: initial; background-clip: initial;\"><!--[if !supportLists]--><span style=\"font-size:10.5pt;font-family:Wingdings;\r\nmso-fareast-font-family:Wingdings;mso-bidi-font-family:Wingdings;color:#222222;\r\nmso-fareast-language:EN-IN\">v<span style=\"font-variant-numeric: normal; font-variant-east-asian: normal; font-stretch: normal; font-size: 7pt; line-height: normal; font-family: &quot;Times New Roman&quot;;\"> </span></span><!--[endif]--><span style=\"font-size:10.5pt;font-family:&quot;Arial&quot;,&quot;sans-serif&quot;;mso-fareast-font-family:\r\n&quot;Times New Roman&quot;;color:#222222;mso-fareast-language:EN-IN\">Cleaning and\r\nPassivation – Ensure 100% cleaning to ensure protection.<o:p></o:p></span></p><p class=\"MsoListParagraphCxSpMiddle\" style=\"margin: 0cm 0cm 15pt 2cm; text-align: justify; text-indent: -14.15pt; line-height: normal; background-image: initial; background-position: initial; background-size: initial; background-repeat: initial; background-attachment: initial; background-origin: initial; background-clip: initial;\"><!--[if !supportLists]--><span style=\"font-size:10.5pt;font-family:Wingdings;\r\nmso-fareast-font-family:Wingdings;mso-bidi-font-family:Wingdings;color:#222222;\r\nmso-fareast-language:EN-IN\">v<span style=\"font-variant-numeric: normal; font-variant-east-asian: normal; font-stretch: normal; font-size: 7pt; line-height: normal; font-family: &quot;Times New Roman&quot;;\"> </span></span><!--[endif]--><span style=\"font-size:10.5pt;font-family:&quot;Arial&quot;,&quot;sans-serif&quot;;mso-fareast-font-family:\r\n&quot;Times New Roman&quot;;color:#222222;mso-fareast-language:EN-IN\">Electrical System\r\nEnergizing – Essential pre commissioning of equipment<o:p></o:p></span></p><p class=\"MsoListParagraphCxSpMiddle\" style=\"margin: 0cm 0cm 15pt 2cm; text-align: justify; text-indent: -14.15pt; line-height: normal; background-image: initial; background-position: initial; background-size: initial; background-repeat: initial; background-attachment: initial; background-origin: initial; background-clip: initial;\"><!--[if !supportLists]--><span style=\"font-size:10.5pt;font-family:Wingdings;\r\nmso-fareast-font-family:Wingdings;mso-bidi-font-family:Wingdings;color:#222222;\r\nmso-fareast-language:EN-IN\">v<span style=\"font-variant-numeric: normal; font-variant-east-asian: normal; font-stretch: normal; font-size: 7pt; line-height: normal; font-family: &quot;Times New Roman&quot;;\"> </span></span><!--[endif]--><span style=\"font-size:10.5pt;font-family:&quot;Arial&quot;,&quot;sans-serif&quot;;mso-fareast-font-family:\r\n&quot;Times New Roman&quot;;color:#222222;mso-fareast-language:EN-IN\">Instrumentation\r\nVerification – A must for total system readiness for commissioning.<o:p></o:p></span></p><p class=\"MsoListParagraphCxSpLast\" style=\"margin: 0cm 0cm 15pt 2cm; text-align: justify; text-indent: -14.15pt; line-height: normal; background-image: initial; background-position: initial; background-size: initial; background-repeat: initial; background-attachment: initial; background-origin: initial; background-clip: initial;\"><!--[if !supportLists]--><span style=\"font-size:10.5pt;font-family:Wingdings;\r\nmso-fareast-font-family:Wingdings;mso-bidi-font-family:Wingdings;color:#222222;\r\nmso-fareast-language:EN-IN\">v<span style=\"font-variant-numeric: normal; font-variant-east-asian: normal; font-stretch: normal; font-size: 7pt; line-height: normal; font-family: &quot;Times New Roman&quot;;\"> </span></span><!--[endif]--><span style=\"font-size:10.5pt;font-family:&quot;Arial&quot;,&quot;sans-serif&quot;;mso-fareast-font-family:\r\n&quot;Times New Roman&quot;;color:#222222;mso-fareast-language:EN-IN\">Checking of all\r\nlogics and controls of all systems.<o:p></o:p></span></p><p class=\"MsoNormal\" style=\"margin-bottom: 15pt; text-align: justify; line-height: normal; background-image: initial; background-position: initial; background-size: initial; background-repeat: initial; background-attachment: initial; background-origin: initial; background-clip: initial;\"><span style=\"font-size:10.5pt;font-family:&quot;Arial&quot;,&quot;sans-serif&quot;;\r\nmso-fareast-font-family:&quot;Times New Roman&quot;;color:#222222;mso-fareast-language:\r\nEN-IN\">COMMISSIONING:<o:p></o:p></span></p><p class=\"MsoNormal\" style=\"margin-bottom: 15pt; text-align: justify; line-height: normal; background-image: initial; background-position: initial; background-size: initial; background-repeat: initial; background-attachment: initial; background-origin: initial; background-clip: initial;\"><span style=\"font-size:10.5pt;font-family:&quot;Arial&quot;,&quot;sans-serif&quot;;\r\nmso-fareast-font-family:&quot;Times New Roman&quot;;color:#222222;mso-fareast-language:\r\nEN-IN\">Commissioning is a verification process used to confirm that a facility\r\nhas been designed, procured, fabricated, installed, tested, and prepared for\r\noperation in accordance with design drawings and specifications.<o:p></o:p></span></p><p class=\"MsoNormal\" style=\"margin-bottom: 0.0001pt; text-align: justify; line-height: normal; background-image: initial; background-position: initial; background-size: initial; background-repeat: initial; background-attachment: initial; background-origin: initial; background-clip: initial;\"><b><u><span style=\"font-size:10.5pt;\r\nfont-family:&quot;Arial&quot;,&quot;sans-serif&quot;;mso-fareast-font-family:&quot;Times New Roman&quot;;\r\ncolor:#33338D;mso-fareast-language:EN-IN\">Commissioning Items are:<o:p></o:p></span></u></b></p><p class=\"MsoListParagraphCxSpFirst\" style=\"margin: 0cm 0cm 15pt 2cm; text-align: justify; text-indent: -14.15pt; line-height: normal; background-image: initial; background-position: initial; background-size: initial; background-repeat: initial; background-attachment: initial; background-origin: initial; background-clip: initial;\"><!--[if !supportLists]--><span style=\"font-size:10.5pt;font-family:Wingdings;\r\nmso-fareast-font-family:Wingdings;mso-bidi-font-family:Wingdings;color:#222222;\r\nmso-fareast-language:EN-IN\">v<span style=\"font-variant-numeric: normal; font-variant-east-asian: normal; font-stretch: normal; font-size: 7pt; line-height: normal; font-family: &quot;Times New Roman&quot;;\"> </span></span><!--[endif]--><span style=\"font-size:10.5pt;font-family:&quot;Arial&quot;,&quot;sans-serif&quot;;mso-fareast-font-family:\r\n&quot;Times New Roman&quot;;color:#222222;mso-fareast-language:EN-IN\">Operational\r\nTightness Testing<o:p></o:p></span></p><p class=\"MsoListParagraphCxSpMiddle\" style=\"margin: 0cm 0cm 15pt 2cm; text-align: justify; text-indent: -14.15pt; line-height: normal; background-image: initial; background-position: initial; background-size: initial; background-repeat: initial; background-attachment: initial; background-origin: initial; background-clip: initial;\"><!--[if !supportLists]--><span style=\"font-size:10.5pt;font-family:Wingdings;\r\nmso-fareast-font-family:Wingdings;mso-bidi-font-family:Wingdings;color:#222222;\r\nmso-fareast-language:EN-IN\">v<span style=\"font-variant-numeric: normal; font-variant-east-asian: normal; font-stretch: normal; font-size: 7pt; line-height: normal; font-family: &quot;Times New Roman&quot;;\"> </span></span><!--[endif]--><span style=\"font-size:10.5pt;font-family:&quot;Arial&quot;,&quot;sans-serif&quot;;mso-fareast-font-family:\r\n&quot;Times New Roman&quot;;color:#222222;mso-fareast-language:EN-IN\">Oil Systems\r\nFlushing<o:p></o:p></span></p><p class=\"MsoListParagraphCxSpMiddle\" style=\"margin: 0cm 0cm 15pt 2cm; text-align: justify; text-indent: -14.15pt; line-height: normal; background-image: initial; background-position: initial; background-size: initial; background-repeat: initial; background-attachment: initial; background-origin: initial; background-clip: initial;\"><!--[if !supportLists]--><span style=\"font-size:10.5pt;font-family:Wingdings;\r\nmso-fareast-font-family:Wingdings;mso-bidi-font-family:Wingdings;color:#222222;\r\nmso-fareast-language:EN-IN\">v<span style=\"font-variant-numeric: normal; font-variant-east-asian: normal; font-stretch: normal; font-size: 7pt; line-height: normal; font-family: &quot;Times New Roman&quot;;\"> </span></span><!--[endif]--><span style=\"font-size:10.5pt;font-family:&quot;Arial&quot;,&quot;sans-serif&quot;;mso-fareast-font-family:\r\n&quot;Times New Roman&quot;;color:#222222;mso-fareast-language:EN-IN\">Loading of\r\ndesiccants/burning fuels and catalysts<o:p></o:p></span></p><p class=\"MsoListParagraphCxSpMiddle\" style=\"margin: 0cm 0cm 15pt 2cm; text-align: justify; text-indent: -14.15pt; line-height: normal; background-image: initial; background-position: initial; background-size: initial; background-repeat: initial; background-attachment: initial; background-origin: initial; background-clip: initial;\"><!--[if !supportLists]--><span style=\"font-size:10.5pt;font-family:Wingdings;\r\nmso-fareast-font-family:Wingdings;mso-bidi-font-family:Wingdings;color:#222222;\r\nmso-fareast-language:EN-IN\">v<span style=\"font-variant-numeric: normal; font-variant-east-asian: normal; font-stretch: normal; font-size: 7pt; line-height: normal; font-family: &quot;Times New Roman&quot;;\"> </span></span><!--[endif]--><span style=\"font-size:10.5pt;font-family:&quot;Arial&quot;,&quot;sans-serif&quot;;mso-fareast-font-family:\r\n&quot;Times New Roman&quot;;color:#222222;mso-fareast-language:EN-IN\">Refractory dry out<o:p></o:p></span></p><p class=\"MsoListParagraphCxSpMiddle\" style=\"margin: 0cm 0cm 15pt 2cm; text-align: justify; text-indent: -14.15pt; line-height: normal; background-image: initial; background-position: initial; background-size: initial; background-repeat: initial; background-attachment: initial; background-origin: initial; background-clip: initial;\"><!--[if !supportLists]--><span style=\"font-size:10.5pt;font-family:Wingdings;\r\nmso-fareast-font-family:Wingdings;mso-bidi-font-family:Wingdings;color:#222222;\r\nmso-fareast-language:EN-IN\">v<span style=\"font-variant-numeric: normal; font-variant-east-asian: normal; font-stretch: normal; font-size: 7pt; line-height: normal; font-family: &quot;Times New Roman&quot;;\"> </span></span><!--[endif]--><span style=\"font-size:10.5pt;font-family:&quot;Arial&quot;,&quot;sans-serif&quot;;mso-fareast-font-family:\r\n&quot;Times New Roman&quot;;color:#222222;mso-fareast-language:EN-IN\">Run in of rotating\r\nequipment<o:p></o:p></span></p><p class=\"MsoListParagraphCxSpMiddle\" style=\"margin: 0cm 0cm 15pt 2cm; text-align: justify; text-indent: -14.15pt; line-height: normal; background-image: initial; background-position: initial; background-size: initial; background-repeat: initial; background-attachment: initial; background-origin: initial; background-clip: initial;\"><!--[if !supportLists]--><span style=\"font-size:10.5pt;font-family:Wingdings;\r\nmso-fareast-font-family:Wingdings;mso-bidi-font-family:Wingdings;color:#222222;\r\nmso-fareast-language:EN-IN\">v<span style=\"font-variant-numeric: normal; font-variant-east-asian: normal; font-stretch: normal; font-size: 7pt; line-height: normal; font-family: &quot;Times New Roman&quot;;\"> </span></span><!--[endif]--><span style=\"font-size:10.5pt;font-family:&quot;Arial&quot;,&quot;sans-serif&quot;;mso-fareast-font-family:\r\n&quot;Times New Roman&quot;;color:#222222;mso-fareast-language:EN-IN\">Drying Out and inserting<o:p></o:p></span></p><p class=\"MsoListParagraphCxSpMiddle\" style=\"margin: 0cm 0cm 15pt 2cm; text-align: justify; text-indent: -14.15pt; line-height: normal; background-image: initial; background-position: initial; background-size: initial; background-repeat: initial; background-attachment: initial; background-origin: initial; background-clip: initial;\"><!--[if !supportLists]--><span style=\"font-size:10.5pt;font-family:Wingdings;\r\nmso-fareast-font-family:Wingdings;mso-bidi-font-family:Wingdings;color:#222222;\r\nmso-fareast-language:EN-IN\">v<span style=\"font-variant-numeric: normal; font-variant-east-asian: normal; font-stretch: normal; font-size: 7pt; line-height: normal; font-family: &quot;Times New Roman&quot;;\"> </span></span><!--[endif]--><span style=\"font-size:10.5pt;font-family:&quot;Arial&quot;,&quot;sans-serif&quot;;mso-fareast-font-family:\r\n&quot;Times New Roman&quot;;color:#222222;mso-fareast-language:EN-IN\">Instrument and\r\nelectrical function testing<o:p></o:p></span></p><p class=\"MsoListParagraphCxSpMiddle\" style=\"margin: 0cm 0cm 15pt 2cm; text-align: justify; text-indent: -14.15pt; line-height: normal; background-image: initial; background-position: initial; background-size: initial; background-repeat: initial; background-attachment: initial; background-origin: initial; background-clip: initial;\"><!--[if !supportLists]--><span style=\"font-size:10.5pt;font-family:Wingdings;\r\nmso-fareast-font-family:Wingdings;mso-bidi-font-family:Wingdings;color:#222222;\r\nmso-fareast-language:EN-IN\">v<span style=\"font-variant-numeric: normal; font-variant-east-asian: normal; font-stretch: normal; font-size: 7pt; line-height: normal; font-family: &quot;Times New Roman&quot;;\"> </span></span><!--[endif]--><span style=\"font-size:10.5pt;font-family:&quot;Arial&quot;,&quot;sans-serif&quot;;mso-fareast-font-family:\r\n&quot;Times New Roman&quot;;color:#222222;mso-fareast-language:EN-IN\">Function testing of\r\nsafety systems<o:p></o:p></span></p><p class=\"MsoListParagraphCxSpMiddle\" style=\"margin: 0cm 0cm 15pt 2cm; text-align: justify; text-indent: -14.15pt; line-height: normal; background-image: initial; background-position: initial; background-size: initial; background-repeat: initial; background-attachment: initial; background-origin: initial; background-clip: initial;\"><!--[if !supportLists]--><span style=\"font-size:10.5pt;font-family:Wingdings;\r\nmso-fareast-font-family:Wingdings;mso-bidi-font-family:Wingdings;color:#222222;\r\nmso-fareast-language:EN-IN\">v<span style=\"font-variant-numeric: normal; font-variant-east-asian: normal; font-stretch: normal; font-size: 7pt; line-height: normal; font-family: &quot;Times New Roman&quot;;\"> </span></span><!--[endif]--><span style=\"font-size:10.5pt;font-family:&quot;Arial&quot;,&quot;sans-serif&quot;;mso-fareast-font-family:\r\n&quot;Times New Roman&quot;;color:#222222;mso-fareast-language:EN-IN\">Function testing of\r\ninstalled equipment to its full capacity.<o:p></o:p></span></p><p class=\"MsoListParagraphCxSpMiddle\" style=\"margin: 0cm 0cm 0.0001pt 2cm; text-align: justify; text-indent: -14.15pt; line-height: normal; background-image: initial; background-position: initial; background-size: initial; background-repeat: initial; background-attachment: initial; background-origin: initial; background-clip: initial;\"><!--[if !supportLists]--><span style=\"font-size:10.5pt;\r\nfont-family:Wingdings;mso-fareast-font-family:Wingdings;mso-bidi-font-family:\r\nWingdings;color:#222222;mso-fareast-language:EN-IN\">v<span style=\"font-variant-numeric: normal; font-variant-east-asian: normal; font-stretch: normal; font-size: 7pt; line-height: normal; font-family: &quot;Times New Roman&quot;;\"> </span></span><!--[endif]--><span style=\"font-size:10.5pt;font-family:&quot;Arial&quot;,&quot;sans-serif&quot;;mso-fareast-font-family:\r\n&quot;Times New Roman&quot;;color:#222222;mso-fareast-language:EN-IN\">Trial operation and\r\nperformance guarantee testing.<o:p></o:p></span></p><p class=\"MsoListParagraphCxSpLast\" style=\"margin: 0cm 0cm 0.0001pt 2cm; text-align: justify; line-height: normal; background-image: initial; background-position: initial; background-size: initial; background-repeat: initial; background-attachment: initial; background-origin: initial; background-clip: initial;\"><span style=\"font-size:\r\n10.5pt;font-family:&quot;Arial&quot;,&quot;sans-serif&quot;;mso-fareast-font-family:&quot;Times New Roman&quot;;\r\ncolor:#222222;mso-fareast-language:EN-IN\"><o:p>&nbsp;</o:p></span></p><p class=\"MsoNormal\" style=\"margin-bottom: 0.0001pt; text-align: justify; line-height: normal; background-image: initial; background-position: initial; background-size: initial; background-repeat: initial; background-attachment: initial; background-origin: initial; background-clip: initial;\"><b><u><span style=\"font-size:10.5pt;\r\nfont-family:&quot;Arial&quot;,&quot;sans-serif&quot;;mso-fareast-font-family:&quot;Times New Roman&quot;;\r\ncolor:#33338D;mso-fareast-language:EN-IN\">Why SPEL for Pre Commissioning &amp;\r\nCommissioning:<o:p></o:p></span></u></b></p><p class=\"MsoNormal\" style=\"margin-bottom: 0.0001pt; text-align: justify; line-height: normal; background-image: initial; background-position: initial; background-size: initial; background-repeat: initial; background-attachment: initial; background-origin: initial; background-clip: initial;\"><b><u><span style=\"font-size:10.5pt;\r\nfont-family:&quot;Arial&quot;,&quot;sans-serif&quot;;mso-fareast-font-family:&quot;Times New Roman&quot;;\r\ncolor:#33338D;mso-fareast-language:EN-IN\">Experts available for:-<o:p></o:p></span></u></b></p><p class=\"MsoListParagraphCxSpFirst\" style=\"margin: 0cm 0cm 0.0001pt 2cm; text-align: justify; line-height: normal; background-image: initial; background-position: initial; background-size: initial; background-repeat: initial; background-attachment: initial; background-origin: initial; background-clip: initial;\"><span style=\"font-size:\r\n10.5pt;font-family:&quot;Arial&quot;,&quot;sans-serif&quot;;mso-fareast-font-family:&quot;Times New Roman&quot;;\r\ncolor:#222222;mso-fareast-language:EN-IN\"><o:p>&nbsp;</o:p></span></p><p class=\"MsoListParagraphCxSpMiddle\" style=\"margin: 0cm 0cm 15pt 2cm; text-align: justify; text-indent: -14.15pt; line-height: normal; background-image: initial; background-position: initial; background-size: initial; background-repeat: initial; background-attachment: initial; background-origin: initial; background-clip: initial;\"><!--[if !supportLists]--><span style=\"font-size:10.5pt;font-family:Wingdings;\r\nmso-fareast-font-family:Wingdings;mso-bidi-font-family:Wingdings;color:#222222;\r\nmso-fareast-language:EN-IN\">v<span style=\"font-variant-numeric: normal; font-variant-east-asian: normal; font-stretch: normal; font-size: 7pt; line-height: normal; font-family: &quot;Times New Roman&quot;;\"> </span></span><!--[endif]--><span style=\"font-size:10.5pt;font-family:&quot;Arial&quot;,&quot;sans-serif&quot;;mso-fareast-font-family:\r\n&quot;Times New Roman&quot;;color:#222222;mso-fareast-language:EN-IN\">Preparation of pre\r\ncommissioning/commissioning procedures and reporting tools (including technical\r\ndatabase when applicable, planning, punch list control).<o:p></o:p></span></p><p class=\"MsoListParagraphCxSpMiddle\" style=\"margin: 0cm 0cm 15pt 2cm; text-align: justify; text-indent: -14.15pt; line-height: normal; background-image: initial; background-position: initial; background-size: initial; background-repeat: initial; background-attachment: initial; background-origin: initial; background-clip: initial;\"><!--[if !supportLists]--><span style=\"font-size:10.5pt;font-family:Wingdings;\r\nmso-fareast-font-family:Wingdings;mso-bidi-font-family:Wingdings;color:#222222;\r\nmso-fareast-language:EN-IN\">v<span style=\"font-variant-numeric: normal; font-variant-east-asian: normal; font-stretch: normal; font-size: 7pt; line-height: normal; font-family: &quot;Times New Roman&quot;;\"> </span></span><!--[endif]--><span style=\"font-size:10.5pt;font-family:&quot;Arial&quot;,&quot;sans-serif&quot;;mso-fareast-font-family:\r\n&quot;Times New Roman&quot;;color:#222222;mso-fareast-language:EN-IN\">Preparation of the\r\nplant for pre-commissioning, commissioning and start up activities.<o:p></o:p></span></p><p class=\"MsoListParagraphCxSpMiddle\" style=\"margin: 0cm 0cm 15pt 2cm; text-align: justify; text-indent: -14.15pt; line-height: normal; background-image: initial; background-position: initial; background-size: initial; background-repeat: initial; background-attachment: initial; background-origin: initial; background-clip: initial;\"><!--[if !supportLists]--><span style=\"font-size:10.5pt;font-family:Wingdings;\r\nmso-fareast-font-family:Wingdings;mso-bidi-font-family:Wingdings;color:#222222;\r\nmso-fareast-language:EN-IN\">v<span style=\"font-variant-numeric: normal; font-variant-east-asian: normal; font-stretch: normal; font-size: 7pt; line-height: normal; font-family: &quot;Times New Roman&quot;;\"> </span></span><!--[endif]--><span style=\"font-size:10.5pt;font-family:&quot;Arial&quot;,&quot;sans-serif&quot;;mso-fareast-font-family:\r\n&quot;Times New Roman&quot;;color:#222222;mso-fareast-language:EN-IN\">Preparation of\r\ncommissioning requirements related to HSE and reviewing the same with the HSE\r\ndepartment as well as addressing safety aspects in all procedures and documents\r\nregarding pre –commissioning and commissioning.<o:p></o:p></span></p><p class=\"MsoListParagraphCxSpMiddle\" style=\"margin: 0cm 0cm 15pt 2cm; text-align: justify; text-indent: -14.15pt; line-height: normal; background-image: initial; background-position: initial; background-size: initial; background-repeat: initial; background-attachment: initial; background-origin: initial; background-clip: initial;\"><!--[if !supportLists]--><span style=\"font-size:10.5pt;font-family:Wingdings;\r\nmso-fareast-font-family:Wingdings;mso-bidi-font-family:Wingdings;color:#222222;\r\nmso-fareast-language:EN-IN\">v<span style=\"font-variant-numeric: normal; font-variant-east-asian: normal; font-stretch: normal; font-size: 7pt; line-height: normal; font-family: &quot;Times New Roman&quot;;\"> </span></span><!--[endif]--><span style=\"font-size:10.5pt;font-family:&quot;Arial&quot;,&quot;sans-serif&quot;;mso-fareast-font-family:\r\n&quot;Times New Roman&quot;;color:#222222;mso-fareast-language:EN-IN\">Supervision and\r\nexecution of pre-commissioning, commissioning and start-up activities as per\r\nplan and schedule.<o:p></o:p></span></p><p class=\"MsoListParagraphCxSpMiddle\" style=\"margin: 0cm 0cm 15pt 2cm; text-align: justify; text-indent: -14.15pt; line-height: normal; background-image: initial; background-position: initial; background-size: initial; background-repeat: initial; background-attachment: initial; background-origin: initial; background-clip: initial;\"><!--[if !supportLists]--><span style=\"font-size:10.5pt;font-family:Wingdings;\r\nmso-fareast-font-family:Wingdings;mso-bidi-font-family:Wingdings;color:#222222;\r\nmso-fareast-language:EN-IN\">v<span style=\"font-variant-numeric: normal; font-variant-east-asian: normal; font-stretch: normal; font-size: 7pt; line-height: normal; font-family: &quot;Times New Roman&quot;;\"> </span></span><!--[endif]--><span style=\"font-size:10.5pt;font-family:&quot;Arial&quot;,&quot;sans-serif&quot;;mso-fareast-font-family:\r\n&quot;Times New Roman&quot;;color:#222222;mso-fareast-language:EN-IN\">Coordination for\r\narranging necessary materials, special tools, consumables for commissioning and\r\nstart-up.<o:p></o:p></span></p><p class=\"MsoListParagraphCxSpMiddle\" style=\"margin: 0cm 0cm 15pt 2cm; text-align: justify; text-indent: -14.15pt; line-height: normal; background-image: initial; background-position: initial; background-size: initial; background-repeat: initial; background-attachment: initial; background-origin: initial; background-clip: initial;\"><!--[if !supportLists]--><span style=\"font-size:10.5pt;font-family:Wingdings;\r\nmso-fareast-font-family:Wingdings;mso-bidi-font-family:Wingdings;color:#222222;\r\nmso-fareast-language:EN-IN\">v<span style=\"font-variant-numeric: normal; font-variant-east-asian: normal; font-stretch: normal; font-size: 7pt; line-height: normal; font-family: &quot;Times New Roman&quot;;\"> </span></span><!--[endif]--><span style=\"font-size:10.5pt;font-family:&quot;Arial&quot;,&quot;sans-serif&quot;;mso-fareast-font-family:\r\n&quot;Times New Roman&quot;;color:#222222;mso-fareast-language:EN-IN\">Checking of\r\nmaterials, chemicals inventory for pre commissioning and commissioning\r\nactivities and manage spare parts from equipment suppliers and vendors.<o:p></o:p></span></p><p class=\"MsoListParagraphCxSpMiddle\" style=\"margin: 0cm 0cm 15pt 2cm; text-align: justify; text-indent: -14.15pt; line-height: normal; background-image: initial; background-position: initial; background-size: initial; background-repeat: initial; background-attachment: initial; background-origin: initial; background-clip: initial;\"><!--[if !supportLists]--><span style=\"font-size:10.5pt;font-family:Wingdings;\r\nmso-fareast-font-family:Wingdings;mso-bidi-font-family:Wingdings;color:#222222;\r\nmso-fareast-language:EN-IN\">v<span style=\"font-variant-numeric: normal; font-variant-east-asian: normal; font-stretch: normal; font-size: 7pt; line-height: normal; font-family: &quot;Times New Roman&quot;;\"> </span></span><!--[endif]--><span style=\"font-size:10.5pt;font-family:&quot;Arial&quot;,&quot;sans-serif&quot;;mso-fareast-font-family:\r\n&quot;Times New Roman&quot;;color:#222222;mso-fareast-language:EN-IN\">Involvement in all\r\nthe review of test run (performance test) procedures and the system operating procedures\r\npreparation by Project Process Leaders.<o:p></o:p></span></p><p class=\"MsoListParagraphCxSpMiddle\" style=\"margin: 0cm 0cm 15pt 2cm; text-align: justify; text-indent: -14.15pt; line-height: normal; background-image: initial; background-position: initial; background-size: initial; background-repeat: initial; background-attachment: initial; background-origin: initial; background-clip: initial;\"><!--[if !supportLists]--><span style=\"font-size:10.5pt;font-family:Wingdings;\r\nmso-fareast-font-family:Wingdings;mso-bidi-font-family:Wingdings;color:#222222;\r\nmso-fareast-language:EN-IN\">v<span style=\"font-variant-numeric: normal; font-variant-east-asian: normal; font-stretch: normal; font-size: 7pt; line-height: normal; font-family: &quot;Times New Roman&quot;;\"> </span></span><!--[endif]--><span style=\"font-size:10.5pt;font-family:&quot;Arial&quot;,&quot;sans-serif&quot;;mso-fareast-font-family:\r\n&quot;Times New Roman&quot;;color:#222222;mso-fareast-language:EN-IN\">Management of\r\nexecution of commissioning to achieve maximum productivity, minimize cost and\r\nachieve smooth hand over.<o:p></o:p></span></p><p class=\"MsoListParagraphCxSpMiddle\" style=\"margin: 0cm 0cm 15pt 2cm; text-align: justify; text-indent: -14.15pt; line-height: normal; background-image: initial; background-position: initial; background-size: initial; background-repeat: initial; background-attachment: initial; background-origin: initial; background-clip: initial;\"><!--[if !supportLists]--><span style=\"font-size:10.5pt;font-family:Wingdings;\r\nmso-fareast-font-family:Wingdings;mso-bidi-font-family:Wingdings;color:#222222;\r\nmso-fareast-language:EN-IN\">v<span style=\"font-variant-numeric: normal; font-variant-east-asian: normal; font-stretch: normal; font-size: 7pt; line-height: normal; font-family: &quot;Times New Roman&quot;;\"> </span></span><!--[endif]--><span style=\"font-size:10.5pt;font-family:&quot;Arial&quot;,&quot;sans-serif&quot;;mso-fareast-font-family:\r\n&quot;Times New Roman&quot;;color:#222222;mso-fareast-language:EN-IN\">Reviewing risk\r\nassessments and method statements for task/work scope.<o:p></o:p></span></p><p>\r\n\r\n\r\n\r\n\r\n\r\n\r\n\r\n\r\n\r\n\r\n\r\n\r\n\r\n\r\n\r\n\r\n\r\n\r\n\r\n\r\n\r\n\r\n\r\n\r\n\r\n\r\n\r\n\r\n\r\n\r\n\r\n\r\n\r\n\r\n\r\n\r\n\r\n\r\n\r\n\r\n\r\n\r\n\r\n\r\n\r\n\r\n\r\n\r\n\r\n\r\n\r\n\r\n\r\n\r\n\r\n\r\n\r\n\r\n\r\n\r\n\r\n\r\n\r\n\r\n\r\n\r\n\r\n</p><p class=\"MsoListParagraphCxSpLast\" style=\"margin: 0cm 0cm 0.0001pt 2cm; text-align: justify; text-indent: -14.15pt; line-height: normal; background-image: initial; background-position: initial; background-size: initial; background-repeat: initial; background-attachment: initial; background-origin: initial; background-clip: initial;\"><!--[if !supportLists]--><span style=\"font-size:10.5pt;\r\nfont-family:Wingdings;mso-fareast-font-family:Wingdings;mso-bidi-font-family:\r\nWingdings;color:#222222;mso-fareast-language:EN-IN\">v<span style=\"font-variant-numeric: normal; font-variant-east-asian: normal; font-stretch: normal; font-size: 7pt; line-height: normal; font-family: &quot;Times New Roman&quot;;\"> </span></span><!--[endif]--><span style=\"font-size:10.5pt;font-family:&quot;Arial&quot;,&quot;sans-serif&quot;;mso-fareast-font-family:\r\n&quot;Times New Roman&quot;;color:#222222;mso-fareast-language:EN-IN\">Ensuring ongoing\r\nhousekeeping of the work site. Ensuring site environment cleanliness is,\r\ntidiness in a safe manner to hand-over the operations on work completion.<o:p></o:p></span></p>', '', 1584426586, 2, -1);
INSERT INTO `services_list` (`srv_id`, `srcat_id`, `srsbcat_id`, `styp_id`, `name`, `srt_descr`, `descr`, `thumb_img`, `crt_stm`, `crt_by`, `status`) VALUES
(15, 4, 0, 0, '', '', '<p class=\"MsoNormal\" style=\"margin-bottom: 0.0001pt; text-align: justify; line-height: 150%; background-image: initial; background-position: initial; background-size: initial; background-repeat: initial; background-attachment: initial; background-origin: initial; background-clip: initial;\"><span style=\"font-size:10.5pt;\r\nline-height:150%;font-family:&quot;Arial&quot;,&quot;sans-serif&quot;;mso-fareast-font-family:&quot;Times New Roman&quot;;\r\ncolor:#222222;mso-fareast-language:EN-IN\">Industrial and Thermal Power Plants\r\nare the backbone of any industry. The main aim is uninterrupted Power / Steam generation\r\nwith minimum auxiliary power consumption.<o:p></o:p></span></p><p class=\"MsoNormal\" style=\"margin-bottom: 0.0001pt; text-align: justify; line-height: 150%; background-image: initial; background-position: initial; background-size: initial; background-repeat: initial; background-attachment: initial; background-origin: initial; background-clip: initial;\"><span style=\"font-size:10.5pt;\r\nline-height:150%;font-family:&quot;Arial&quot;,&quot;sans-serif&quot;;mso-fareast-font-family:&quot;Times New Roman&quot;;\r\ncolor:#222222;mso-fareast-language:EN-IN\">&nbsp;<o:p></o:p></span></p><p class=\"MsoNormal\" style=\"margin-bottom: 0.0001pt; text-align: justify; line-height: 150%; background-image: initial; background-position: initial; background-size: initial; background-repeat: initial; background-attachment: initial; background-origin: initial; background-clip: initial;\"><span style=\"font-size:10.5pt;\r\nline-height:150%;font-family:&quot;Arial&quot;,&quot;sans-serif&quot;;mso-fareast-font-family:&quot;Times New Roman&quot;;\r\ncolor:#222222;mso-fareast-language:EN-IN\">In the present scenario, energy\r\nconservation &amp; energy security are the serious concern for all industries.\r\nTo enrich the sustainable development, the industries has to take energy\r\nefficiency measures in this arms for reducing energy bills, increase profit by\r\ncompetitiveness, Reduce energy imports and conservation of limited sources.<o:p></o:p></span></p><p class=\"MsoNormal\" style=\"margin-bottom: 0.0001pt; text-align: justify; line-height: 150%; background-image: initial; background-position: initial; background-size: initial; background-repeat: initial; background-attachment: initial; background-origin: initial; background-clip: initial;\"><span style=\"font-size:10.5pt;\r\nline-height:150%;font-family:&quot;Arial&quot;,&quot;sans-serif&quot;;mso-fareast-font-family:&quot;Times New Roman&quot;;\r\ncolor:#222222;mso-fareast-language:EN-IN\">&nbsp;<o:p></o:p></span></p><p class=\"MsoNormal\" style=\"margin-bottom: 0.0001pt; text-align: justify; line-height: 150%; background-image: initial; background-position: initial; background-size: initial; background-repeat: initial; background-attachment: initial; background-origin: initial; background-clip: initial;\"><span style=\"font-size:10.5pt;\r\nline-height:150%;font-family:&quot;Arial&quot;,&quot;sans-serif&quot;;mso-fareast-font-family:&quot;Times New Roman&quot;;\r\ncolor:#222222;mso-fareast-language:EN-IN\">Various power consuming equipment\r\ninstalled for the purpose of meeting the outcome of the installation may or may\r\nnot function individually or in total and may consume power more or less as\r\npredicted by the designers and suppliers of the equipment. This phenomenon is\r\nachieved by running the equipment at their full / partial loads at the case may\r\nbe and the energy consumption of individual as well total equipment is\r\nrecorded. Various aspects of improvements are suggested to meet the target in\r\nline with the design as well state of art improvements by carrying out energy\r\naudit at some frequencies and to achieve optimum operating cost. Expertise man\r\npower along with adequate instruments with calibration are utilized during the\r\naudit and the audit findings are reported for efficient running of the plant.\r\nWith the expertise available with us, our company can readily take up such studies\r\nand help our clients in reduction of power consumption as well increase power /\r\nsteam generation.<o:p></o:p></span></p><p class=\"MsoNormal\" style=\"margin: 0cm 0cm 0.0001pt 18.75pt; text-align: justify; line-height: normal; background-image: initial; background-position: initial; background-size: initial; background-repeat: initial; background-attachment: initial; background-origin: initial; background-clip: initial;\"><span style=\"font-size:12.0pt;font-family:&quot;Times New Roman&quot;,&quot;serif&quot;;\r\nmso-fareast-font-family:&quot;Times New Roman&quot;;color:#333333;mso-fareast-language:\r\nEN-IN\">&nbsp;</span><span style=\"font-size:12.0pt;font-family:&quot;Arial&quot;,&quot;sans-serif&quot;;\r\nmso-fareast-font-family:&quot;Times New Roman&quot;;color:#333333;mso-fareast-language:\r\nEN-IN\"><o:p></o:p></span></p><p class=\"MsoNormal\" style=\"margin: 0cm 0cm 0.0001pt 18.75pt; text-align: justify; line-height: normal; background-image: initial; background-position: initial; background-size: initial; background-repeat: initial; background-attachment: initial; background-origin: initial; background-clip: initial;\"><span style=\"font-size:12.0pt;font-family:&quot;Times New Roman&quot;,&quot;serif&quot;;\r\nmso-fareast-font-family:&quot;Times New Roman&quot;;color:#333333;mso-fareast-language:\r\nEN-IN\">&nbsp;</span><span style=\"font-size:12.0pt;font-family:&quot;Arial&quot;,&quot;sans-serif&quot;;\r\nmso-fareast-font-family:&quot;Times New Roman&quot;;color:#333333;mso-fareast-language:\r\nEN-IN\"><o:p></o:p></span></p><p class=\"MsoNormal\" style=\"margin-bottom: 0.0001pt; text-align: justify; line-height: normal; background-image: initial; background-position: initial; background-size: initial; background-repeat: initial; background-attachment: initial; background-origin: initial; background-clip: initial;\"><b><u><span style=\"font-size:10.5pt;\r\nfont-family:&quot;Arial&quot;,&quot;sans-serif&quot;;mso-fareast-font-family:&quot;Times New Roman&quot;;\r\ncolor:#33338D;mso-fareast-language:EN-IN\">Why SPEL for Energy Audit:<o:p></o:p></span></u></b></p><p class=\"MsoNormal\" style=\"margin-bottom: 0.0001pt; text-align: justify; line-height: 150%; background-image: initial; background-position: initial; background-size: initial; background-repeat: initial; background-attachment: initial; background-origin: initial; background-clip: initial;\"><span style=\"font-size:10.5pt;\r\nline-height:150%;font-family:&quot;Arial&quot;,&quot;sans-serif&quot;;mso-fareast-font-family:&quot;Times New Roman&quot;;\r\ncolor:#222222;mso-fareast-language:EN-IN\">SPEL’s Special offer is a Walk\r\nthrough audit, targeted audit detailed energy audit based on the need of client\r\nin Process Plant, Co-generation, Captive and Utility power plants. We track\r\nduring energy audit by verifying, monitoring and analysing the use of energy\r\nwhich includes submission of Technical report containing recommendation for\r\nimproving Efficiency with cost benefit analysis and action plans to reduce\r\nenergy consumption.<o:p></o:p></span></p><p class=\"MsoNormal\" style=\"margin-bottom: 7.5pt; text-align: justify; text-indent: 18.75pt; line-height: normal; background-image: initial; background-position: initial; background-size: initial; background-repeat: initial; background-attachment: initial; background-origin: initial; background-clip: initial;\"><b><u><span style=\"font-size:12.0pt;\r\nfont-family:&quot;Times New Roman&quot;,&quot;serif&quot;;mso-fareast-font-family:&quot;Times New Roman&quot;;\r\ncolor:#333333;mso-fareast-language:EN-IN\">&nbsp;</span></u></b><span style=\"font-size:12.0pt;font-family:&quot;Arial&quot;,&quot;sans-serif&quot;;mso-fareast-font-family:\r\n&quot;Times New Roman&quot;;color:#333333;mso-fareast-language:EN-IN\"><o:p></o:p></span></p><p class=\"MsoNormal\" style=\"margin-bottom: 0.0001pt; text-align: justify; line-height: normal; background-image: initial; background-position: initial; background-size: initial; background-repeat: initial; background-attachment: initial; background-origin: initial; background-clip: initial;\"><b><u><span style=\"font-size:10.5pt;\r\nfont-family:&quot;Arial&quot;,&quot;sans-serif&quot;;mso-fareast-font-family:&quot;Times New Roman&quot;;\r\ncolor:#33338D;mso-fareast-language:EN-IN\">SPEL has undertaken Energy Audit\r\nwith:<o:p></o:p></span></u></b></p><p class=\"MsoListParagraphCxSpFirst\" style=\"margin: 0cm 0cm 15pt 2cm; text-align: justify; text-indent: -14.15pt; line-height: normal; background-image: initial; background-position: initial; background-size: initial; background-repeat: initial; background-attachment: initial; background-origin: initial; background-clip: initial;\"><!--[if !supportLists]--><span style=\"font-size:10.5pt;font-family:Wingdings;\r\nmso-fareast-font-family:Wingdings;mso-bidi-font-family:Wingdings;color:#222222;\r\nmso-fareast-language:EN-IN\">v<span style=\"font-variant-numeric: normal; font-variant-east-asian: normal; font-stretch: normal; font-size: 7pt; line-height: normal; font-family: &quot;Times New Roman&quot;;\"> </span></span><!--[endif]--><span style=\"font-size:10.5pt;font-family:&quot;Arial&quot;,&quot;sans-serif&quot;;mso-fareast-font-family:\r\n&quot;Times New Roman&quot;;color:#222222;mso-fareast-language:EN-IN\">Detailed energy\r\naudit for various Power plants / industrial power projects and steam producing\r\nplants.<o:p></o:p></span></p><p class=\"MsoListParagraphCxSpMiddle\" style=\"margin: 0cm 0cm 15pt 2cm; text-align: justify; text-indent: -14.15pt; line-height: normal; background-image: initial; background-position: initial; background-size: initial; background-repeat: initial; background-attachment: initial; background-origin: initial; background-clip: initial;\"><!--[if !supportLists]--><span style=\"font-size:10.5pt;font-family:Wingdings;\r\nmso-fareast-font-family:Wingdings;mso-bidi-font-family:Wingdings;color:#222222;\r\nmso-fareast-language:EN-IN\">v<span style=\"font-variant-numeric: normal; font-variant-east-asian: normal; font-stretch: normal; font-size: 7pt; line-height: normal; font-family: &quot;Times New Roman&quot;;\"> </span></span><!--[endif]--><span style=\"font-size:10.5pt;font-family:&quot;Arial&quot;,&quot;sans-serif&quot;;mso-fareast-font-family:\r\n&quot;Times New Roman&quot;;color:#222222;mso-fareast-language:EN-IN\">Targeted energy to\r\nconserve energy in the following areas – water / steam / compressed Air /\r\nElectricity / Fuel / Cooling tower.<o:p></o:p></span></p><p class=\"MsoListParagraphCxSpMiddle\" style=\"margin: 0cm 0cm 15pt 2cm; text-align: justify; text-indent: -14.15pt; line-height: normal; background-image: initial; background-position: initial; background-size: initial; background-repeat: initial; background-attachment: initial; background-origin: initial; background-clip: initial;\"><!--[if !supportLists]--><span style=\"font-size:10.5pt;font-family:Wingdings;\r\nmso-fareast-font-family:Wingdings;mso-bidi-font-family:Wingdings;color:#222222;\r\nmso-fareast-language:EN-IN\">v<span style=\"font-variant-numeric: normal; font-variant-east-asian: normal; font-stretch: normal; font-size: 7pt; line-height: normal; font-family: &quot;Times New Roman&quot;;\"> </span></span><!--[endif]--><span style=\"font-size:10.5pt;font-family:&quot;Arial&quot;,&quot;sans-serif&quot;;mso-fareast-font-family:\r\n&quot;Times New Roman&quot;;color:#222222;mso-fareast-language:EN-IN\">Rich experienced\r\nmanpower and team.<o:p></o:p></span></p><p class=\"MsoListParagraphCxSpMiddle\" style=\"margin: 0cm 0cm 15pt 2cm; text-align: justify; text-indent: -14.15pt; line-height: normal; background-image: initial; background-position: initial; background-size: initial; background-repeat: initial; background-attachment: initial; background-origin: initial; background-clip: initial;\"><!--[if !supportLists]--><span style=\"font-size:10.5pt;font-family:Wingdings;\r\nmso-fareast-font-family:Wingdings;mso-bidi-font-family:Wingdings;color:#222222;\r\nmso-fareast-language:EN-IN\">v<span style=\"font-variant-numeric: normal; font-variant-east-asian: normal; font-stretch: normal; font-size: 7pt; line-height: normal; font-family: &quot;Times New Roman&quot;;\"> </span></span><!--[endif]--><span style=\"font-size:10.5pt;font-family:&quot;Arial&quot;,&quot;sans-serif&quot;;mso-fareast-font-family:\r\n&quot;Times New Roman&quot;;color:#222222;mso-fareast-language:EN-IN\">Utilising wide\r\nranges of instruments to conduct survey and quantify the Energy.<o:p></o:p></span></p><p class=\"MsoListParagraphCxSpMiddle\" style=\"margin: 0cm 0cm 15pt 2cm; text-align: justify; text-indent: -14.15pt; line-height: normal; background-image: initial; background-position: initial; background-size: initial; background-repeat: initial; background-attachment: initial; background-origin: initial; background-clip: initial;\"><!--[if !supportLists]--><span style=\"font-size:10.5pt;font-family:Wingdings;\r\nmso-fareast-font-family:Wingdings;mso-bidi-font-family:Wingdings;color:#222222;\r\nmso-fareast-language:EN-IN\">v<span style=\"font-variant-numeric: normal; font-variant-east-asian: normal; font-stretch: normal; font-size: 7pt; line-height: normal; font-family: &quot;Times New Roman&quot;;\"> </span></span><!--[endif]--><span style=\"font-size:10.5pt;font-family:&quot;Arial&quot;,&quot;sans-serif&quot;;mso-fareast-font-family:\r\n&quot;Times New Roman&quot;;color:#222222;mso-fareast-language:EN-IN\">Innovative ideas to\r\nconserve energy.<o:p></o:p></span></p><p class=\"MsoListParagraphCxSpMiddle\" style=\"margin: 0cm 0cm 15pt 2cm; text-align: justify; text-indent: -14.15pt; line-height: normal; background-image: initial; background-position: initial; background-size: initial; background-repeat: initial; background-attachment: initial; background-origin: initial; background-clip: initial;\"><!--[if !supportLists]--><span style=\"font-size:10.5pt;font-family:Wingdings;\r\nmso-fareast-font-family:Wingdings;mso-bidi-font-family:Wingdings;color:#222222;\r\nmso-fareast-language:EN-IN\">v<span style=\"font-variant-numeric: normal; font-variant-east-asian: normal; font-stretch: normal; font-size: 7pt; line-height: normal; font-family: &quot;Times New Roman&quot;;\"> </span></span><!--[endif]--><span style=\"font-size:10.5pt;font-family:&quot;Arial&quot;,&quot;sans-serif&quot;;mso-fareast-font-family:\r\n&quot;Times New Roman&quot;;color:#222222;mso-fareast-language:EN-IN\">Helps to reduce the\r\nplant actual power consumption.<o:p></o:p></span></p><p class=\"MsoListParagraphCxSpMiddle\" style=\"margin: 0cm 0cm 15pt 2cm; text-align: justify; text-indent: -14.15pt; line-height: normal; background-image: initial; background-position: initial; background-size: initial; background-repeat: initial; background-attachment: initial; background-origin: initial; background-clip: initial;\"><!--[if !supportLists]--><span style=\"font-size:10.5pt;font-family:Wingdings;\r\nmso-fareast-font-family:Wingdings;mso-bidi-font-family:Wingdings;color:#222222;\r\nmso-fareast-language:EN-IN\">v<span style=\"font-variant-numeric: normal; font-variant-east-asian: normal; font-stretch: normal; font-size: 7pt; line-height: normal; font-family: &quot;Times New Roman&quot;;\"> </span></span><!--[endif]--><span style=\"font-size:10.5pt;font-family:&quot;Arial&quot;,&quot;sans-serif&quot;;mso-fareast-font-family:\r\n&quot;Times New Roman&quot;;color:#222222;mso-fareast-language:EN-IN\">Individual\r\nEquipment performance analysis through detailed survey and suggest measures for\r\nimprovement.<o:p></o:p></span></p><p class=\"MsoListParagraphCxSpMiddle\" style=\"margin: 0cm 0cm 15pt 2cm; text-align: justify; text-indent: -14.15pt; line-height: normal; background-image: initial; background-position: initial; background-size: initial; background-repeat: initial; background-attachment: initial; background-origin: initial; background-clip: initial;\"><!--[if !supportLists]--><span style=\"font-size:10.5pt;font-family:Wingdings;\r\nmso-fareast-font-family:Wingdings;mso-bidi-font-family:Wingdings;color:#222222;\r\nmso-fareast-language:EN-IN\">v<span style=\"font-variant-numeric: normal; font-variant-east-asian: normal; font-stretch: normal; font-size: 7pt; line-height: normal; font-family: &quot;Times New Roman&quot;;\"> </span></span><!--[endif]--><span style=\"font-size:10.5pt;font-family:&quot;Arial&quot;,&quot;sans-serif&quot;;mso-fareast-font-family:\r\n&quot;Times New Roman&quot;;color:#222222;mso-fareast-language:EN-IN\">Cost benefit\r\nanalysis and action plan.<o:p></o:p></span></p><p class=\"MsoListParagraphCxSpMiddle\" style=\"margin: 0cm 0cm 15pt 2cm; text-align: justify; text-indent: -14.15pt; line-height: normal; background-image: initial; background-position: initial; background-size: initial; background-repeat: initial; background-attachment: initial; background-origin: initial; background-clip: initial;\"><!--[if !supportLists]--><span style=\"font-size:10.5pt;font-family:Wingdings;\r\nmso-fareast-font-family:Wingdings;mso-bidi-font-family:Wingdings;color:#222222;\r\nmso-fareast-language:EN-IN\">v<span style=\"font-variant-numeric: normal; font-variant-east-asian: normal; font-stretch: normal; font-size: 7pt; line-height: normal; font-family: &quot;Times New Roman&quot;;\"> </span></span><!--[endif]--><span style=\"font-size:10.5pt;font-family:&quot;Arial&quot;,&quot;sans-serif&quot;;mso-fareast-font-family:\r\n&quot;Times New Roman&quot;;color:#222222;mso-fareast-language:EN-IN\">Shutdown audit to\r\nimprove performance, Plant availability and Load factor.<o:p></o:p></span></p><p class=\"MsoListParagraphCxSpMiddle\" style=\"margin: 0cm 0cm 15pt 2cm; text-align: justify; text-indent: -14.15pt; line-height: normal; background-image: initial; background-position: initial; background-size: initial; background-repeat: initial; background-attachment: initial; background-origin: initial; background-clip: initial;\"><!--[if !supportLists]--><span style=\"font-size:10.5pt;font-family:Wingdings;\r\nmso-fareast-font-family:Wingdings;mso-bidi-font-family:Wingdings;color:#222222;\r\nmso-fareast-language:EN-IN\">v<span style=\"font-variant-numeric: normal; font-variant-east-asian: normal; font-stretch: normal; font-size: 7pt; line-height: normal; font-family: &quot;Times New Roman&quot;;\"> </span></span><!--[endif]--><span style=\"font-size:10.5pt;font-family:&quot;Arial&quot;,&quot;sans-serif&quot;;mso-fareast-font-family:\r\n&quot;Times New Roman&quot;;color:#222222;mso-fareast-language:EN-IN\">Specialised service\r\nto improve plant availability and operation stabilization.<o:p></o:p></span></p><p class=\"MsoNormal\" style=\"margin-bottom: 0.0001pt; text-align: justify; line-height: 115%; background-image: initial; background-position: initial; background-size: initial; background-repeat: initial; background-attachment: initial; background-origin: initial; background-clip: initial;\">\r\n\r\n\r\n\r\n\r\n\r\n\r\n\r\n\r\n\r\n\r\n\r\n\r\n\r\n\r\n\r\n\r\n\r\n\r\n\r\n\r\n\r\n\r\n\r\n\r\n\r\n\r\n\r\n\r\n\r\n\r\n\r\n\r\n\r\n\r\n\r\n\r\n\r\n\r\n\r\n\r\n\r\n</p><p class=\"MsoListParagraphCxSpLast\" style=\"margin: 0cm 0cm 15pt 2cm; text-align: justify; text-indent: -14.15pt; line-height: normal; background-image: initial; background-position: initial; background-size: initial; background-repeat: initial; background-attachment: initial; background-origin: initial; background-clip: initial;\"><!--[if !supportLists]--><span style=\"font-size:10.5pt;font-family:Wingdings;\r\nmso-fareast-font-family:Wingdings;mso-bidi-font-family:Wingdings;color:#222222;\r\nmso-fareast-language:EN-IN\">v<span style=\"font-variant-numeric: normal; font-variant-east-asian: normal; font-stretch: normal; font-size: 7pt; line-height: normal; font-family: &quot;Times New Roman&quot;;\"> </span></span><!--[endif]--><span style=\"font-size:10.5pt;font-family:&quot;Arial&quot;,&quot;sans-serif&quot;;mso-fareast-font-family:\r\n&quot;Times New Roman&quot;;color:#222222;mso-fareast-language:EN-IN\">Steam generation\r\nwith optimum auxiliary power consumption.<o:p></o:p></span></p>', '', 1584426997, 2, -1),
(16, 4, 0, 0, '', '', '<p class=\"MsoNormal\" style=\"margin-bottom: 0.0001pt; text-align: justify; line-height: 150%; background-image: initial; background-position: initial; background-size: initial; background-repeat: initial; background-attachment: initial; background-origin: initial; background-clip: initial;\"><span style=\"font-size:10.5pt;\r\nline-height:150%;font-family:&quot;Arial&quot;,&quot;sans-serif&quot;;mso-fareast-font-family:&quot;Times New Roman&quot;;\r\ncolor:#222222;mso-fareast-language:EN-IN\">Industrial and Thermal Power Plants\r\nare the backbone of any industry. The main aim is uninterrupted Power / Steam generation\r\nwith minimum auxiliary power consumption.<o:p></o:p></span></p><p class=\"MsoNormal\" style=\"margin-bottom: 0.0001pt; text-align: justify; line-height: 150%; background-image: initial; background-position: initial; background-size: initial; background-repeat: initial; background-attachment: initial; background-origin: initial; background-clip: initial;\"><span style=\"font-size:10.5pt;\r\nline-height:150%;font-family:&quot;Arial&quot;,&quot;sans-serif&quot;;mso-fareast-font-family:&quot;Times New Roman&quot;;\r\ncolor:#222222;mso-fareast-language:EN-IN\">&nbsp;<o:p></o:p></span></p><p class=\"MsoNormal\" style=\"margin-bottom: 0.0001pt; text-align: justify; line-height: 150%; background-image: initial; background-position: initial; background-size: initial; background-repeat: initial; background-attachment: initial; background-origin: initial; background-clip: initial;\"><span style=\"font-size:10.5pt;\r\nline-height:150%;font-family:&quot;Arial&quot;,&quot;sans-serif&quot;;mso-fareast-font-family:&quot;Times New Roman&quot;;\r\ncolor:#222222;mso-fareast-language:EN-IN\">In the present scenario, energy\r\nconservation &amp; energy security are the serious concern for all industries.\r\nTo enrich the sustainable development, the industries has to take energy\r\nefficiency measures in this arms for reducing energy bills, increase profit by\r\ncompetitiveness, Reduce energy imports and conservation of limited sources.<o:p></o:p></span></p><p class=\"MsoNormal\" style=\"margin-bottom: 0.0001pt; text-align: justify; line-height: 150%; background-image: initial; background-position: initial; background-size: initial; background-repeat: initial; background-attachment: initial; background-origin: initial; background-clip: initial;\"><span style=\"font-size:10.5pt;\r\nline-height:150%;font-family:&quot;Arial&quot;,&quot;sans-serif&quot;;mso-fareast-font-family:&quot;Times New Roman&quot;;\r\ncolor:#222222;mso-fareast-language:EN-IN\">&nbsp;<o:p></o:p></span></p><p class=\"MsoNormal\" style=\"margin-bottom: 0.0001pt; text-align: justify; line-height: 150%; background-image: initial; background-position: initial; background-size: initial; background-repeat: initial; background-attachment: initial; background-origin: initial; background-clip: initial;\"><span style=\"font-size:10.5pt;\r\nline-height:150%;font-family:&quot;Arial&quot;,&quot;sans-serif&quot;;mso-fareast-font-family:&quot;Times New Roman&quot;;\r\ncolor:#222222;mso-fareast-language:EN-IN\">Various power consuming equipment\r\ninstalled for the purpose of meeting the outcome of the installation may or may\r\nnot function individually or in total and may consume power more or less as\r\npredicted by the designers and suppliers of the equipment. This phenomenon is\r\nachieved by running the equipment at their full / partial loads at the case may\r\nbe and the energy consumption of individual as well total equipment is\r\nrecorded. Various aspects of improvements are suggested to meet the target in\r\nline with the design as well state of art improvements by carrying out energy\r\naudit at some frequencies and to achieve optimum operating cost. Expertise man\r\npower along with adequate instruments with calibration are utilized during the\r\naudit and the audit findings are reported for efficient running of the plant.\r\nWith the expertise available with us, our company can readily take up such studies\r\nand help our clients in reduction of power consumption as well increase power /\r\nsteam generation.<o:p></o:p></span></p><p class=\"MsoNormal\" style=\"margin: 0cm 0cm 0.0001pt 18.75pt; text-align: justify; line-height: normal; background-image: initial; background-position: initial; background-size: initial; background-repeat: initial; background-attachment: initial; background-origin: initial; background-clip: initial;\"><span style=\"font-size:12.0pt;font-family:&quot;Times New Roman&quot;,&quot;serif&quot;;\r\nmso-fareast-font-family:&quot;Times New Roman&quot;;color:#333333;mso-fareast-language:\r\nEN-IN\">&nbsp;</span><span style=\"font-size:12.0pt;font-family:&quot;Arial&quot;,&quot;sans-serif&quot;;\r\nmso-fareast-font-family:&quot;Times New Roman&quot;;color:#333333;mso-fareast-language:\r\nEN-IN\"><o:p></o:p></span></p><p class=\"MsoNormal\" style=\"margin: 0cm 0cm 0.0001pt 18.75pt; text-align: justify; line-height: normal; background-image: initial; background-position: initial; background-size: initial; background-repeat: initial; background-attachment: initial; background-origin: initial; background-clip: initial;\"><span style=\"font-size:12.0pt;font-family:&quot;Times New Roman&quot;,&quot;serif&quot;;\r\nmso-fareast-font-family:&quot;Times New Roman&quot;;color:#333333;mso-fareast-language:\r\nEN-IN\">&nbsp;</span><span style=\"font-size:12.0pt;font-family:&quot;Arial&quot;,&quot;sans-serif&quot;;\r\nmso-fareast-font-family:&quot;Times New Roman&quot;;color:#333333;mso-fareast-language:\r\nEN-IN\"><o:p></o:p></span></p><p class=\"MsoNormal\" style=\"margin-bottom: 0.0001pt; text-align: justify; line-height: normal; background-image: initial; background-position: initial; background-size: initial; background-repeat: initial; background-attachment: initial; background-origin: initial; background-clip: initial;\"><b><u><span style=\"font-size:10.5pt;\r\nfont-family:&quot;Arial&quot;,&quot;sans-serif&quot;;mso-fareast-font-family:&quot;Times New Roman&quot;;\r\ncolor:#33338D;mso-fareast-language:EN-IN\">Why SPEL for Energy Audit:<o:p></o:p></span></u></b></p><p class=\"MsoNormal\" style=\"margin-bottom: 0.0001pt; text-align: justify; line-height: normal; background-image: initial; background-position: initial; background-size: initial; background-repeat: initial; background-attachment: initial; background-origin: initial; background-clip: initial;\"><b><u><span style=\"font-size:10.5pt;\r\nfont-family:&quot;Arial&quot;,&quot;sans-serif&quot;;mso-fareast-font-family:&quot;Times New Roman&quot;;\r\ncolor:#33338D;mso-fareast-language:EN-IN\"><o:p><span style=\"text-decoration-line: none;\">&nbsp;</span></o:p></span></u></b></p><p class=\"MsoNormal\" style=\"margin-bottom: 0.0001pt; text-align: justify; line-height: 150%; background-image: initial; background-position: initial; background-size: initial; background-repeat: initial; background-attachment: initial; background-origin: initial; background-clip: initial;\"><span style=\"font-size:10.5pt;\r\nline-height:150%;font-family:&quot;Arial&quot;,&quot;sans-serif&quot;;mso-fareast-font-family:&quot;Times New Roman&quot;;\r\ncolor:#222222;mso-fareast-language:EN-IN\">SPEL’s Special offer is a Walk\r\nthrough audit, targeted audit detailed energy audit based on the need of client\r\nin Process Plant, Co-generation, Captive and Utility power plants. We track\r\nduring energy audit by verifying, monitoring and analysing the use of energy\r\nwhich includes submission of Technical report containing recommendation for\r\nimproving Efficiency with cost benefit analysis and action plans to reduce\r\nenergy consumption.<o:p></o:p></span></p><p class=\"MsoNormal\" style=\"margin-bottom: 7.5pt; text-align: justify; text-indent: 18.75pt; line-height: normal; background-image: initial; background-position: initial; background-size: initial; background-repeat: initial; background-attachment: initial; background-origin: initial; background-clip: initial;\"><b><u><span style=\"font-size:12.0pt;\r\nfont-family:&quot;Times New Roman&quot;,&quot;serif&quot;;mso-fareast-font-family:&quot;Times New Roman&quot;;\r\ncolor:#333333;mso-fareast-language:EN-IN\">&nbsp;</span></u></b><span style=\"font-size:12.0pt;font-family:&quot;Arial&quot;,&quot;sans-serif&quot;;mso-fareast-font-family:\r\n&quot;Times New Roman&quot;;color:#333333;mso-fareast-language:EN-IN\"><o:p></o:p></span></p><p class=\"MsoNormal\" style=\"margin-bottom: 0.0001pt; text-align: justify; line-height: normal; background-image: initial; background-position: initial; background-size: initial; background-repeat: initial; background-attachment: initial; background-origin: initial; background-clip: initial;\"><b><u><span style=\"font-size:10.5pt;\r\nfont-family:&quot;Arial&quot;,&quot;sans-serif&quot;;mso-fareast-font-family:&quot;Times New Roman&quot;;\r\ncolor:#33338D;mso-fareast-language:EN-IN\">SPEL has undertaken Energy Audit\r\nwith:<o:p></o:p></span></u></b></p><p class=\"MsoNormal\" style=\"margin-bottom: 0.0001pt; text-align: justify; line-height: normal; background-image: initial; background-position: initial; background-size: initial; background-repeat: initial; background-attachment: initial; background-origin: initial; background-clip: initial;\"><b><u><span style=\"font-size:10.5pt;\r\nfont-family:&quot;Arial&quot;,&quot;sans-serif&quot;;mso-fareast-font-family:&quot;Times New Roman&quot;;\r\ncolor:#33338D;mso-fareast-language:EN-IN\"><o:p><span style=\"text-decoration-line: none;\">&nbsp;</span></o:p></span></u></b></p><p class=\"MsoListParagraphCxSpFirst\" style=\"margin: 0cm 0cm 15pt 2cm; text-align: justify; text-indent: -14.15pt; line-height: normal; background-image: initial; background-position: initial; background-size: initial; background-repeat: initial; background-attachment: initial; background-origin: initial; background-clip: initial;\"><!--[if !supportLists]--><span style=\"font-size:10.5pt;font-family:Wingdings;\r\nmso-fareast-font-family:Wingdings;mso-bidi-font-family:Wingdings;color:#222222;\r\nmso-fareast-language:EN-IN\">v<span style=\"font-variant-numeric: normal; font-variant-east-asian: normal; font-stretch: normal; font-size: 7pt; line-height: normal; font-family: &quot;Times New Roman&quot;;\"> </span></span><!--[endif]--><span style=\"font-size:10.5pt;font-family:&quot;Arial&quot;,&quot;sans-serif&quot;;mso-fareast-font-family:\r\n&quot;Times New Roman&quot;;color:#222222;mso-fareast-language:EN-IN\">Detailed energy\r\naudit for various Power plants / industrial power projects and steam producing\r\nplants.<o:p></o:p></span></p><p class=\"MsoListParagraphCxSpMiddle\" style=\"margin: 0cm 0cm 15pt 2cm; text-align: justify; text-indent: -14.15pt; line-height: normal; background-image: initial; background-position: initial; background-size: initial; background-repeat: initial; background-attachment: initial; background-origin: initial; background-clip: initial;\"><!--[if !supportLists]--><span style=\"font-size:10.5pt;font-family:Wingdings;\r\nmso-fareast-font-family:Wingdings;mso-bidi-font-family:Wingdings;color:#222222;\r\nmso-fareast-language:EN-IN\">v<span style=\"font-variant-numeric: normal; font-variant-east-asian: normal; font-stretch: normal; font-size: 7pt; line-height: normal; font-family: &quot;Times New Roman&quot;;\"> </span></span><!--[endif]--><span style=\"font-size:10.5pt;font-family:&quot;Arial&quot;,&quot;sans-serif&quot;;mso-fareast-font-family:\r\n&quot;Times New Roman&quot;;color:#222222;mso-fareast-language:EN-IN\">Targeted energy to\r\nconserve energy in the following areas – water / steam / compressed Air /\r\nElectricity / Fuel / Cooling tower.<o:p></o:p></span></p><p class=\"MsoListParagraphCxSpMiddle\" style=\"margin: 0cm 0cm 15pt 2cm; text-align: justify; text-indent: -14.15pt; line-height: normal; background-image: initial; background-position: initial; background-size: initial; background-repeat: initial; background-attachment: initial; background-origin: initial; background-clip: initial;\"><!--[if !supportLists]--><span style=\"font-size:10.5pt;font-family:Wingdings;\r\nmso-fareast-font-family:Wingdings;mso-bidi-font-family:Wingdings;color:#222222;\r\nmso-fareast-language:EN-IN\">v<span style=\"font-variant-numeric: normal; font-variant-east-asian: normal; font-stretch: normal; font-size: 7pt; line-height: normal; font-family: &quot;Times New Roman&quot;;\"> </span></span><!--[endif]--><span style=\"font-size:10.5pt;font-family:&quot;Arial&quot;,&quot;sans-serif&quot;;mso-fareast-font-family:\r\n&quot;Times New Roman&quot;;color:#222222;mso-fareast-language:EN-IN\">Rich experienced\r\nmanpower and team.<o:p></o:p></span></p><p class=\"MsoListParagraphCxSpMiddle\" style=\"margin: 0cm 0cm 15pt 2cm; text-align: justify; text-indent: -14.15pt; line-height: normal; background-image: initial; background-position: initial; background-size: initial; background-repeat: initial; background-attachment: initial; background-origin: initial; background-clip: initial;\"><!--[if !supportLists]--><span style=\"font-size:10.5pt;font-family:Wingdings;\r\nmso-fareast-font-family:Wingdings;mso-bidi-font-family:Wingdings;color:#222222;\r\nmso-fareast-language:EN-IN\">v<span style=\"font-variant-numeric: normal; font-variant-east-asian: normal; font-stretch: normal; font-size: 7pt; line-height: normal; font-family: &quot;Times New Roman&quot;;\"> </span></span><!--[endif]--><span style=\"font-size:10.5pt;font-family:&quot;Arial&quot;,&quot;sans-serif&quot;;mso-fareast-font-family:\r\n&quot;Times New Roman&quot;;color:#222222;mso-fareast-language:EN-IN\">Utilising wide\r\nranges of instruments to conduct survey and quantify the Energy.<o:p></o:p></span></p><p class=\"MsoListParagraphCxSpMiddle\" style=\"margin: 0cm 0cm 15pt 2cm; text-align: justify; text-indent: -14.15pt; line-height: normal; background-image: initial; background-position: initial; background-size: initial; background-repeat: initial; background-attachment: initial; background-origin: initial; background-clip: initial;\"><!--[if !supportLists]--><span style=\"font-size:10.5pt;font-family:Wingdings;\r\nmso-fareast-font-family:Wingdings;mso-bidi-font-family:Wingdings;color:#222222;\r\nmso-fareast-language:EN-IN\">v<span style=\"font-variant-numeric: normal; font-variant-east-asian: normal; font-stretch: normal; font-size: 7pt; line-height: normal; font-family: &quot;Times New Roman&quot;;\"> </span></span><!--[endif]--><span style=\"font-size:10.5pt;font-family:&quot;Arial&quot;,&quot;sans-serif&quot;;mso-fareast-font-family:\r\n&quot;Times New Roman&quot;;color:#222222;mso-fareast-language:EN-IN\">Innovative ideas to\r\nconserve energy.<o:p></o:p></span></p><p class=\"MsoListParagraphCxSpMiddle\" style=\"margin: 0cm 0cm 15pt 2cm; text-align: justify; text-indent: -14.15pt; line-height: normal; background-image: initial; background-position: initial; background-size: initial; background-repeat: initial; background-attachment: initial; background-origin: initial; background-clip: initial;\"><!--[if !supportLists]--><span style=\"font-size:10.5pt;font-family:Wingdings;\r\nmso-fareast-font-family:Wingdings;mso-bidi-font-family:Wingdings;color:#222222;\r\nmso-fareast-language:EN-IN\">v<span style=\"font-variant-numeric: normal; font-variant-east-asian: normal; font-stretch: normal; font-size: 7pt; line-height: normal; font-family: &quot;Times New Roman&quot;;\"> </span></span><!--[endif]--><span style=\"font-size:10.5pt;font-family:&quot;Arial&quot;,&quot;sans-serif&quot;;mso-fareast-font-family:\r\n&quot;Times New Roman&quot;;color:#222222;mso-fareast-language:EN-IN\">Helps to reduce the\r\nplant actual power consumption.<o:p></o:p></span></p><p class=\"MsoListParagraphCxSpMiddle\" style=\"margin: 0cm 0cm 15pt 2cm; text-align: justify; text-indent: -14.15pt; line-height: normal; background-image: initial; background-position: initial; background-size: initial; background-repeat: initial; background-attachment: initial; background-origin: initial; background-clip: initial;\"><!--[if !supportLists]--><span style=\"font-size:10.5pt;font-family:Wingdings;\r\nmso-fareast-font-family:Wingdings;mso-bidi-font-family:Wingdings;color:#222222;\r\nmso-fareast-language:EN-IN\">v<span style=\"font-variant-numeric: normal; font-variant-east-asian: normal; font-stretch: normal; font-size: 7pt; line-height: normal; font-family: &quot;Times New Roman&quot;;\"> </span></span><!--[endif]--><span style=\"font-size:10.5pt;font-family:&quot;Arial&quot;,&quot;sans-serif&quot;;mso-fareast-font-family:\r\n&quot;Times New Roman&quot;;color:#222222;mso-fareast-language:EN-IN\">Individual\r\nEquipment performance analysis through detailed survey and suggest measures for\r\nimprovement.<o:p></o:p></span></p><p class=\"MsoListParagraphCxSpMiddle\" style=\"margin: 0cm 0cm 15pt 2cm; text-align: justify; text-indent: -14.15pt; line-height: normal; background-image: initial; background-position: initial; background-size: initial; background-repeat: initial; background-attachment: initial; background-origin: initial; background-clip: initial;\"><!--[if !supportLists]--><span style=\"font-size:10.5pt;font-family:Wingdings;\r\nmso-fareast-font-family:Wingdings;mso-bidi-font-family:Wingdings;color:#222222;\r\nmso-fareast-language:EN-IN\">v<span style=\"font-variant-numeric: normal; font-variant-east-asian: normal; font-stretch: normal; font-size: 7pt; line-height: normal; font-family: &quot;Times New Roman&quot;;\"> </span></span><!--[endif]--><span style=\"font-size:10.5pt;font-family:&quot;Arial&quot;,&quot;sans-serif&quot;;mso-fareast-font-family:\r\n&quot;Times New Roman&quot;;color:#222222;mso-fareast-language:EN-IN\">Cost benefit\r\nanalysis and action plan.<o:p></o:p></span></p><p class=\"MsoListParagraphCxSpMiddle\" style=\"margin: 0cm 0cm 15pt 2cm; text-align: justify; text-indent: -14.15pt; line-height: normal; background-image: initial; background-position: initial; background-size: initial; background-repeat: initial; background-attachment: initial; background-origin: initial; background-clip: initial;\"><!--[if !supportLists]--><span style=\"font-size:10.5pt;font-family:Wingdings;\r\nmso-fareast-font-family:Wingdings;mso-bidi-font-family:Wingdings;color:#222222;\r\nmso-fareast-language:EN-IN\">v<span style=\"font-variant-numeric: normal; font-variant-east-asian: normal; font-stretch: normal; font-size: 7pt; line-height: normal; font-family: &quot;Times New Roman&quot;;\"> </span></span><!--[endif]--><span style=\"font-size:10.5pt;font-family:&quot;Arial&quot;,&quot;sans-serif&quot;;mso-fareast-font-family:\r\n&quot;Times New Roman&quot;;color:#222222;mso-fareast-language:EN-IN\">Shutdown audit to\r\nimprove performance, Plant availability and Load factor.<o:p></o:p></span></p><p class=\"MsoListParagraphCxSpMiddle\" style=\"margin: 0cm 0cm 15pt 2cm; text-align: justify; text-indent: -14.15pt; line-height: normal; background-image: initial; background-position: initial; background-size: initial; background-repeat: initial; background-attachment: initial; background-origin: initial; background-clip: initial;\"><!--[if !supportLists]--><span style=\"font-size:10.5pt;font-family:Wingdings;\r\nmso-fareast-font-family:Wingdings;mso-bidi-font-family:Wingdings;color:#222222;\r\nmso-fareast-language:EN-IN\">v<span style=\"font-variant-numeric: normal; font-variant-east-asian: normal; font-stretch: normal; font-size: 7pt; line-height: normal; font-family: &quot;Times New Roman&quot;;\"> </span></span><!--[endif]--><span style=\"font-size:10.5pt;font-family:&quot;Arial&quot;,&quot;sans-serif&quot;;mso-fareast-font-family:\r\n&quot;Times New Roman&quot;;color:#222222;mso-fareast-language:EN-IN\">Specialised service\r\nto improve plant availability and operation stabilization.<o:p></o:p></span></p><p>\r\n\r\n\r\n\r\n\r\n\r\n\r\n\r\n\r\n\r\n\r\n\r\n\r\n\r\n\r\n\r\n\r\n\r\n\r\n\r\n\r\n\r\n\r\n\r\n\r\n\r\n\r\n\r\n\r\n\r\n\r\n\r\n\r\n\r\n\r\n\r\n\r\n\r\n\r\n\r\n\r\n\r\n\r\n\r\n\r\n\r\n</p><p class=\"MsoListParagraphCxSpLast\" style=\"margin: 0cm 0cm 15pt 2cm; text-align: justify; text-indent: -14.15pt; line-height: normal; background-image: initial; background-position: initial; background-size: initial; background-repeat: initial; background-attachment: initial; background-origin: initial; background-clip: initial;\"><!--[if !supportLists]--><span style=\"font-size:10.5pt;font-family:Wingdings;\r\nmso-fareast-font-family:Wingdings;mso-bidi-font-family:Wingdings;color:#222222;\r\nmso-fareast-language:EN-IN\">v<span style=\"font-variant-numeric: normal; font-variant-east-asian: normal; font-stretch: normal; font-size: 7pt; line-height: normal; font-family: &quot;Times New Roman&quot;;\"> </span></span><!--[endif]--><span style=\"font-size:10.5pt;font-family:&quot;Arial&quot;,&quot;sans-serif&quot;;mso-fareast-font-family:\r\n&quot;Times New Roman&quot;;color:#222222;mso-fareast-language:EN-IN\">Steam generation\r\nwith optimum auxiliary power consumption.<o:p></o:p></span></p>', '', 1584427083, 2, -1),
(17, 1, 0, 0, '', '', '<p class=\"MsoNormal\"><span style=\"font-family:&quot;Arial Rounded MT Bold&quot;,&quot;sans-serif&quot;;\r\nmso-bidi-font-family:Kartika\">O &amp; M SERVICES<o:p></o:p></span></p><p class=\"MsoNormal\"><span style=\"font-family:&quot;Arial Rounded MT Bold&quot;,&quot;sans-serif&quot;;\r\nmso-bidi-font-family:Kartika\">At the heart of all O&amp;M lies the equipment.\r\nAcross the nation, this equipment varies greatly in age, size, type, model,\r\nfuel used, condition, etc. O&amp;M services mainly should address<o:p></o:p></span></p><p class=\"MsoListParagraph\" style=\"margin-top:6.0pt;margin-right:0cm;margin-bottom:\r\n5.0pt;margin-left:36.0pt;text-indent:-18.0pt;mso-list:l0 level1 lfo1\"><!--[if !supportLists]--><span style=\"font-family:Wingdings;mso-fareast-font-family:Wingdings;mso-bidi-font-family:\r\nWingdings\">v<span style=\"font-variant-numeric: normal; font-variant-east-asian: normal; font-stretch: normal; font-size: 7pt; line-height: normal; font-family: &quot;Times New Roman&quot;;\">&nbsp;\r\n</span></span><!--[endif]--><span style=\"font-family:&quot;Arial Rounded MT Bold&quot;,&quot;sans-serif&quot;;\r\nmso-fareast-font-family:Calibri;mso-fareast-theme-font:minor-latin;mso-bidi-font-family:\r\nKartika\">Present general equipment descriptions and operating </span><span style=\"font-family:&quot;Arial Rounded MT Bold&quot;,&quot;sans-serif&quot;;mso-bidi-font-family:\r\nKartika\">principles and </span><span style=\"font-family:&quot;Arial Rounded MT Bold&quot;,&quot;sans-serif&quot;;\r\nmso-fareast-font-family:Calibri;mso-fareast-theme-font:minor-latin;mso-bidi-font-family:\r\nKartika\">procedures, parameters for the major equipment types</span><span style=\"font-family:&quot;Arial Rounded MT Bold&quot;,&quot;sans-serif&quot;;mso-bidi-font-family:\r\nKartika\"><o:p></o:p></span></p><p class=\"MsoListParagraph\" style=\"margin-top:6.0pt;margin-right:0cm;margin-bottom:\r\n5.0pt;margin-left:36.0pt;text-indent:-18.0pt;mso-list:l0 level1 lfo1\"><!--[if !supportLists]--><span style=\"font-family:Wingdings;mso-fareast-font-family:Wingdings;mso-bidi-font-family:\r\nWingdings\">v<span style=\"font-variant-numeric: normal; font-variant-east-asian: normal; font-stretch: normal; font-size: 7pt; line-height: normal; font-family: &quot;Times New Roman&quot;;\">&nbsp;\r\n</span></span><!--[endif]--><span style=\"font-size:11.0pt;font-family:&quot;Arial Rounded MT Bold&quot;,&quot;sans-serif&quot;;\r\nmso-fareast-font-family:Calibri;mso-fareast-theme-font:minor-latin;mso-bidi-font-family:\r\nKartika;mso-fareast-language:EN-US\">The key maintenance components of\r\nparticular equipment.</span><span style=\"font-family:&quot;Arial Rounded MT Bold&quot;,&quot;sans-serif&quot;;\r\nmso-bidi-font-family:Kartika\"><o:p></o:p></span></p><p class=\"MsoListParagraph\" style=\"margin-top:6.0pt;margin-right:0cm;margin-bottom:\r\n5.0pt;margin-left:36.0pt;text-indent:-18.0pt;mso-list:l0 level1 lfo1\"><!--[if !supportLists]--><span style=\"font-family:Wingdings;mso-fareast-font-family:Wingdings;mso-bidi-font-family:\r\nWingdings\">v<span style=\"font-variant-numeric: normal; font-variant-east-asian: normal; font-stretch: normal; font-size: 7pt; line-height: normal; font-family: &quot;Times New Roman&quot;;\">&nbsp;\r\n</span></span><!--[endif]--><span style=\"font-size:11.0pt;font-family:&quot;Arial Rounded MT Bold&quot;,&quot;sans-serif&quot;;\r\nmso-fareast-font-family:Calibri;mso-fareast-theme-font:minor-latin;mso-bidi-font-family:\r\nKartika;mso-fareast-language:EN-US\">Highlight important safety issues.</span><span style=\"font-family:&quot;Arial Rounded MT Bold&quot;,&quot;sans-serif&quot;;mso-bidi-font-family:\r\nKartika\"><o:p></o:p></span></p><p class=\"MsoNormal\">\r\n\r\n\r\n\r\n\r\n\r\n\r\n\r\n\r\n\r\n</p><p class=\"MsoListParagraph\" style=\"margin-top:6.0pt;margin-right:0cm;margin-bottom:\r\n5.0pt;margin-left:36.0pt;text-indent:-18.0pt;mso-list:l0 level1 lfo1\"><!--[if !supportLists]--><span style=\"font-family:Wingdings;mso-fareast-font-family:Wingdings;mso-bidi-font-family:\r\nWingdings\">v<span style=\"font-variant-numeric: normal; font-variant-east-asian: normal; font-stretch: normal; font-size: 7pt; line-height: normal; font-family: &quot;Times New Roman&quot;;\">&nbsp;\r\n</span></span><!--[endif]--><span style=\"font-size:11.0pt;font-family:&quot;Arial Rounded MT Bold&quot;,&quot;sans-serif&quot;;\r\nmso-fareast-font-family:Calibri;mso-fareast-theme-font:minor-latin;mso-bidi-font-family:\r\nKartika;mso-fareast-language:EN-US\">Cost and energy efficiency issues.</span><span style=\"font-family:&quot;Arial Rounded MT Bold&quot;,&quot;sans-serif&quot;;mso-bidi-font-family:\r\nKartika\"><o:p></o:p></span></p>', '', 1598245345, 2, -1);
INSERT INTO `services_list` (`srv_id`, `srcat_id`, `srsbcat_id`, `styp_id`, `name`, `srt_descr`, `descr`, `thumb_img`, `crt_stm`, `crt_by`, `status`) VALUES
(18, 2, 0, 0, '', '', '<span style=\"font-family: &quot;Times New Roman&quot;, serif;\">Pre Commissioning, also referred as\r\nstatic commissioning, starts when a system or subsystem achieves Mechanical\r\nCompletion. The safety monitoring activities will change at this transition as\r\nfluids (water, air, nitrogen, hydrocarbons, etc.) are introduced into sections\r\nof the facility to support testing, cleaning, flushing, and other pre-commissioning activities. Attached is a typical list of Pre-Commissioning\r\nItems:</span>\r\n\r\n\r\n\r\n\r\n\r\n\r\n\r\n\r\n\r\n\r\n\r\n\r\n\r\n<ul><li style=\"text-align: justify; text-indent: -0.25in;\"><span style=\"font-family:&quot;Times New Roman&quot;,&quot;serif&quot;;\r\nmso-fareast-font-family:&quot;Times New Roman&quot;;mso-fareast-language:EN-IN\">1.<span style=\"font-variant-numeric: normal; font-variant-east-asian: normal; font-stretch: normal; font-size: 7pt; line-height: normal; font-family: &quot;Times New Roman&quot;;\">&nbsp;&nbsp;&nbsp;&nbsp;&nbsp;\r\n</span></span><span style=\"font-family:&quot;Times New Roman&quot;,&quot;serif&quot;;\r\nmso-fareast-font-family:&quot;Times New Roman&quot;;mso-fareast-language:EN-IN\">Temporary\r\nScreens, Strainers and Blinds – Doing walk down checks, witnessing</span></li><li style=\"text-align: justify; text-indent: -0.25in;\"><span style=\"font-family:&quot;Times New Roman&quot;,&quot;serif&quot;;\r\nmso-fareast-font-family:&quot;Times New Roman&quot;;mso-fareast-language:EN-IN\">2.<span style=\"font-variant-numeric: normal; font-variant-east-asian: normal; font-stretch: normal; font-size: 7pt; line-height: normal; font-family: &quot;Times New Roman&quot;;\">&nbsp;&nbsp;&nbsp;&nbsp;&nbsp;\r\n</span></span><span style=\"font-family:&quot;Times New Roman&quot;,&quot;serif&quot;;\r\nmso-fareast-font-family:&quot;Times New Roman&quot;;mso-fareast-language:EN-IN\">Air and\r\nSteam Blowing – Cleaning the systems</span></li><li style=\"text-align: justify; text-indent: -0.25in;\"><span style=\"font-family:&quot;Times New Roman&quot;,&quot;serif&quot;;\r\nmso-fareast-font-family:&quot;Times New Roman&quot;;mso-fareast-language:EN-IN\">3.<span style=\"font-variant-numeric: normal; font-variant-east-asian: normal; font-stretch: normal; font-size: 7pt; line-height: normal; font-family: &quot;Times New Roman&quot;;\">&nbsp;&nbsp;&nbsp;&nbsp;&nbsp;\r\n</span></span><span style=\"font-family:&quot;Times New Roman&quot;,&quot;serif&quot;;\r\nmso-fareast-font-family:&quot;Times New Roman&quot;;mso-fareast-language:EN-IN\">Flushing,\r\nChemical and Mechanical Cleaning</span></li><li style=\"text-align: justify; text-indent: -0.25in;\"><span style=\"font-family:&quot;Times New Roman&quot;,&quot;serif&quot;;\r\nmso-fareast-font-family:&quot;Times New Roman&quot;;mso-fareast-language:EN-IN\">4.<span style=\"font-variant-numeric: normal; font-variant-east-asian: normal; font-stretch: normal; font-size: 7pt; line-height: normal; font-family: &quot;Times New Roman&quot;;\">&nbsp;&nbsp;&nbsp;&nbsp;&nbsp;\r\n</span></span><span style=\"font-family:&quot;Times New Roman&quot;,&quot;serif&quot;;\r\nmso-fareast-font-family:&quot;Times New Roman&quot;;mso-fareast-language:EN-IN\">Cleaning\r\nand Passivation – Ensure 100% cleaning to ensure protection.</span></li><li style=\"text-align: justify; text-indent: -0.25in;\"><span style=\"font-family:&quot;Times New Roman&quot;,&quot;serif&quot;;\r\nmso-fareast-font-family:&quot;Times New Roman&quot;;mso-fareast-language:EN-IN\">5.<span style=\"font-variant-numeric: normal; font-variant-east-asian: normal; font-stretch: normal; font-size: 7pt; line-height: normal; font-family: &quot;Times New Roman&quot;;\">&nbsp;&nbsp;&nbsp;&nbsp;&nbsp;\r\n</span></span><span style=\"font-family:&quot;Times New Roman&quot;,&quot;serif&quot;;\r\nmso-fareast-font-family:&quot;Times New Roman&quot;;mso-fareast-language:EN-IN\">Electrical\r\nSystem Energizing – Essential pre commissioning of equipment</span></li><li style=\"text-align: justify; text-indent: -0.25in;\"><span style=\"font-family:&quot;Times New Roman&quot;,&quot;serif&quot;;\r\nmso-fareast-font-family:&quot;Times New Roman&quot;;mso-fareast-language:EN-IN\">6.<span style=\"font-variant-numeric: normal; font-variant-east-asian: normal; font-stretch: normal; font-size: 7pt; line-height: normal; font-family: &quot;Times New Roman&quot;;\">&nbsp;&nbsp;&nbsp;&nbsp;&nbsp;\r\n</span></span><span style=\"font-family:&quot;Times New Roman&quot;,&quot;serif&quot;;\r\nmso-fareast-font-family:&quot;Times New Roman&quot;;mso-fareast-language:EN-IN\">Instrumentation\r\nVerification – A must for total system readiness for commissioning.</span></li><li style=\"text-align: justify; text-indent: -0.25in;\"><span style=\"font-family:&quot;Times New Roman&quot;,&quot;serif&quot;;\r\nmso-fareast-font-family:&quot;Times New Roman&quot;;mso-fareast-language:EN-IN\">7.<span style=\"font-variant-numeric: normal; font-variant-east-asian: normal; font-stretch: normal; font-size: 7pt; line-height: normal; font-family: &quot;Times New Roman&quot;;\">&nbsp;&nbsp;&nbsp;&nbsp;&nbsp;\r\n</span></span><span style=\"font-family:&quot;Times New Roman&quot;,&quot;serif&quot;;\r\nmso-fareast-font-family:&quot;Times New Roman&quot;;mso-fareast-language:EN-IN\">Checking\r\nof all logics and controls of all systems.</span></li></ul>\r\n\r\n<p class=\"MsoNormal\" style=\"margin-bottom:0in;margin-bottom:.0001pt;text-align:\r\njustify;line-height:normal\"><b><span style=\"font-family:&quot;Times New Roman&quot;,&quot;serif&quot;;mso-fareast-font-family:&quot;Times New Roman&quot;;\r\nmso-fareast-language:EN-IN\">Commissioning:</span></b></p>\r\n\r\n<p class=\"MsoNormal\" style=\"margin-bottom:0in;margin-bottom:.0001pt;text-align:\r\njustify;line-height:normal\"><b><span style=\"font-size:7.0pt;mso-bidi-font-size:11.0pt;font-family:&quot;Times New Roman&quot;,&quot;serif&quot;;\r\nmso-fareast-font-family:&quot;Times New Roman&quot;;mso-fareast-language:EN-IN\">&nbsp;</span></b></p>\r\n\r\n<p class=\"MsoNormal\" style=\"margin-bottom:0in;margin-bottom:.0001pt;text-align:\r\njustify;line-height:normal\"><span style=\"font-family:&quot;Times New Roman&quot;,&quot;serif&quot;;\r\nmso-fareast-font-family:&quot;Times New Roman&quot;;mso-fareast-language:EN-IN\">Commissioning\r\nis a verification process used to confirm that a facility has been designed,\r\nprocured, fabricated, installed, tested, and prepared for operation in\r\naccordance with design drawings and specifications.</span></p>\r\n\r\n<p class=\"MsoNormal\" style=\"margin-bottom:0in;margin-bottom:.0001pt;text-align:\r\njustify\"><span style=\"font-size:4.0pt;mso-bidi-font-size:11.0pt;line-height:\r\n115%;font-family:&quot;Times New Roman&quot;,&quot;serif&quot;;mso-fareast-font-family:&quot;Times New Roman&quot;;\r\nmso-fareast-language:EN-IN\">&nbsp;</span></p>\r\n\r\n<p class=\"MsoNormal\" style=\"text-align:justify\"><span style=\"font-family:&quot;Times New Roman&quot;,&quot;serif&quot;;\r\nmso-fareast-font-family:&quot;Times New Roman&quot;;mso-fareast-language:EN-IN\">Commissioning\r\nItems are:</span></p>\r\n\r\n\r\n\r\n\r\n\r\n\r\n\r\n\r\n\r\n\r\n\r\n\r\n\r\n\r\n\r\n\r\n\r\n\r\n\r\n<ul><li style=\"text-align: justify; text-indent: -0.25in;\"><span style=\"font-family:&quot;Times New Roman&quot;,&quot;serif&quot;;\r\nmso-fareast-font-family:&quot;Times New Roman&quot;;mso-fareast-language:EN-IN\">1.<span style=\"font-variant-numeric: normal; font-variant-east-asian: normal; font-stretch: normal; font-size: 7pt; line-height: normal; font-family: &quot;Times New Roman&quot;;\">&nbsp;&nbsp;&nbsp;&nbsp;&nbsp;\r\n</span></span><span style=\"font-family:&quot;Times New Roman&quot;,&quot;serif&quot;;\r\nmso-fareast-font-family:&quot;Times New Roman&quot;;mso-fareast-language:EN-IN\">Operational\r\nTightness Testing</span></li><li style=\"text-align: justify; text-indent: -0.25in;\"><span style=\"font-family:&quot;Times New Roman&quot;,&quot;serif&quot;;\r\nmso-fareast-font-family:&quot;Times New Roman&quot;;mso-fareast-language:EN-IN\">2.<span style=\"font-variant-numeric: normal; font-variant-east-asian: normal; font-stretch: normal; font-size: 7pt; line-height: normal; font-family: &quot;Times New Roman&quot;;\">&nbsp;&nbsp;&nbsp;&nbsp;&nbsp;\r\n</span></span><span style=\"font-family:&quot;Times New Roman&quot;,&quot;serif&quot;;\r\nmso-fareast-font-family:&quot;Times New Roman&quot;;mso-fareast-language:EN-IN\">Oil\r\nSystems Flushing</span></li><li style=\"text-align: justify; text-indent: -0.25in;\"><span style=\"font-family:&quot;Times New Roman&quot;,&quot;serif&quot;;\r\nmso-fareast-font-family:&quot;Times New Roman&quot;;mso-fareast-language:EN-IN\">3.<span style=\"font-variant-numeric: normal; font-variant-east-asian: normal; font-stretch: normal; font-size: 7pt; line-height: normal; font-family: &quot;Times New Roman&quot;;\">&nbsp;&nbsp;&nbsp;&nbsp;&nbsp;\r\n</span></span><span style=\"font-family:&quot;Times New Roman&quot;,&quot;serif&quot;;\r\nmso-fareast-font-family:&quot;Times New Roman&quot;;mso-fareast-language:EN-IN\">Loading\r\nof desiccants/burning fuels and catalysts</span></li><li style=\"text-align: justify; text-indent: -0.25in;\"><span style=\"font-family:&quot;Times New Roman&quot;,&quot;serif&quot;;\r\nmso-fareast-font-family:&quot;Times New Roman&quot;;mso-fareast-language:EN-IN\">4.<span style=\"font-variant-numeric: normal; font-variant-east-asian: normal; font-stretch: normal; font-size: 7pt; line-height: normal; font-family: &quot;Times New Roman&quot;;\">&nbsp;&nbsp;&nbsp;&nbsp;&nbsp;\r\n</span></span><span style=\"font-family:&quot;Times New Roman&quot;,&quot;serif&quot;;\r\nmso-fareast-font-family:&quot;Times New Roman&quot;;mso-fareast-language:EN-IN\">Refractory\r\ndry out</span></li><li style=\"text-align: justify; text-indent: -0.25in;\"><span style=\"font-family:&quot;Times New Roman&quot;,&quot;serif&quot;;\r\nmso-fareast-font-family:&quot;Times New Roman&quot;;mso-fareast-language:EN-IN\">5.<span style=\"font-variant-numeric: normal; font-variant-east-asian: normal; font-stretch: normal; font-size: 7pt; line-height: normal; font-family: &quot;Times New Roman&quot;;\">&nbsp;&nbsp;&nbsp;&nbsp;&nbsp;\r\n</span></span><span style=\"font-family:&quot;Times New Roman&quot;,&quot;serif&quot;;\r\nmso-fareast-font-family:&quot;Times New Roman&quot;;mso-fareast-language:EN-IN\">Run in of\r\nrotating equipment</span></li><li style=\"text-align: justify; text-indent: -0.25in;\"><span style=\"font-family:&quot;Times New Roman&quot;,&quot;serif&quot;;\r\nmso-fareast-font-family:&quot;Times New Roman&quot;;mso-fareast-language:EN-IN\">6.<span style=\"font-variant-numeric: normal; font-variant-east-asian: normal; font-stretch: normal; font-size: 7pt; line-height: normal; font-family: &quot;Times New Roman&quot;;\">&nbsp;&nbsp;&nbsp;&nbsp;&nbsp;\r\n</span></span><span style=\"font-family:&quot;Times New Roman&quot;,&quot;serif&quot;;\r\nmso-fareast-font-family:&quot;Times New Roman&quot;;mso-fareast-language:EN-IN\">Drying\r\nOut and inerting</span></li><li style=\"text-align: justify; text-indent: -0.25in;\"><span style=\"font-family:&quot;Times New Roman&quot;,&quot;serif&quot;;\r\nmso-fareast-font-family:&quot;Times New Roman&quot;;mso-fareast-language:EN-IN\">7.<span style=\"font-variant-numeric: normal; font-variant-east-asian: normal; font-stretch: normal; font-size: 7pt; line-height: normal; font-family: &quot;Times New Roman&quot;;\">&nbsp;&nbsp;&nbsp;&nbsp;&nbsp;\r\n</span></span><span style=\"font-family:&quot;Times New Roman&quot;,&quot;serif&quot;;\r\nmso-fareast-font-family:&quot;Times New Roman&quot;;mso-fareast-language:EN-IN\">Instrument\r\nand electrical function testing</span></li><li style=\"text-align: justify; text-indent: -0.25in;\"><span style=\"font-family:&quot;Times New Roman&quot;,&quot;serif&quot;;\r\nmso-fareast-font-family:&quot;Times New Roman&quot;;mso-fareast-language:EN-IN\">8.<span style=\"font-variant-numeric: normal; font-variant-east-asian: normal; font-stretch: normal; font-size: 7pt; line-height: normal; font-family: &quot;Times New Roman&quot;;\">&nbsp;&nbsp;&nbsp;&nbsp;&nbsp;\r\n</span></span><span style=\"font-family:&quot;Times New Roman&quot;,&quot;serif&quot;;\r\nmso-fareast-font-family:&quot;Times New Roman&quot;;mso-fareast-language:EN-IN\">Function\r\ntesting of safety systems</span></li><li style=\"text-align: justify; text-indent: -0.25in;\"><span style=\"font-family:&quot;Times New Roman&quot;,&quot;serif&quot;;\r\nmso-fareast-font-family:&quot;Times New Roman&quot;;mso-fareast-language:EN-IN\">9.<span style=\"font-variant-numeric: normal; font-variant-east-asian: normal; font-stretch: normal; font-size: 7pt; line-height: normal; font-family: &quot;Times New Roman&quot;;\">&nbsp;&nbsp;&nbsp;&nbsp;&nbsp;\r\n</span></span><span style=\"font-family:&quot;Times New Roman&quot;,&quot;serif&quot;;\r\nmso-fareast-font-family:&quot;Times New Roman&quot;;mso-fareast-language:EN-IN\">Function\r\ntesting of installed equipment to its full capacity.</span></li><li style=\"text-align: justify; text-indent: -0.25in;\"><span style=\"font-family:&quot;Times New Roman&quot;,&quot;serif&quot;;\r\nmso-fareast-font-family:&quot;Times New Roman&quot;;mso-fareast-language:EN-IN\">10.<span style=\"font-variant-numeric: normal; font-variant-east-asian: normal; font-stretch: normal; font-size: 7pt; line-height: normal; font-family: &quot;Times New Roman&quot;;\">&nbsp; </span></span><span style=\"font-family:&quot;Times New Roman&quot;,&quot;serif&quot;;mso-fareast-font-family:&quot;Times New Roman&quot;;\r\nmso-fareast-language:EN-IN\">Trial operation and performance guarantee testing.</span></li></ul>\r\n\r\n<p class=\"MsoNormal\" style=\"margin-top:0in;margin-right:0in;margin-bottom:0in;\r\nmargin-left:.25in;margin-bottom:.0001pt;text-align:justify\"><b><u><span style=\"font-family:&quot;Times New Roman&quot;,&quot;serif&quot;\">Why\r\nSPEL for Pre Commissioning &amp; Commissioning:</span></u></b></p>\r\n\r\n<p class=\"MsoNormal\" style=\"margin-top:0in;margin-right:0in;margin-bottom:0in;\r\nmargin-left:.25in;margin-bottom:.0001pt;text-align:justify;line-height:normal\"><b><u><span style=\"font-family:&quot;Times New Roman&quot;,&quot;serif&quot;\">Experts\r\navailable for:- </span></u></b></p>\r\n\r\n\r\n\r\n\r\n\r\n\r\n\r\n\r\n\r\n\r\n\r\n\r\n\r\n\r\n\r\n\r\n\r\n\r\n\r\n<ul><li style=\"text-indent: -0.25in; line-height: normal; background-image: initial; background-position: initial; background-size: initial; background-repeat: initial; background-attachment: initial; background-origin: initial; background-clip: initial;\"><span style=\"font-family:&quot;Times New Roman&quot;,&quot;serif&quot;;\r\nmso-fareast-font-family:&quot;Times New Roman&quot;;mso-fareast-language:EN-IN\">1.<span style=\"font-variant-numeric: normal; font-variant-east-asian: normal; font-stretch: normal; font-size: 7pt; line-height: normal; font-family: &quot;Times New Roman&quot;;\">&nbsp;&nbsp;&nbsp;&nbsp;&nbsp;\r\n</span></span><span style=\"font-family:&quot;Times New Roman&quot;,&quot;serif&quot;;\r\nmso-fareast-font-family:&quot;Times New Roman&quot;;mso-fareast-language:EN-IN\">Preparation\r\nof pre commissioning/commissioning procedures and reporting tools (including\r\ntechnical database when applicable, planning, punch list control).</span></li><li style=\"text-indent: -0.25in; line-height: 12pt; background-image: initial; background-position: initial; background-size: initial; background-repeat: initial; background-attachment: initial; background-origin: initial; background-clip: initial;\"><span style=\"font-family:&quot;Times New Roman&quot;,&quot;serif&quot;;\r\nmso-fareast-font-family:&quot;Times New Roman&quot;;mso-fareast-language:EN-IN\">2.<span style=\"font-variant-numeric: normal; font-variant-east-asian: normal; font-stretch: normal; font-size: 7pt; line-height: normal; font-family: &quot;Times New Roman&quot;;\">&nbsp;&nbsp;&nbsp;&nbsp;&nbsp;\r\n</span></span><span style=\"font-family:&quot;Times New Roman&quot;,&quot;serif&quot;;\r\nmso-fareast-font-family:&quot;Times New Roman&quot;;mso-fareast-language:EN-IN\">Preparation\r\nof the plant for pre-commissioning, commissioning and start up activities.</span></li><li style=\"text-indent: -0.25in; line-height: 12pt; background-image: initial; background-position: initial; background-size: initial; background-repeat: initial; background-attachment: initial; background-origin: initial; background-clip: initial;\"><span style=\"font-family:&quot;Times New Roman&quot;,&quot;serif&quot;;\r\nmso-fareast-font-family:&quot;Times New Roman&quot;;mso-fareast-language:EN-IN\">3.<span style=\"font-variant-numeric: normal; font-variant-east-asian: normal; font-stretch: normal; font-size: 7pt; line-height: normal; font-family: &quot;Times New Roman&quot;;\">&nbsp;&nbsp;&nbsp;&nbsp;&nbsp;\r\n</span></span><span style=\"font-family:&quot;Times New Roman&quot;,&quot;serif&quot;;\r\nmso-fareast-font-family:&quot;Times New Roman&quot;;mso-fareast-language:EN-IN\">Preparation\r\nof commissioning requirements related to HSE and reviewing the same with the\r\nHSE department as well as addressing safety aspects in all procedures and\r\ndocuments regarding pre –commissioning and commissioning.</span></li><li style=\"text-indent: -0.25in; line-height: 12pt; background-image: initial; background-position: initial; background-size: initial; background-repeat: initial; background-attachment: initial; background-origin: initial; background-clip: initial;\"><span style=\"font-family:&quot;Times New Roman&quot;,&quot;serif&quot;;\r\nmso-fareast-font-family:&quot;Times New Roman&quot;;mso-fareast-language:EN-IN\">4.<span style=\"font-variant-numeric: normal; font-variant-east-asian: normal; font-stretch: normal; font-size: 7pt; line-height: normal; font-family: &quot;Times New Roman&quot;;\">&nbsp;&nbsp;&nbsp;&nbsp;&nbsp;\r\n</span></span><span style=\"font-family:&quot;Times New Roman&quot;,&quot;serif&quot;;\r\nmso-fareast-font-family:&quot;Times New Roman&quot;;mso-fareast-language:EN-IN\">Supervision\r\nand execution of pre-commissioning, commissioning and start-up activities as\r\nper plan and schedule.</span></li><li style=\"text-indent: -0.25in; line-height: 12pt; background-image: initial; background-position: initial; background-size: initial; background-repeat: initial; background-attachment: initial; background-origin: initial; background-clip: initial;\"><span style=\"font-family:&quot;Times New Roman&quot;,&quot;serif&quot;;\r\nmso-fareast-font-family:&quot;Times New Roman&quot;;mso-fareast-language:EN-IN\">5.<span style=\"font-variant-numeric: normal; font-variant-east-asian: normal; font-stretch: normal; font-size: 7pt; line-height: normal; font-family: &quot;Times New Roman&quot;;\">&nbsp;&nbsp;&nbsp;&nbsp;&nbsp;\r\n</span></span><span style=\"font-family:&quot;Times New Roman&quot;,&quot;serif&quot;;\r\nmso-fareast-font-family:&quot;Times New Roman&quot;;mso-fareast-language:EN-IN\">Coordination\r\nfor arranging necessary materials, special tools, consumables for commissioning\r\nand start-up.</span></li><li style=\"text-indent: -0.25in; line-height: 12pt; background-image: initial; background-position: initial; background-size: initial; background-repeat: initial; background-attachment: initial; background-origin: initial; background-clip: initial;\"><span style=\"font-family:&quot;Times New Roman&quot;,&quot;serif&quot;;\r\nmso-fareast-font-family:&quot;Times New Roman&quot;;mso-fareast-language:EN-IN\">6.<span style=\"font-variant-numeric: normal; font-variant-east-asian: normal; font-stretch: normal; font-size: 7pt; line-height: normal; font-family: &quot;Times New Roman&quot;;\">&nbsp;&nbsp;&nbsp;&nbsp;&nbsp;\r\n</span></span><span style=\"font-family:&quot;Times New Roman&quot;,&quot;serif&quot;;\r\nmso-fareast-font-family:&quot;Times New Roman&quot;;mso-fareast-language:EN-IN\">Checking\r\nof materials, chemicals inventory for pre commissioning and commissioning\r\nactivities and manage spare parts from equipment suppliers and vendors.</span></li><li style=\"text-indent: -0.25in; line-height: 12pt; background-image: initial; background-position: initial; background-size: initial; background-repeat: initial; background-attachment: initial; background-origin: initial; background-clip: initial;\"><span style=\"font-family:&quot;Times New Roman&quot;,&quot;serif&quot;;\r\nmso-fareast-font-family:&quot;Times New Roman&quot;;mso-fareast-language:EN-IN\">7.<span style=\"font-variant-numeric: normal; font-variant-east-asian: normal; font-stretch: normal; font-size: 7pt; line-height: normal; font-family: &quot;Times New Roman&quot;;\">&nbsp;&nbsp;&nbsp;&nbsp;&nbsp;\r\n</span></span><span style=\"font-family:&quot;Times New Roman&quot;,&quot;serif&quot;;\r\nmso-fareast-font-family:&quot;Times New Roman&quot;;mso-fareast-language:EN-IN\">Involvement\r\nin all the review of test run (performance test) procedures and the system\r\noperating procedures preparation by Project Process Leaders.</span></li><li style=\"text-indent: -0.25in; line-height: 12pt; background-image: initial; background-position: initial; background-size: initial; background-repeat: initial; background-attachment: initial; background-origin: initial; background-clip: initial;\"><span style=\"font-family:&quot;Times New Roman&quot;,&quot;serif&quot;;\r\nmso-fareast-font-family:&quot;Times New Roman&quot;;mso-fareast-language:EN-IN\">8.<span style=\"font-variant-numeric: normal; font-variant-east-asian: normal; font-stretch: normal; font-size: 7pt; line-height: normal; font-family: &quot;Times New Roman&quot;;\">&nbsp;&nbsp;&nbsp;&nbsp;&nbsp;\r\n</span></span><span style=\"font-family:&quot;Times New Roman&quot;,&quot;serif&quot;;\r\nmso-fareast-font-family:&quot;Times New Roman&quot;;mso-fareast-language:EN-IN\">Management\r\nof execution of commissioning to achieve maximum productivity, minimize cost\r\nand achieve smooth hand over.</span></li><li style=\"text-indent: -0.25in; line-height: 12pt; background-image: initial; background-position: initial; background-size: initial; background-repeat: initial; background-attachment: initial; background-origin: initial; background-clip: initial;\"><span style=\"font-family:&quot;Times New Roman&quot;,&quot;serif&quot;;\r\nmso-fareast-font-family:&quot;Times New Roman&quot;;mso-fareast-language:EN-IN\">9.<span style=\"font-variant-numeric: normal; font-variant-east-asian: normal; font-stretch: normal; font-size: 7pt; line-height: normal; font-family: &quot;Times New Roman&quot;;\">&nbsp;&nbsp;&nbsp;&nbsp;&nbsp;\r\n</span></span><span style=\"font-family:&quot;Times New Roman&quot;,&quot;serif&quot;;\r\nmso-fareast-font-family:&quot;Times New Roman&quot;;mso-fareast-language:EN-IN\">Reviewing\r\nrisk assessments and method statements for task/work scope.</span></li><li style=\"text-align: justify; text-indent: -0.25in; line-height: 12pt; background-image: initial; background-position: initial; background-size: initial; background-repeat: initial; background-attachment: initial; background-origin: initial; background-clip: initial;\"><span style=\"font-family:&quot;Times New Roman&quot;,&quot;serif&quot;;mso-fareast-font-family:&quot;Times New Roman&quot;;\r\nmso-fareast-language:EN-IN\">10.<span style=\"font-variant-numeric: normal; font-variant-east-asian: normal; font-stretch: normal; font-size: 7pt; line-height: normal; font-family: &quot;Times New Roman&quot;;\">&nbsp; </span></span><span style=\"font-family:&quot;Times New Roman&quot;,&quot;serif&quot;;mso-fareast-font-family:&quot;Times New Roman&quot;;\r\nmso-fareast-language:EN-IN\">Ensuring ongoing housekeeping of the work site.\r\nEnsuring site environment cleanliness is, tidiness in a safe manner to\r\nhand-over the operations on work completion. <br></span></li></ul>', '', 1598979781, 2, -1),
(19, 4, 0, 0, '', '', '<p class=\"MsoNormal\" style=\"margin: 0in 0in 0.0001pt 18.75pt; line-height: normal; background-image: initial; background-position: initial; background-size: initial; background-repeat: initial; background-attachment: initial; background-origin: initial; background-clip: initial;\" align=\"left\">Industrial and Thermal Power Plants are the backbone of any industry. The main aim is uninterrupted Power / Steam generation with minimum auxiliary power consumption.</p><p class=\"MsoNormal\" style=\"margin: 0in 0in 0.0001pt 18.75pt; line-height: normal; background-image: initial; background-position: initial; background-size: initial; background-repeat: initial; background-attachment: initial; background-origin: initial; background-clip: initial;\" align=\"left\"><br></p><p class=\"MsoNormal\" style=\"margin: 0in 0in 0.0001pt 18.75pt; line-height: normal; background-image: initial; background-position: initial; background-size: initial; background-repeat: initial; background-attachment: initial; background-origin: initial; background-clip: initial;\" align=\"left\">In the Present scenario, energy conservation &amp; energy security are the serious concern for all industries. To enrich the sustainable development, the industries has to take energy efficiency measures in this arms for reducing energy bills, increase profit by competitiveness, reduce energy imports and conservation of limited sources.<br></p><p class=\"MsoNormal\" style=\"margin: 0in 0in 0.0001pt 18.75pt; line-height: normal; background-image: initial; background-position: initial; background-size: initial; background-repeat: initial; background-attachment: initial; background-origin: initial; background-clip: initial;\"><br></p><p class=\"MsoNormal\" style=\"margin: 0in 0in 0.0001pt 18.75pt; line-height: normal; background-image: initial; background-position: initial; background-size: initial; background-repeat: initial; background-attachment: initial; background-origin: initial; background-clip: initial;\"><br></p><br><p class=\"MsoNormal\" style=\"margin: 0in 0in 0.0001pt 21.3pt; line-height: normal; background-image: initial; background-position: initial; background-size: initial; background-repeat: initial; background-attachment: initial; background-origin: initial; background-clip: initial;\">&nbsp;</p>', '', 1598980221, 2, -1),
(20, 1, 0, 0, '', '', '<p style=\"text-align: center; \"><b><u style=\"background-color: rgb(247, 247, 247);\">THIS PAGE WILL BE UPDATED SOON</u></b></p>', '', 1599301907, 2, -1),
(21, 4, 0, 0, '', '', '<p style=\"text-align: left;\"><span style=\"box-sizing: inherit; font-weight: 700; color: rgb(34, 34, 34); font-family: &quot;Arial Rounded MT Bold&quot;; font-size: 15px; text-align: center;\"><u style=\"box-sizing: inherit; background-color: rgb(247, 247, 247);\">THIS PAGE WILL BE UPDATED SOON</u></span><br></p>', '', 1599305697, 2, -1),
(22, 2, 0, 0, '', '', '<p><span style=\"box-sizing: inherit; font-weight: 700; color: rgb(34, 34, 34); font-family: &quot;Arial Rounded MT Bold&quot;; font-size: 15px; text-align: center;\"><u style=\"box-sizing: inherit; background-color: rgb(247, 247, 247);\">THIS PAGE WILL BE UPDATED SOON</u></span><br></p>', '', 1599305706, 2, -1),
(23, 1, 0, 0, '', '', '<p><span style=\"box-sizing: inherit; font-weight: 700; color: rgb(34, 34, 34); font-family: &quot;Arial Rounded MT Bold&quot;; font-size: 15px; text-align: center;\"><u style=\"box-sizing: inherit; background-color: rgb(247, 247, 247);\">THIS PAGE WILL BE UPDATED SOON</u></span><br></p>', '', 1599305713, 2, -1),
(24, 13, 0, 0, '', '', '<p><span style=\"box-sizing: inherit; font-weight: 700; color: rgb(34, 34, 34); font-family: &quot;Arial Rounded MT Bold&quot;; font-size: 15px; text-align: center;\"><u style=\"box-sizing: inherit; background-color: rgb(247, 247, 247);\">THIS PAGE WILL BE UPDATED SOON</u></span><br></p>', '', 1599305748, 2, 1),
(25, 13, 6, 0, '', '', '<p>1</p>', '', 1599310527, 2, -1),
(26, 13, 7, 0, '', '', '<p>2</p>', '', 1599310555, 2, -1),
(27, 13, 6, 0, '', '', '<p>AFBC Boiler operation startup with regarding supervision for fuel firing and char coal loading&nbsp;</p>', '', 1599311400, 2, -1),
(28, 1, 0, 0, '', '', '<p class=\"MsoNormal\" style=\"margin-bottom:0cm;margin-bottom:.0001pt;line-height:\r\nnormal;tab-stops:21.3pt;vertical-align:middle\"><span style=\"font-size: 10pt; font-family: &quot;Arial Rounded MT Bold&quot;, sans-serif;\">Comprehensive\r\nO &amp; M services by providing experienced, committed and qualified man power\r\nto ensure the<o:p></o:p></span></p><p class=\"MsoNormal\" style=\"margin-bottom:0cm;margin-bottom:.0001pt;line-height:\r\nnormal;tab-stops:21.3pt;vertical-align:middle\"><span style=\"font-size: 10pt; font-family: &quot;Arial Rounded MT Bold&quot;, sans-serif;\"><o:p>&nbsp;</o:p></span></p><p class=\"MsoListParagraphCxSpFirst\" style=\"margin-bottom:0cm;margin-bottom:.0001pt;\r\nmso-add-space:auto;text-indent:-18.0pt;line-height:normal;mso-list:l0 level1 lfo1;\r\nvertical-align:middle\"><!--[if !supportLists]--><span style=\"font-size: 10pt; font-family: Symbol;\">·<span style=\"font-variant-numeric: normal; font-variant-east-asian: normal; font-stretch: normal; font-size: 7pt; line-height: normal; font-family: &quot;Times New Roman&quot;;\">&nbsp;&nbsp;&nbsp;&nbsp;&nbsp;&nbsp;&nbsp;&nbsp;\r\n</span></span><!--[endif]--><span style=\"font-size: 10pt; font-family: &quot;Arial Rounded MT Bold&quot;, sans-serif;\">Plant availability<o:p></o:p></span></p><p class=\"MsoListParagraphCxSpMiddle\" style=\"margin-bottom:0cm;margin-bottom:\r\n.0001pt;mso-add-space:auto;text-indent:-18.0pt;line-height:normal;mso-list:\r\nl0 level1 lfo1;vertical-align:middle\"><!--[if !supportLists]--><span style=\"font-size: 10pt; font-family: Symbol;\">·<span style=\"font-variant-numeric: normal; font-variant-east-asian: normal; font-stretch: normal; font-size: 7pt; line-height: normal; font-family: &quot;Times New Roman&quot;;\">&nbsp;&nbsp;&nbsp;&nbsp;&nbsp;&nbsp;&nbsp;&nbsp;\r\n</span></span><!--[endif]--><span style=\"font-size: 10pt; font-family: &quot;Arial Rounded MT Bold&quot;, sans-serif;\">Plant load factor<o:p></o:p></span></p><p class=\"MsoListParagraphCxSpMiddle\" style=\"margin-bottom:0cm;margin-bottom:\r\n.0001pt;mso-add-space:auto;text-indent:-18.0pt;line-height:normal;mso-list:\r\nl0 level1 lfo1;vertical-align:middle\"><!--[if !supportLists]--><span style=\"font-size: 10pt; font-family: Symbol;\">·<span style=\"font-variant-numeric: normal; font-variant-east-asian: normal; font-stretch: normal; font-size: 7pt; line-height: normal; font-family: &quot;Times New Roman&quot;;\">&nbsp;&nbsp;&nbsp;&nbsp;&nbsp;&nbsp;&nbsp;&nbsp;\r\n</span></span><!--[endif]--><span style=\"font-size: 10pt; font-family: &quot;Arial Rounded MT Bold&quot;, sans-serif;\">Plant Heat Rate<o:p></o:p></span></p><p class=\"MsoListParagraphCxSpMiddle\" style=\"margin-bottom:0cm;margin-bottom:\r\n.0001pt;mso-add-space:auto;text-indent:-18.0pt;line-height:normal;mso-list:\r\nl0 level1 lfo1;vertical-align:middle\"><!--[if !supportLists]--><span style=\"font-size: 10pt; font-family: Symbol;\">·<span style=\"font-variant-numeric: normal; font-variant-east-asian: normal; font-stretch: normal; font-size: 7pt; line-height: normal; font-family: &quot;Times New Roman&quot;;\">&nbsp;&nbsp;&nbsp;&nbsp;&nbsp;&nbsp;&nbsp;&nbsp;\r\n</span></span><!--[endif]--><span style=\"font-size: 10pt; font-family: &quot;Arial Rounded MT Bold&quot;, sans-serif;\">Auxiliary power consumption<o:p></o:p></span></p><p class=\"MsoListParagraphCxSpLast\" style=\"margin-bottom:0cm;margin-bottom:.0001pt;\r\nmso-add-space:auto;line-height:normal;vertical-align:middle\"><span style=\"font-size: 10pt; font-family: &quot;Arial Rounded MT Bold&quot;, sans-serif;\"><o:p>&nbsp;</o:p></span></p><p class=\"MsoNormal\" style=\"margin-bottom:0cm;margin-bottom:.0001pt;line-height:\r\nnormal;vertical-align:middle\"><span style=\"font-size:10.0pt;font-family:&quot;Arial Rounded MT Bold&quot;,&quot;sans-serif&quot;;\r\nmso-fareast-font-family:&quot;Times New Roman&quot;;mso-bidi-font-family:Arial;\r\ncolor:#2E2E32;mso-fareast-language:EN-IN\">Provide add on Services such as<o:p></o:p></span></p><p class=\"MsoNormal\" style=\"margin-bottom:0cm;margin-bottom:.0001pt;line-height:\r\nnormal;vertical-align:middle\"><span style=\"font-size:10.0pt;font-family:&quot;Arial Rounded MT Bold&quot;,&quot;sans-serif&quot;;\r\nmso-fareast-font-family:&quot;Times New Roman&quot;;mso-bidi-font-family:Arial;\r\ncolor:#2E2E32;mso-fareast-language:EN-IN\"><o:p>&nbsp;</o:p></span></p><p class=\"MsoListParagraphCxSpFirst\" style=\"margin-bottom:0cm;margin-bottom:.0001pt;\r\nmso-add-space:auto;text-indent:-18.0pt;line-height:normal;mso-list:l1 level1 lfo2;\r\nvertical-align:middle\"><!--[if !supportLists]--><span style=\"font-size:10.0pt;\r\nfont-family:Symbol;mso-fareast-font-family:Symbol;mso-bidi-font-family:Symbol;\r\ncolor:#2E2E32;mso-fareast-language:EN-IN\">·<span style=\"font-variant-numeric: normal; font-variant-east-asian: normal; font-stretch: normal; font-size: 7pt; line-height: normal; font-family: &quot;Times New Roman&quot;;\">&nbsp;&nbsp;&nbsp;&nbsp;&nbsp;&nbsp;&nbsp;&nbsp;\r\n</span></span><!--[endif]--><span style=\"font-size:10.0pt;font-family:&quot;Arial Rounded MT Bold&quot;,&quot;sans-serif&quot;;\r\nmso-fareast-font-family:&quot;Times New Roman&quot;;mso-bidi-font-family:Arial;\r\ncolor:#2E2E32;mso-fareast-language:EN-IN\">MIS preparation &amp; reporting on\r\nregular basis<o:p></o:p></span></p><p class=\"MsoListParagraphCxSpMiddle\" style=\"margin-bottom:0cm;margin-bottom:\r\n.0001pt;mso-add-space:auto;text-indent:-18.0pt;line-height:normal;mso-list:\r\nl1 level1 lfo2;vertical-align:middle\"><!--[if !supportLists]--><span style=\"font-size:10.0pt;font-family:Symbol;mso-fareast-font-family:Symbol;\r\nmso-bidi-font-family:Symbol;color:#2E2E32;mso-fareast-language:EN-IN\">·<span style=\"font-variant-numeric: normal; font-variant-east-asian: normal; font-stretch: normal; font-size: 7pt; line-height: normal; font-family: &quot;Times New Roman&quot;;\">&nbsp;&nbsp;&nbsp;&nbsp;&nbsp;&nbsp;&nbsp;&nbsp;\r\n</span></span><!--[endif]--><span style=\"font-size:10.0pt;font-family:&quot;Arial Rounded MT Bold&quot;,&quot;sans-serif&quot;;\r\nmso-fareast-font-family:&quot;Times New Roman&quot;;mso-bidi-font-family:Arial;\r\ncolor:#2E2E32;mso-fareast-language:EN-IN\">Fuel management<o:p></o:p></span></p><p class=\"MsoListParagraphCxSpMiddle\" style=\"margin-bottom:0cm;margin-bottom:\r\n.0001pt;mso-add-space:auto;text-indent:-18.0pt;line-height:normal;mso-list:\r\nl1 level1 lfo2;vertical-align:middle\"><!--[if !supportLists]--><span style=\"font-size:10.0pt;font-family:Symbol;mso-fareast-font-family:Symbol;\r\nmso-bidi-font-family:Symbol;color:#2E2E32;mso-fareast-language:EN-IN\">·<span style=\"font-variant-numeric: normal; font-variant-east-asian: normal; font-stretch: normal; font-size: 7pt; line-height: normal; font-family: &quot;Times New Roman&quot;;\">&nbsp;&nbsp;&nbsp;&nbsp;&nbsp;&nbsp;&nbsp;&nbsp;\r\n</span></span><!--[endif]--><span style=\"font-size:10.0pt;font-family:&quot;Arial Rounded MT Bold&quot;,&quot;sans-serif&quot;;\r\nmso-fareast-font-family:&quot;Times New Roman&quot;;mso-bidi-font-family:Arial;\r\ncolor:#2E2E32;mso-fareast-language:EN-IN\">Ash management<o:p></o:p></span></p><p class=\"MsoListParagraphCxSpMiddle\" style=\"margin-bottom:0cm;margin-bottom:\r\n.0001pt;mso-add-space:auto;text-indent:-18.0pt;line-height:normal;mso-list:\r\nl1 level1 lfo2;vertical-align:middle\"><!--[if !supportLists]--><span style=\"font-size:10.0pt;font-family:Symbol;mso-fareast-font-family:Symbol;\r\nmso-bidi-font-family:Symbol;color:#2E2E32;mso-fareast-language:EN-IN\">·<span style=\"font-variant-numeric: normal; font-variant-east-asian: normal; font-stretch: normal; font-size: 7pt; line-height: normal; font-family: &quot;Times New Roman&quot;;\">&nbsp;&nbsp;&nbsp;&nbsp;&nbsp;&nbsp;&nbsp;&nbsp;\r\n</span></span><!--[endif]--><span style=\"font-size:10.0pt;font-family:&quot;Arial Rounded MT Bold&quot;,&quot;sans-serif&quot;;\r\nmso-fareast-font-family:&quot;Times New Roman&quot;;mso-bidi-font-family:Arial;\r\ncolor:#2E2E32;mso-fareast-language:EN-IN\">Water management<o:p></o:p></span></p><p class=\"MsoListParagraphCxSpMiddle\" style=\"margin-bottom:0cm;margin-bottom:\r\n.0001pt;mso-add-space:auto;text-indent:-18.0pt;line-height:normal;mso-list:\r\nl1 level1 lfo2;vertical-align:middle\"><!--[if !supportLists]--><span style=\"font-size:10.0pt;font-family:Symbol;mso-fareast-font-family:Symbol;\r\nmso-bidi-font-family:Symbol;color:#2E2E32;mso-fareast-language:EN-IN\">·<span style=\"font-variant-numeric: normal; font-variant-east-asian: normal; font-stretch: normal; font-size: 7pt; line-height: normal; font-family: &quot;Times New Roman&quot;;\">&nbsp;&nbsp;&nbsp;&nbsp;&nbsp;&nbsp;&nbsp;&nbsp;\r\n</span></span><!--[endif]--><span style=\"font-size:10.0pt;font-family:&quot;Arial Rounded MT Bold&quot;,&quot;sans-serif&quot;;\r\nmso-fareast-font-family:&quot;Times New Roman&quot;;mso-bidi-font-family:Arial;\r\ncolor:#2E2E32;mso-fareast-language:EN-IN\">Optimization of fuel mix and fuel\r\nconsumption<o:p></o:p></span></p><p class=\"MsoListParagraphCxSpMiddle\" style=\"margin-bottom:0cm;margin-bottom:\r\n.0001pt;mso-add-space:auto;text-indent:-18.0pt;line-height:normal;mso-list:\r\nl1 level1 lfo2;vertical-align:middle\"><!--[if !supportLists]--><span style=\"font-size:10.0pt;font-family:Symbol;mso-fareast-font-family:Symbol;\r\nmso-bidi-font-family:Symbol;color:#2E2E32;mso-fareast-language:EN-IN\">·<span style=\"font-variant-numeric: normal; font-variant-east-asian: normal; font-stretch: normal; font-size: 7pt; line-height: normal; font-family: &quot;Times New Roman&quot;;\">&nbsp;&nbsp;&nbsp;&nbsp;&nbsp;&nbsp;&nbsp;&nbsp;\r\n</span></span><!--[endif]--><span style=\"font-size:10.0pt;font-family:&quot;Arial Rounded MT Bold&quot;,&quot;sans-serif&quot;;\r\nmso-fareast-font-family:&quot;Times New Roman&quot;;mso-bidi-font-family:Arial;\r\ncolor:#2E2E32;mso-fareast-language:EN-IN\">Optimization of makeup water\r\nconsumption<o:p></o:p></span></p><p class=\"MsoListParagraphCxSpMiddle\" style=\"margin-bottom:0cm;margin-bottom:\r\n.0001pt;mso-add-space:auto;text-indent:-18.0pt;line-height:normal;mso-list:\r\nl1 level1 lfo2;vertical-align:middle\"><!--[if !supportLists]--><span style=\"font-size:10.0pt;font-family:Symbol;mso-fareast-font-family:Symbol;\r\nmso-bidi-font-family:Symbol;color:#2E2E32;mso-fareast-language:EN-IN\">·<span style=\"font-variant-numeric: normal; font-variant-east-asian: normal; font-stretch: normal; font-size: 7pt; line-height: normal; font-family: &quot;Times New Roman&quot;;\">&nbsp;&nbsp;&nbsp;&nbsp;&nbsp;&nbsp;&nbsp;&nbsp;\r\n</span></span><!--[endif]--><span style=\"font-size:10.0pt;font-family:&quot;Arial Rounded MT Bold&quot;,&quot;sans-serif&quot;;\r\nmso-fareast-font-family:&quot;Times New Roman&quot;;mso-bidi-font-family:Arial;\r\ncolor:#2E2E32;mso-fareast-language:EN-IN\">Optimization of raw water, chemicals\r\nand consumables consumption<o:p></o:p></span></p><p class=\"MsoListParagraphCxSpMiddle\" style=\"margin-bottom:0cm;margin-bottom:\r\n.0001pt;mso-add-space:auto;text-indent:-18.0pt;line-height:normal;mso-list:\r\nl1 level1 lfo2;vertical-align:middle\"><!--[if !supportLists]--><span style=\"font-size:10.0pt;font-family:Symbol;mso-fareast-font-family:Symbol;\r\nmso-bidi-font-family:Symbol;color:#2E2E32;mso-fareast-language:EN-IN\">·<span style=\"font-variant-numeric: normal; font-variant-east-asian: normal; font-stretch: normal; font-size: 7pt; line-height: normal; font-family: &quot;Times New Roman&quot;;\">&nbsp;&nbsp;&nbsp;&nbsp;&nbsp;&nbsp;&nbsp;&nbsp;\r\n</span></span><!--[endif]--><span style=\"font-size:10.0pt;font-family:&quot;Arial Rounded MT Bold&quot;,&quot;sans-serif&quot;;\r\nmso-fareast-font-family:&quot;Times New Roman&quot;;mso-bidi-font-family:Arial;\r\ncolor:#2E2E32;mso-fareast-language:EN-IN\">Optimization of O&amp;M spares\r\nconsumption<o:p></o:p></span></p><p class=\"MsoListParagraphCxSpMiddle\" style=\"margin-bottom:0cm;margin-bottom:\r\n.0001pt;mso-add-space:auto;text-indent:-18.0pt;line-height:normal;mso-list:\r\nl1 level1 lfo2;vertical-align:middle\"><!--[if !supportLists]--><span style=\"font-size:10.0pt;font-family:Symbol;mso-fareast-font-family:Symbol;\r\nmso-bidi-font-family:Symbol;color:#2E2E32;mso-fareast-language:EN-IN\">·<span style=\"font-variant-numeric: normal; font-variant-east-asian: normal; font-stretch: normal; font-size: 7pt; line-height: normal; font-family: &quot;Times New Roman&quot;;\">&nbsp;&nbsp;&nbsp;&nbsp;&nbsp;&nbsp;&nbsp;&nbsp;\r\n</span></span><!--[endif]--><span style=\"font-size:10.0pt;font-family:&quot;Arial Rounded MT Bold&quot;,&quot;sans-serif&quot;;\r\nmso-fareast-font-family:&quot;Times New Roman&quot;;mso-bidi-font-family:Arial;\r\ncolor:#2E2E32;mso-fareast-language:EN-IN\">Breakdown and failure analysis<o:p></o:p></span></p><p class=\"MsoListParagraphCxSpLast\" style=\"margin-bottom:0cm;margin-bottom:.0001pt;\r\nmso-add-space:auto;line-height:normal;vertical-align:middle\"><span style=\"font-size:10.0pt;font-family:&quot;Arial Rounded MT Bold&quot;,&quot;sans-serif&quot;;\r\nmso-fareast-font-family:&quot;Times New Roman&quot;;mso-bidi-font-family:Arial;\r\ncolor:#2E2E32;mso-fareast-language:EN-IN\"><o:p>&nbsp;</o:p></span></p><p class=\"MsoNormal\" style=\"margin-bottom:0cm;margin-bottom:.0001pt;line-height:\r\nnormal;vertical-align:middle\"><span style=\"font-size:10.0pt;font-family:&quot;Arial Rounded MT Bold&quot;,&quot;sans-serif&quot;;\r\nmso-fareast-font-family:&quot;Times New Roman&quot;;mso-bidi-font-family:Arial;\r\ncolor:#2E2E32;mso-fareast-language:EN-IN\">Inventory management for consumables,\r\nWear and Tear spares and capital spares<o:p></o:p></span></p><p class=\"MsoNormal\" style=\"margin-bottom:0cm;margin-bottom:.0001pt;line-height:\r\nnormal;vertical-align:middle\"><span style=\"font-size:10.0pt;font-family:&quot;Arial Rounded MT Bold&quot;,&quot;sans-serif&quot;;\r\nmso-fareast-font-family:&quot;Times New Roman&quot;;mso-bidi-font-family:Arial;\r\ncolor:#2E2E32;mso-fareast-language:EN-IN\">Safety audits<o:p></o:p></span></p><p class=\"MsoNormal\" style=\"margin-bottom:0cm;margin-bottom:.0001pt;line-height:\r\nnormal;vertical-align:middle\"><span style=\"font-size:10.0pt;font-family:&quot;Arial Rounded MT Bold&quot;,&quot;sans-serif&quot;;\r\nmso-fareast-font-family:&quot;Times New Roman&quot;;mso-bidi-font-family:Arial;\r\ncolor:#2E2E32;mso-fareast-language:EN-IN\">Extend technical support for all\r\nstatutory permits and clearance<o:p></o:p></span></p><p class=\"MsoNormal\" style=\"margin-bottom:0cm;margin-bottom:.0001pt;line-height:\r\nnormal;vertical-align:middle\"><span style=\"font-size:10.0pt;font-family:&quot;Arial Rounded MT Bold&quot;,&quot;sans-serif&quot;;\r\nmso-fareast-font-family:&quot;Times New Roman&quot;;mso-bidi-font-family:Arial;\r\ncolor:#2E2E32;mso-fareast-language:EN-IN\">Condition monitoring of all rotating\r\nequipments with reputed third party<o:p></o:p></span></p><p class=\"MsoNormal\" style=\"margin-bottom:0cm;margin-bottom:.0001pt;line-height:\r\nnormal;vertical-align:middle\"><span style=\"font-size:10.0pt;font-family:&quot;Arial Rounded MT Bold&quot;,&quot;sans-serif&quot;;\r\nmso-fareast-font-family:&quot;Times New Roman&quot;;mso-bidi-font-family:Arial;\r\ncolor:#2E2E32;mso-fareast-language:EN-IN\">Boiler overhauling and IBR\r\ncertificate renewal<o:p></o:p></span></p><p class=\"MsoNormal\" style=\"margin-bottom:0cm;margin-bottom:.0001pt;line-height:\r\nnormal;vertical-align:middle\"><span style=\"font-size:10.0pt;font-family:&quot;Arial Rounded MT Bold&quot;,&quot;sans-serif&quot;;\r\nmso-fareast-font-family:&quot;Times New Roman&quot;;mso-bidi-font-family:Arial;\r\ncolor:#2E2E32;mso-fareast-language:EN-IN\">AMC contract with OEM for certain\r\ncritical equipments<o:p></o:p></span></p><p class=\"MsoNormal\" style=\"margin-bottom:0cm;margin-bottom:.0001pt;line-height:\r\nnormal;tab-stops:21.3pt;vertical-align:middle\">\r\n\r\n\r\n\r\n\r\n\r\n\r\n\r\n\r\n\r\n\r\n\r\n\r\n\r\n\r\n\r\n\r\n\r\n\r\n\r\n\r\n\r\n\r\n\r\n\r\n\r\n\r\n\r\n\r\n\r\n\r\n\r\n\r\n\r\n\r\n\r\n\r\n\r\n\r\n\r\n\r\n\r\n\r\n\r\n\r\n\r\n\r\n\r\n\r\n\r\n</p><p class=\"MsoNormal\"><span style=\"font-size:10.0pt;line-height:107%;font-family:\r\n&quot;Arial Rounded MT Bold&quot;,&quot;sans-serif&quot;\"><o:p>&nbsp;</o:p></span></p>', '', 1599741136, 2, -1);
INSERT INTO `services_list` (`srv_id`, `srcat_id`, `srsbcat_id`, `styp_id`, `name`, `srt_descr`, `descr`, `thumb_img`, `crt_stm`, `crt_by`, `status`) VALUES
(29, 1, 0, 0, '', '', '<p class=\"MsoNormal\" style=\"margin-bottom:0cm;margin-bottom:.0001pt;line-height:\r\nnormal;tab-stops:21.3pt;vertical-align:middle\"><span style=\"font-size: 10pt; font-family: &quot;Arial Rounded MT Bold&quot;, sans-serif;\">Comprehensive\r\nO &amp; M services by providing experienced, committed and qualified man power\r\nto ensure the<o:p></o:p></span></p><p class=\"MsoNormal\" style=\"margin-bottom:0cm;margin-bottom:.0001pt;line-height:\r\nnormal;tab-stops:21.3pt;vertical-align:middle\"><span style=\"font-size: 10pt; font-family: &quot;Arial Rounded MT Bold&quot;, sans-serif;\"><o:p>&nbsp;</o:p></span></p><p class=\"MsoListParagraphCxSpFirst\" style=\"margin-top:0cm;margin-right:0cm;\r\nmargin-bottom:0cm;margin-left:35.45pt;margin-bottom:.0001pt;mso-add-space:auto;\r\ntext-indent:-21.25pt;line-height:normal;mso-list:l0 level1 lfo1;vertical-align:\r\nmiddle\"><!--[if !supportLists]--><span style=\"font-size: 10pt; font-family: Wingdings;\">v<span style=\"font-variant-numeric: normal; font-variant-east-asian: normal; font-stretch: normal; font-size: 7pt; line-height: normal; font-family: &quot;Times New Roman&quot;;\">&nbsp; </span></span><!--[endif]--><span style=\"font-size: 10pt; font-family: &quot;Arial Rounded MT Bold&quot;, sans-serif;\">Plant availability<o:p></o:p></span></p><p class=\"MsoListParagraphCxSpMiddle\" style=\"margin-top:0cm;margin-right:0cm;\r\nmargin-bottom:0cm;margin-left:35.45pt;margin-bottom:.0001pt;mso-add-space:auto;\r\ntext-indent:-21.25pt;line-height:normal;mso-list:l0 level1 lfo1;vertical-align:\r\nmiddle\"><!--[if !supportLists]--><span style=\"font-size: 10pt; font-family: Wingdings;\">v<span style=\"font-variant-numeric: normal; font-variant-east-asian: normal; font-stretch: normal; font-size: 7pt; line-height: normal; font-family: &quot;Times New Roman&quot;;\">&nbsp; </span></span><!--[endif]--><span style=\"font-size: 10pt; font-family: &quot;Arial Rounded MT Bold&quot;, sans-serif;\">Plant load factor<o:p></o:p></span></p><p class=\"MsoListParagraphCxSpMiddle\" style=\"margin-top:0cm;margin-right:0cm;\r\nmargin-bottom:0cm;margin-left:35.45pt;margin-bottom:.0001pt;mso-add-space:auto;\r\ntext-indent:-21.25pt;line-height:normal;mso-list:l0 level1 lfo1;vertical-align:\r\nmiddle\"><!--[if !supportLists]--><span style=\"font-size: 10pt; font-family: Wingdings;\">v<span style=\"font-variant-numeric: normal; font-variant-east-asian: normal; font-stretch: normal; font-size: 7pt; line-height: normal; font-family: &quot;Times New Roman&quot;;\">&nbsp; </span></span><!--[endif]--><span style=\"font-size: 10pt; font-family: &quot;Arial Rounded MT Bold&quot;, sans-serif;\">Plant Heat Rate<o:p></o:p></span></p><p class=\"MsoListParagraphCxSpMiddle\" style=\"margin-top:0cm;margin-right:0cm;\r\nmargin-bottom:0cm;margin-left:35.45pt;margin-bottom:.0001pt;mso-add-space:auto;\r\ntext-indent:-21.25pt;line-height:normal;mso-list:l0 level1 lfo1;vertical-align:\r\nmiddle\"><!--[if !supportLists]--><span style=\"font-size: 10pt; font-family: Wingdings;\">v<span style=\"font-variant-numeric: normal; font-variant-east-asian: normal; font-stretch: normal; font-size: 7pt; line-height: normal; font-family: &quot;Times New Roman&quot;;\">&nbsp; </span></span><!--[endif]--><span style=\"font-size: 10pt; font-family: &quot;Arial Rounded MT Bold&quot;, sans-serif;\">Auxiliary power consumption<o:p></o:p></span></p><p class=\"MsoListParagraphCxSpLast\" style=\"margin-bottom:0cm;margin-bottom:.0001pt;\r\nmso-add-space:auto;line-height:normal;vertical-align:middle\"><span style=\"font-size: 10pt; font-family: &quot;Arial Rounded MT Bold&quot;, sans-serif;\"><o:p>&nbsp;</o:p></span></p><p class=\"MsoNormal\" style=\"margin-bottom:0cm;margin-bottom:.0001pt;line-height:\r\nnormal;vertical-align:middle\"><span style=\"font-size:10.0pt;font-family:&quot;Arial Rounded MT Bold&quot;,&quot;sans-serif&quot;;\r\nmso-fareast-font-family:&quot;Times New Roman&quot;;mso-bidi-font-family:Arial;\r\ncolor:#2E2E32;mso-fareast-language:EN-IN\">Provide add on Services such as<o:p></o:p></span></p><p class=\"MsoNormal\" style=\"margin-bottom:0cm;margin-bottom:.0001pt;line-height:\r\nnormal;vertical-align:middle\"><span style=\"font-size:10.0pt;font-family:&quot;Arial Rounded MT Bold&quot;,&quot;sans-serif&quot;;\r\nmso-fareast-font-family:&quot;Times New Roman&quot;;mso-bidi-font-family:Arial;\r\ncolor:#2E2E32;mso-fareast-language:EN-IN\"><o:p>&nbsp;</o:p></span></p><p class=\"MsoListParagraphCxSpFirst\" style=\"margin-top:0cm;margin-right:0cm;\r\nmargin-bottom:0cm;margin-left:35.45pt;margin-bottom:.0001pt;mso-add-space:auto;\r\ntext-indent:-21.25pt;line-height:normal;mso-list:l0 level1 lfo1;vertical-align:\r\nmiddle\"><!--[if !supportLists]--><span style=\"font-size: 10pt; font-family: Wingdings;\">v<span style=\"font-variant-numeric: normal; font-variant-east-asian: normal; font-stretch: normal; font-size: 7pt; line-height: normal; font-family: &quot;Times New Roman&quot;;\">&nbsp; </span></span><!--[endif]--><span style=\"font-size: 10pt; font-family: &quot;Arial Rounded MT Bold&quot;, sans-serif;\">MIS preparation &amp; reporting on\r\nregular basis<o:p></o:p></span></p><p class=\"MsoListParagraphCxSpMiddle\" style=\"margin-top:0cm;margin-right:0cm;\r\nmargin-bottom:0cm;margin-left:35.45pt;margin-bottom:.0001pt;mso-add-space:auto;\r\ntext-indent:-21.25pt;line-height:normal;mso-list:l0 level1 lfo1;vertical-align:\r\nmiddle\"><!--[if !supportLists]--><span style=\"font-size: 10pt; font-family: Wingdings;\">v<span style=\"font-variant-numeric: normal; font-variant-east-asian: normal; font-stretch: normal; font-size: 7pt; line-height: normal; font-family: &quot;Times New Roman&quot;;\">&nbsp; </span></span><!--[endif]--><span style=\"font-size: 10pt; font-family: &quot;Arial Rounded MT Bold&quot;, sans-serif;\">Fuel management<o:p></o:p></span></p><p class=\"MsoListParagraphCxSpMiddle\" style=\"margin-top:0cm;margin-right:0cm;\r\nmargin-bottom:0cm;margin-left:35.45pt;margin-bottom:.0001pt;mso-add-space:auto;\r\ntext-indent:-21.25pt;line-height:normal;mso-list:l0 level1 lfo1;vertical-align:\r\nmiddle\"><!--[if !supportLists]--><span style=\"font-size: 10pt; font-family: Wingdings;\">v<span style=\"font-variant-numeric: normal; font-variant-east-asian: normal; font-stretch: normal; font-size: 7pt; line-height: normal; font-family: &quot;Times New Roman&quot;;\">&nbsp; </span></span><!--[endif]--><span style=\"font-size: 10pt; font-family: &quot;Arial Rounded MT Bold&quot;, sans-serif;\">Ash management<o:p></o:p></span></p><p class=\"MsoListParagraphCxSpMiddle\" style=\"margin-top:0cm;margin-right:0cm;\r\nmargin-bottom:0cm;margin-left:35.45pt;margin-bottom:.0001pt;mso-add-space:auto;\r\ntext-indent:-21.25pt;line-height:normal;mso-list:l0 level1 lfo1;vertical-align:\r\nmiddle\"><!--[if !supportLists]--><span style=\"font-size: 10pt; font-family: Wingdings;\">v<span style=\"font-variant-numeric: normal; font-variant-east-asian: normal; font-stretch: normal; font-size: 7pt; line-height: normal; font-family: &quot;Times New Roman&quot;;\">&nbsp; </span></span><!--[endif]--><span style=\"font-size: 10pt; font-family: &quot;Arial Rounded MT Bold&quot;, sans-serif;\">Water management<o:p></o:p></span></p><p class=\"MsoListParagraphCxSpMiddle\" style=\"margin-top:0cm;margin-right:0cm;\r\nmargin-bottom:0cm;margin-left:35.45pt;margin-bottom:.0001pt;mso-add-space:auto;\r\ntext-indent:-21.25pt;line-height:normal;mso-list:l0 level1 lfo1;vertical-align:\r\nmiddle\"><!--[if !supportLists]--><span style=\"font-size: 10pt; font-family: Wingdings;\">v<span style=\"font-variant-numeric: normal; font-variant-east-asian: normal; font-stretch: normal; font-size: 7pt; line-height: normal; font-family: &quot;Times New Roman&quot;;\">&nbsp; </span></span><!--[endif]--><span style=\"font-size: 10pt; font-family: &quot;Arial Rounded MT Bold&quot;, sans-serif;\">Optimization of fuel mix and fuel\r\nconsumption<o:p></o:p></span></p><p class=\"MsoListParagraphCxSpMiddle\" style=\"margin-top:0cm;margin-right:0cm;\r\nmargin-bottom:0cm;margin-left:35.45pt;margin-bottom:.0001pt;mso-add-space:auto;\r\ntext-indent:-21.25pt;line-height:normal;mso-list:l0 level1 lfo1;vertical-align:\r\nmiddle\"><!--[if !supportLists]--><span style=\"font-size: 10pt; font-family: Wingdings;\">v<span style=\"font-variant-numeric: normal; font-variant-east-asian: normal; font-stretch: normal; font-size: 7pt; line-height: normal; font-family: &quot;Times New Roman&quot;;\">&nbsp; </span></span><!--[endif]--><span style=\"font-size: 10pt; font-family: &quot;Arial Rounded MT Bold&quot;, sans-serif;\">Optimization of makeup water\r\nconsumption<o:p></o:p></span></p><p class=\"MsoListParagraphCxSpMiddle\" style=\"margin-top:0cm;margin-right:0cm;\r\nmargin-bottom:0cm;margin-left:35.45pt;margin-bottom:.0001pt;mso-add-space:auto;\r\ntext-indent:-21.25pt;line-height:normal;mso-list:l0 level1 lfo1;vertical-align:\r\nmiddle\"><!--[if !supportLists]--><span style=\"font-size: 10pt; font-family: Wingdings;\">v<span style=\"font-variant-numeric: normal; font-variant-east-asian: normal; font-stretch: normal; font-size: 7pt; line-height: normal; font-family: &quot;Times New Roman&quot;;\">&nbsp; </span></span><!--[endif]--><span style=\"font-size: 10pt; font-family: &quot;Arial Rounded MT Bold&quot;, sans-serif;\">Optimization of raw water, chemicals\r\nand consumables consumption<o:p></o:p></span></p><p class=\"MsoListParagraphCxSpMiddle\" style=\"margin-top:0cm;margin-right:0cm;\r\nmargin-bottom:0cm;margin-left:35.45pt;margin-bottom:.0001pt;mso-add-space:auto;\r\ntext-indent:-21.25pt;line-height:normal;mso-list:l0 level1 lfo1;vertical-align:\r\nmiddle\"><!--[if !supportLists]--><span style=\"font-size: 10pt; font-family: Wingdings;\">v<span style=\"font-variant-numeric: normal; font-variant-east-asian: normal; font-stretch: normal; font-size: 7pt; line-height: normal; font-family: &quot;Times New Roman&quot;;\">&nbsp; </span></span><!--[endif]--><span style=\"font-size: 10pt; font-family: &quot;Arial Rounded MT Bold&quot;, sans-serif;\">Optimization of O&amp;M spares\r\nconsumption<o:p></o:p></span></p><p class=\"MsoListParagraphCxSpMiddle\" style=\"margin-top:0cm;margin-right:0cm;\r\nmargin-bottom:0cm;margin-left:35.45pt;margin-bottom:.0001pt;mso-add-space:auto;\r\ntext-indent:-21.25pt;line-height:normal;mso-list:l0 level1 lfo1;vertical-align:\r\nmiddle\"><!--[if !supportLists]--><span style=\"font-size: 10pt; font-family: Wingdings;\">v<span style=\"font-variant-numeric: normal; font-variant-east-asian: normal; font-stretch: normal; font-size: 7pt; line-height: normal; font-family: &quot;Times New Roman&quot;;\">&nbsp; </span></span><!--[endif]--><span style=\"font-size: 10pt; font-family: &quot;Arial Rounded MT Bold&quot;, sans-serif;\">Breakdown and failure analysis<o:p></o:p></span></p><p class=\"MsoListParagraphCxSpLast\" style=\"margin-bottom:0cm;margin-bottom:.0001pt;\r\nmso-add-space:auto;line-height:normal;vertical-align:middle\"><span style=\"font-size:10.0pt;font-family:&quot;Arial Rounded MT Bold&quot;,&quot;sans-serif&quot;;\r\nmso-fareast-font-family:&quot;Times New Roman&quot;;mso-bidi-font-family:Arial;\r\ncolor:#2E2E32;mso-fareast-language:EN-IN\"><o:p>&nbsp;</o:p></span></p><p class=\"MsoNormal\" style=\"margin-bottom:0cm;margin-bottom:.0001pt;line-height:\r\nnormal;vertical-align:middle\"><span style=\"font-size:10.0pt;font-family:&quot;Arial Rounded MT Bold&quot;,&quot;sans-serif&quot;;\r\nmso-fareast-font-family:&quot;Times New Roman&quot;;mso-bidi-font-family:Arial;\r\ncolor:#2E2E32;mso-fareast-language:EN-IN\">Inventory management for consumables,\r\nWear and Tear spares and capital spares<o:p></o:p></span></p><p class=\"MsoNormal\" style=\"margin-bottom:0cm;margin-bottom:.0001pt;line-height:\r\nnormal;vertical-align:middle\"><span style=\"font-size:10.0pt;font-family:&quot;Arial Rounded MT Bold&quot;,&quot;sans-serif&quot;;\r\nmso-fareast-font-family:&quot;Times New Roman&quot;;mso-bidi-font-family:Arial;\r\ncolor:#2E2E32;mso-fareast-language:EN-IN\">Safety audits<o:p></o:p></span></p><p class=\"MsoNormal\" style=\"margin-bottom:0cm;margin-bottom:.0001pt;line-height:\r\nnormal;vertical-align:middle\"><span style=\"font-size:10.0pt;font-family:&quot;Arial Rounded MT Bold&quot;,&quot;sans-serif&quot;;\r\nmso-fareast-font-family:&quot;Times New Roman&quot;;mso-bidi-font-family:Arial;\r\ncolor:#2E2E32;mso-fareast-language:EN-IN\">Extend technical support for all\r\nstatutory permits and clearance<o:p></o:p></span></p><p class=\"MsoNormal\" style=\"margin-bottom:0cm;margin-bottom:.0001pt;line-height:\r\nnormal;vertical-align:middle\"><span style=\"font-size:10.0pt;font-family:&quot;Arial Rounded MT Bold&quot;,&quot;sans-serif&quot;;\r\nmso-fareast-font-family:&quot;Times New Roman&quot;;mso-bidi-font-family:Arial;\r\ncolor:#2E2E32;mso-fareast-language:EN-IN\">Condition monitoring of all rotating\r\nequipments with reputed third party<o:p></o:p></span></p><p class=\"MsoNormal\" style=\"margin-bottom:0cm;margin-bottom:.0001pt;line-height:\r\nnormal;vertical-align:middle\"><span style=\"font-size:10.0pt;font-family:&quot;Arial Rounded MT Bold&quot;,&quot;sans-serif&quot;;\r\nmso-fareast-font-family:&quot;Times New Roman&quot;;mso-bidi-font-family:Arial;\r\ncolor:#2E2E32;mso-fareast-language:EN-IN\">Boiler overhauling and IBR\r\ncertificate renewal<o:p></o:p></span></p><p class=\"MsoNormal\" style=\"margin-bottom:0cm;margin-bottom:.0001pt;line-height:\r\nnormal;vertical-align:middle\"><span style=\"font-size:10.0pt;font-family:&quot;Arial Rounded MT Bold&quot;,&quot;sans-serif&quot;;\r\nmso-fareast-font-family:&quot;Times New Roman&quot;;mso-bidi-font-family:Arial;\r\ncolor:#2E2E32;mso-fareast-language:EN-IN\">AMC contract with OEM for certain\r\ncritical equipments<o:p></o:p></span></p><p>\r\n\r\n\r\n\r\n\r\n\r\n\r\n\r\n\r\n\r\n\r\n\r\n\r\n\r\n\r\n\r\n\r\n\r\n\r\n\r\n\r\n\r\n\r\n\r\n\r\n\r\n\r\n\r\n\r\n\r\n\r\n\r\n\r\n\r\n\r\n\r\n\r\n\r\n\r\n\r\n\r\n\r\n\r\n\r\n\r\n\r\n\r\n\r\n\r\n\r\n</p><p class=\"MsoNormal\"><span style=\"font-size:10.0pt;line-height:107%;font-family:\r\n&quot;Arial Rounded MT Bold&quot;,&quot;sans-serif&quot;\"><o:p>&nbsp;</o:p></span></p>', '', 1599741236, 2, -1),
(30, 1, 0, 0, '', '', '<p class=\"MsoNormal\"><b>Comprehensive O &amp;\r\nM services by providing experienced, committed and qualified man power to\r\nensure the<o:p></o:p></b></p><p class=\"MsoListParagraphCxSpFirst\" style=\"margin-left:54.0pt;mso-add-space:\r\nauto;text-indent:-18.0pt;mso-list:l1 level1 lfo1\"><!--[if !supportLists]--><span style=\"font-family:Wingdings;mso-fareast-font-family:Wingdings;mso-bidi-font-family:\r\nWingdings\">v<span style=\"font-variant-numeric: normal; font-variant-east-asian: normal; font-stretch: normal; font-size: 7pt; line-height: normal; font-family: &quot;Times New Roman&quot;;\">&nbsp;\r\n</span></span><!--[endif]-->Plant availability<o:p></o:p></p><p class=\"MsoListParagraphCxSpMiddle\" style=\"margin-left:54.0pt;mso-add-space:\r\nauto;text-indent:-18.0pt;mso-list:l1 level1 lfo1\"><!--[if !supportLists]--><span style=\"font-family:Wingdings;mso-fareast-font-family:Wingdings;mso-bidi-font-family:\r\nWingdings\">v<span style=\"font-variant-numeric: normal; font-variant-east-asian: normal; font-stretch: normal; font-size: 7pt; line-height: normal; font-family: &quot;Times New Roman&quot;;\">&nbsp;\r\n</span></span><!--[endif]-->Plant load factor<o:p></o:p></p><p class=\"MsoListParagraphCxSpMiddle\" style=\"margin-left:54.0pt;mso-add-space:\r\nauto;text-indent:-18.0pt;mso-list:l1 level1 lfo1\"><!--[if !supportLists]--><span style=\"font-family:Wingdings;mso-fareast-font-family:Wingdings;mso-bidi-font-family:\r\nWingdings\">v<span style=\"font-variant-numeric: normal; font-variant-east-asian: normal; font-stretch: normal; font-size: 7pt; line-height: normal; font-family: &quot;Times New Roman&quot;;\">&nbsp;\r\n</span></span><!--[endif]-->Plant Heat Rate<o:p></o:p></p><p class=\"MsoListParagraphCxSpLast\" style=\"margin-left:54.0pt;mso-add-space:auto;\r\ntext-indent:-18.0pt;mso-list:l1 level1 lfo1\"><!--[if !supportLists]--><span style=\"font-family:Wingdings;mso-fareast-font-family:Wingdings;mso-bidi-font-family:\r\nWingdings\">v<span style=\"font-variant-numeric: normal; font-variant-east-asian: normal; font-stretch: normal; font-size: 7pt; line-height: normal; font-family: &quot;Times New Roman&quot;;\">&nbsp;\r\n</span></span><!--[endif]-->Auxiliary power consumption</p><p class=\"MsoListParagraphCxSpLast\" style=\"margin-left:54.0pt;mso-add-space:auto;\r\ntext-indent:-18.0pt;mso-list:l1 level1 lfo1\"><br></p><p class=\"MsoNormal\"><b>Provide add on\r\nServices such as<o:p></o:p></b></p><p class=\"MsoListParagraphCxSpFirst\" style=\"margin-left:54.0pt;mso-add-space:\r\nauto;text-indent:-18.0pt;mso-list:l0 level1 lfo2\"><!--[if !supportLists]--><span style=\"font-family:Wingdings;mso-fareast-font-family:Wingdings;mso-bidi-font-family:\r\nWingdings\">v<span style=\"font-variant-numeric: normal; font-variant-east-asian: normal; font-stretch: normal; font-size: 7pt; line-height: normal; font-family: &quot;Times New Roman&quot;;\">&nbsp;\r\n</span></span><!--[endif]-->MIS preparation &amp; reporting on regular basis<o:p></o:p></p><p class=\"MsoListParagraphCxSpMiddle\" style=\"margin-left:54.0pt;mso-add-space:\r\nauto;text-indent:-18.0pt;mso-list:l0 level1 lfo2\"><!--[if !supportLists]--><span style=\"font-family:Wingdings;mso-fareast-font-family:Wingdings;mso-bidi-font-family:\r\nWingdings\">v<span style=\"font-variant-numeric: normal; font-variant-east-asian: normal; font-stretch: normal; font-size: 7pt; line-height: normal; font-family: &quot;Times New Roman&quot;;\">&nbsp;\r\n</span></span><!--[endif]-->Fuel management<o:p></o:p></p><p class=\"MsoListParagraphCxSpMiddle\" style=\"margin-left:54.0pt;mso-add-space:\r\nauto;text-indent:-18.0pt;mso-list:l0 level1 lfo2\"><!--[if !supportLists]--><span style=\"font-family:Wingdings;mso-fareast-font-family:Wingdings;mso-bidi-font-family:\r\nWingdings\">v<span style=\"font-variant-numeric: normal; font-variant-east-asian: normal; font-stretch: normal; font-size: 7pt; line-height: normal; font-family: &quot;Times New Roman&quot;;\">&nbsp;\r\n</span></span><!--[endif]-->Ash management<o:p></o:p></p><p class=\"MsoListParagraphCxSpMiddle\" style=\"margin-left:54.0pt;mso-add-space:\r\nauto;text-indent:-18.0pt;mso-list:l0 level1 lfo2\"><!--[if !supportLists]--><span style=\"font-family:Wingdings;mso-fareast-font-family:Wingdings;mso-bidi-font-family:\r\nWingdings\">v<span style=\"font-variant-numeric: normal; font-variant-east-asian: normal; font-stretch: normal; font-size: 7pt; line-height: normal; font-family: &quot;Times New Roman&quot;;\">&nbsp;\r\n</span></span><!--[endif]-->Water management<o:p></o:p></p><p class=\"MsoListParagraphCxSpMiddle\" style=\"margin-left:54.0pt;mso-add-space:\r\nauto;text-indent:-18.0pt;mso-list:l0 level1 lfo2\"><!--[if !supportLists]--><span style=\"font-family:Wingdings;mso-fareast-font-family:Wingdings;mso-bidi-font-family:\r\nWingdings\">v<span style=\"font-variant-numeric: normal; font-variant-east-asian: normal; font-stretch: normal; font-size: 7pt; line-height: normal; font-family: &quot;Times New Roman&quot;;\">&nbsp;\r\n</span></span><!--[endif]-->Performance, Productivity analysis report</p><p class=\"MsoListParagraphCxSpMiddle\" style=\"margin-left:54.0pt;mso-add-space:\r\nauto;text-indent:-18.0pt;mso-list:l0 level1 lfo2\">&nbsp;</p><p class=\"MsoNormal\"><b>Why SPEL for O &amp;\r\nM:</b></p><p class=\"MsoNormal\">SPEL\r\noffers a complete range of Operations &amp; Maintenance (O&amp;M) services to\r\nIndustrial and Thermal power plants.&nbsp;\r\nSPEL having rich experience in setting up complete O&amp;M activities to\r\nensure safe and efficient operations and capable of managing both planned and\r\nunplanned maintenance activities of total plant.</p><p class=\"MsoListParagraphCxSpFirst\" style=\"margin-left:14.2pt;mso-add-space:\r\nauto;text-indent:-7.1pt;mso-list:l2 level1 lfo3\"><span style=\"font-family:Symbol;mso-fareast-font-family:Symbol;mso-bidi-font-family:\r\nSymbol\">·<span style=\"font-variant-numeric: normal; font-variant-east-asian: normal; font-stretch: normal; font-size: 7pt; line-height: normal; font-family: &quot;Times New Roman&quot;;\">\r\n</span></span><!--[endif]-->Optimization of fuel mix and fuel consumption<o:p></o:p></p><p class=\"MsoListParagraphCxSpMiddle\" style=\"margin-left:14.2pt;mso-add-space:\r\nauto;text-indent:-7.1pt;mso-list:l2 level1 lfo3\"><!--[if !supportLists]--><span style=\"font-family:Symbol;mso-fareast-font-family:Symbol;mso-bidi-font-family:\r\nSymbol\">·<span style=\"font-variant-numeric: normal; font-variant-east-asian: normal; font-stretch: normal; font-size: 7pt; line-height: normal; font-family: &quot;Times New Roman&quot;;\">\r\n</span></span><!--[endif]-->Optimization of makeup water consumption<o:p></o:p></p><p class=\"MsoListParagraphCxSpMiddle\" style=\"margin-left:14.2pt;mso-add-space:\r\nauto;text-indent:-7.1pt;mso-list:l2 level1 lfo3\"><!--[if !supportLists]--><span style=\"font-family:Symbol;mso-fareast-font-family:Symbol;mso-bidi-font-family:\r\nSymbol\">·<span style=\"font-variant-numeric: normal; font-variant-east-asian: normal; font-stretch: normal; font-size: 7pt; line-height: normal; font-family: &quot;Times New Roman&quot;;\">\r\n</span></span><!--[endif]-->Optimization of raw water, chemicals and\r\nconsumables consumption<o:p></o:p></p><p class=\"MsoListParagraphCxSpMiddle\" style=\"margin-left:14.2pt;mso-add-space:\r\nauto;text-indent:-7.1pt;mso-list:l2 level1 lfo3\"><!--[if !supportLists]--><span style=\"font-family:Symbol;mso-fareast-font-family:Symbol;mso-bidi-font-family:\r\nSymbol\">·<span style=\"font-variant-numeric: normal; font-variant-east-asian: normal; font-stretch: normal; font-size: 7pt; line-height: normal; font-family: &quot;Times New Roman&quot;;\">\r\n</span></span><!--[endif]-->Optimization of O&amp;M spares consumption<o:p></o:p></p><p class=\"MsoListParagraphCxSpMiddle\" style=\"margin-left:14.2pt;mso-add-space:\r\nauto;text-indent:-7.1pt;mso-list:l2 level1 lfo3\"><!--[if !supportLists]--><span style=\"font-family:Symbol;mso-fareast-font-family:Symbol;mso-bidi-font-family:\r\nSymbol\">·<span style=\"font-variant-numeric: normal; font-variant-east-asian: normal; font-stretch: normal; font-size: 7pt; line-height: normal; font-family: &quot;Times New Roman&quot;;\">\r\n</span></span><!--[endif]-->Diagnosing breakdown problems of all the power\r\nplant equipment’s<o:p></o:p></p><p class=\"MsoListParagraphCxSpMiddle\" style=\"margin-left:14.2pt;mso-add-space:\r\nauto;text-indent:-7.1pt;mso-list:l2 level1 lfo3\"><!--[if !supportLists]--><span style=\"font-family:Symbol;mso-fareast-font-family:Symbol;mso-bidi-font-family:\r\nSymbol\">·<span style=\"font-variant-numeric: normal; font-variant-east-asian: normal; font-stretch: normal; font-size: 7pt; line-height: normal; font-family: &quot;Times New Roman&quot;;\">\r\n</span></span><!--[endif]-->Inventory management for consumables, Wear and\r\nTear spares and capital spares<o:p></o:p></p><p class=\"MsoListParagraphCxSpMiddle\" style=\"margin-left:14.2pt;mso-add-space:\r\nauto;text-indent:-7.1pt;mso-list:l2 level1 lfo3\"><!--[if !supportLists]--><span style=\"font-family:Symbol;mso-fareast-font-family:Symbol;mso-bidi-font-family:\r\nSymbol\">·<span style=\"font-variant-numeric: normal; font-variant-east-asian: normal; font-stretch: normal; font-size: 7pt; line-height: normal; font-family: &quot;Times New Roman&quot;;\">\r\n</span></span><!--[endif]-->Safety audits<o:p></o:p></p><p class=\"MsoListParagraphCxSpMiddle\" style=\"margin-left:14.2pt;mso-add-space:\r\nauto;text-indent:-7.1pt;mso-list:l2 level1 lfo3\"><!--[if !supportLists]--><span style=\"font-family:Symbol;mso-fareast-font-family:Symbol;mso-bidi-font-family:\r\nSymbol\">·<span style=\"font-variant-numeric: normal; font-variant-east-asian: normal; font-stretch: normal; font-size: 7pt; line-height: normal; font-family: &quot;Times New Roman&quot;;\">\r\n</span></span><!--[endif]-->Extend technical support for all statutory\r\npermits and clearance<o:p></o:p></p><p class=\"MsoListParagraphCxSpMiddle\" style=\"margin-left:14.2pt;mso-add-space:\r\nauto;text-indent:-7.1pt;mso-list:l2 level1 lfo3\"><!--[if !supportLists]--><span style=\"font-family:Symbol;mso-fareast-font-family:Symbol;mso-bidi-font-family:\r\nSymbol\">·<span style=\"font-variant-numeric: normal; font-variant-east-asian: normal; font-stretch: normal; font-size: 7pt; line-height: normal; font-family: &quot;Times New Roman&quot;;\">\r\n</span></span><!--[endif]-->Condition monitoring of all rotating equipments\r\nwith reputed third party<o:p></o:p></p><p class=\"MsoListParagraphCxSpMiddle\" style=\"margin-left:14.2pt;mso-add-space:\r\nauto;text-indent:-7.1pt;mso-list:l2 level1 lfo3\"><!--[if !supportLists]--><span style=\"font-family:Symbol;mso-fareast-font-family:Symbol;mso-bidi-font-family:\r\nSymbol\">·<span style=\"font-variant-numeric: normal; font-variant-east-asian: normal; font-stretch: normal; font-size: 7pt; line-height: normal; font-family: &quot;Times New Roman&quot;;\">\r\n</span></span><!--[endif]-->Performance monitoring, diagnostics and\r\nefficiency enhancement.<o:p></o:p></p><p class=\"MsoListParagraphCxSpMiddle\" style=\"margin-left:14.2pt;mso-add-space:\r\nauto;text-indent:-7.1pt;mso-list:l2 level1 lfo3\"><!--[if !supportLists]--><span style=\"font-family:Symbol;mso-fareast-font-family:Symbol;mso-bidi-font-family:\r\nSymbol\">·<span style=\"font-variant-numeric: normal; font-variant-east-asian: normal; font-stretch: normal; font-size: 7pt; line-height: normal; font-family: &quot;Times New Roman&quot;;\">\r\n</span></span><!--[endif]-->Boiler overhauling and IBR certificate renewal<o:p></o:p></p><p class=\"MsoListParagraphCxSpMiddle\" style=\"margin-left:14.2pt;mso-add-space:\r\nauto;text-indent:-7.1pt;mso-list:l2 level1 lfo3\"><!--[if !supportLists]--><span style=\"font-family:Symbol;mso-fareast-font-family:Symbol;mso-bidi-font-family:\r\nSymbol\">·<span style=\"font-variant-numeric: normal; font-variant-east-asian: normal; font-stretch: normal; font-size: 7pt; line-height: normal; font-family: &quot;Times New Roman&quot;;\">\r\n</span></span><!--[endif]-->Liaising with different departments in client\r\npremises.<o:p></o:p></p><p>\r\n\r\n\r\n\r\n\r\n\r\n\r\n\r\n\r\n\r\n\r\n\r\n\r\n\r\n\r\n\r\n\r\n\r\n\r\n\r\n\r\n\r\n\r\n\r\n\r\n\r\n\r\n\r\n\r\n\r\n\r\n\r\n\r\n\r\n\r\n\r\n\r\n\r\n\r\n\r\n\r\n\r\n\r\n\r\n\r\n\r\n\r\n\r\n\r\n\r\n\r\n\r\n</p><p class=\"MsoListParagraphCxSpLast\" style=\"margin-left:14.2pt;mso-add-space:auto;\r\ntext-indent:-7.1pt;mso-list:l2 level1 lfo3\"><!--[if !supportLists]--><span style=\"font-family:Symbol;mso-fareast-font-family:Symbol;mso-bidi-font-family:\r\nSymbol\">·<span style=\"font-variant-numeric: normal; font-variant-east-asian: normal; font-stretch: normal; font-size: 7pt; line-height: normal; font-family: &quot;Times New Roman&quot;;\">\r\n</span></span><!--[endif]-->AMC contract with OEM for certain critical\r\nequipments<o:p></o:p></p>', '', 1599820850, 2, -1),
(31, 1, 0, 0, '', '', '<p class=\"MsoNormal\" style=\"margin-bottom:0cm;margin-bottom:.0001pt\">Comprehensive O &amp; M services by\r\nproviding experienced, committed and qualified man power to ensure the<b><o:p></o:p></b></p><p style=\"margin: 0cm 0cm 0.0001pt 54pt; text-indent: -18pt;\"><!--[if !supportLists]--><span style=\"font-family:Wingdings;mso-fareast-font-family:Wingdings;mso-bidi-font-family:\r\nWingdings\">v<span style=\"font-variant-numeric: normal; font-variant-east-asian: normal; font-stretch: normal; font-size: 7pt; line-height: normal; font-family: &quot;Times New Roman&quot;;\">&nbsp;\r\n</span></span><!--[endif]-->Plant availability<o:p></o:p></p><p style=\"margin: 0cm 0cm 0.0001pt 54pt; text-indent: -18pt;\"><!--[if !supportLists]--><span style=\"font-family:Wingdings;mso-fareast-font-family:Wingdings;mso-bidi-font-family:\r\nWingdings\">v<span style=\"font-variant-numeric: normal; font-variant-east-asian: normal; font-stretch: normal; font-size: 7pt; line-height: normal; font-family: &quot;Times New Roman&quot;;\">&nbsp;\r\n</span></span><!--[endif]-->Plant load factor<o:p></o:p></p><p style=\"margin: 0cm 0cm 0.0001pt 54pt; text-indent: -18pt;\"><!--[if !supportLists]--><span style=\"font-family:Wingdings;mso-fareast-font-family:Wingdings;mso-bidi-font-family:\r\nWingdings\">v<span style=\"font-variant-numeric: normal; font-variant-east-asian: normal; font-stretch: normal; font-size: 7pt; line-height: normal; font-family: &quot;Times New Roman&quot;;\">&nbsp;\r\n</span></span><!--[endif]-->Plant Heat Rate<o:p></o:p></p><p style=\"margin: 0cm 0cm 0.0001pt 54pt; text-indent: -18pt;\"><!--[if !supportLists]--><span style=\"font-family:Wingdings;mso-fareast-font-family:Wingdings;mso-bidi-font-family:\r\nWingdings\">v<span style=\"font-variant-numeric: normal; font-variant-east-asian: normal; font-stretch: normal; font-size: 7pt; line-height: normal; font-family: &quot;Times New Roman&quot;;\">&nbsp;\r\n</span></span><!--[endif]-->Auxiliary power consumption<o:p></o:p></p><p class=\"MsoNormal\"><b><span style=\"color: rgb(0, 0, 255);\">Provide add on\r\nServices such as</span></b></p><p class=\"MsoNormal\">&nbsp;&nbsp;&nbsp;&nbsp;&nbsp;&nbsp;&nbsp;&nbsp;&nbsp;&nbsp;&nbsp;&nbsp;<span style=\"text-indent: -18pt; font-family: Wingdings;\">v<span style=\"font-variant-numeric: normal; font-variant-east-asian: normal; font-stretch: normal; font-size: 7pt; line-height: normal; font-family: &quot;Times New Roman&quot;;\">&nbsp;\r\n</span></span><span style=\"text-indent: -18pt;\">MIS preparation &amp; reporting on regular basis</span></p><p class=\"MsoListParagraphCxSpFirst\" style=\"margin-top:0cm;margin-right:0cm;\r\nmargin-bottom:0cm;margin-left:54.0pt;margin-bottom:.0001pt;mso-add-space:auto;\r\ntext-indent:-18.0pt;mso-list:l0 level1 lfo2\"><o:p></o:p></p><p class=\"MsoListParagraphCxSpMiddle\" style=\"margin-top:0cm;margin-right:0cm;\r\nmargin-bottom:0cm;margin-left:54.0pt;margin-bottom:.0001pt;mso-add-space:auto;\r\ntext-indent:-18.0pt;mso-list:l0 level1 lfo2\"><!--[if !supportLists]--><span style=\"font-family:Wingdings;mso-fareast-font-family:Wingdings;mso-bidi-font-family:\r\nWingdings\">v<span style=\"font-variant-numeric: normal; font-variant-east-asian: normal; font-stretch: normal; font-size: 7pt; line-height: normal; font-family: &quot;Times New Roman&quot;;\">&nbsp;\r\n</span></span><!--[endif]-->Fuel management<o:p></o:p></p><p class=\"MsoListParagraphCxSpMiddle\" style=\"margin-top:0cm;margin-right:0cm;\r\nmargin-bottom:0cm;margin-left:54.0pt;margin-bottom:.0001pt;mso-add-space:auto;\r\ntext-indent:-18.0pt;mso-list:l0 level1 lfo2\"><!--[if !supportLists]--><span style=\"font-family:Wingdings;mso-fareast-font-family:Wingdings;mso-bidi-font-family:\r\nWingdings\">v<span style=\"font-variant-numeric: normal; font-variant-east-asian: normal; font-stretch: normal; font-size: 7pt; line-height: normal; font-family: &quot;Times New Roman&quot;;\">&nbsp;\r\n</span></span><!--[endif]-->Ash management<o:p></o:p></p><p class=\"MsoListParagraphCxSpMiddle\" style=\"margin-top:0cm;margin-right:0cm;\r\nmargin-bottom:0cm;margin-left:54.0pt;margin-bottom:.0001pt;mso-add-space:auto;\r\ntext-indent:-18.0pt;mso-list:l0 level1 lfo2\"><!--[if !supportLists]--><span style=\"font-family:Wingdings;mso-fareast-font-family:Wingdings;mso-bidi-font-family:\r\nWingdings\">v<span style=\"font-variant-numeric: normal; font-variant-east-asian: normal; font-stretch: normal; font-size: 7pt; line-height: normal; font-family: &quot;Times New Roman&quot;;\">&nbsp;\r\n</span></span><!--[endif]-->Water management<o:p></o:p></p><p class=\"MsoListParagraphCxSpMiddle\" style=\"margin-top:0cm;margin-right:0cm;\r\nmargin-bottom:0cm;margin-left:54.0pt;margin-bottom:.0001pt;mso-add-space:auto;\r\ntext-indent:-18.0pt;mso-list:l0 level1 lfo2\"><!--[if !supportLists]--><span style=\"font-family:Wingdings;mso-fareast-font-family:Wingdings;mso-bidi-font-family:\r\nWingdings\">v<span style=\"font-variant-numeric: normal; font-variant-east-asian: normal; font-stretch: normal; font-size: 7pt; line-height: normal; font-family: &quot;Times New Roman&quot;;\">&nbsp;\r\n</span></span><!--[endif]-->Performance, Productivity analysis report.</p><p class=\"MsoNormal\"><b><span style=\"color: rgb(0, 0, 255);\">Why SPEL for O &amp;\r\nM:</span></b></p><p class=\"MsoNormal\">SPEL\r\noffers a complete range of Operations &amp; Maintenance (O&amp;M) services to\r\nIndustrial and Thermal power plants.&nbsp;\r\nSPEL having rich experience in setting up complete O&amp;M activities to\r\nensure safe and efficient operations and capable of managing both planned and\r\nunplanned maintenance activities of total plant.</p><p class=\"MsoNormal\"><o:p></o:p></p><p class=\"MsoListParagraphCxSpFirst\" style=\"margin-top:0cm;margin-right:0cm;\r\nmargin-bottom:0cm;margin-left:14.2pt;margin-bottom:.0001pt;mso-add-space:auto;\r\ntext-indent:-7.1pt;mso-list:l2 level1 lfo3\"><!--[if !supportLists]--><span style=\"font-family:Symbol;mso-fareast-font-family:Symbol;mso-bidi-font-family:\r\nSymbol\">·<span style=\"font-variant-numeric: normal; font-variant-east-asian: normal; font-stretch: normal; font-size: 7pt; line-height: normal; font-family: &quot;Times New Roman&quot;;\">\r\n</span></span><!--[endif]-->Optimization of fuel mix and fuel consumption<o:p></o:p></p><p class=\"MsoListParagraphCxSpMiddle\" style=\"margin-top:0cm;margin-right:0cm;\r\nmargin-bottom:0cm;margin-left:14.2pt;margin-bottom:.0001pt;mso-add-space:auto;\r\ntext-indent:-7.1pt;mso-list:l2 level1 lfo3\"><!--[if !supportLists]--><span style=\"font-family:Symbol;mso-fareast-font-family:Symbol;mso-bidi-font-family:\r\nSymbol\">·<span style=\"font-variant-numeric: normal; font-variant-east-asian: normal; font-stretch: normal; font-size: 7pt; line-height: normal; font-family: &quot;Times New Roman&quot;;\">\r\n</span></span><!--[endif]-->Optimization of makeup water consumption<o:p></o:p></p><p class=\"MsoListParagraphCxSpMiddle\" style=\"margin-top:0cm;margin-right:0cm;\r\nmargin-bottom:0cm;margin-left:14.2pt;margin-bottom:.0001pt;mso-add-space:auto;\r\ntext-indent:-7.1pt;mso-list:l2 level1 lfo3\"><!--[if !supportLists]--><span style=\"font-family:Symbol;mso-fareast-font-family:Symbol;mso-bidi-font-family:\r\nSymbol\">·<span style=\"font-variant-numeric: normal; font-variant-east-asian: normal; font-stretch: normal; font-size: 7pt; line-height: normal; font-family: &quot;Times New Roman&quot;;\">\r\n</span></span><!--[endif]-->Optimization of raw water, chemicals and\r\nconsumables consumption<o:p></o:p></p><p class=\"MsoListParagraphCxSpMiddle\" style=\"margin-top:0cm;margin-right:0cm;\r\nmargin-bottom:0cm;margin-left:14.2pt;margin-bottom:.0001pt;mso-add-space:auto;\r\ntext-indent:-7.1pt;mso-list:l2 level1 lfo3\"><!--[if !supportLists]--><span style=\"font-family:Symbol;mso-fareast-font-family:Symbol;mso-bidi-font-family:\r\nSymbol\">·<span style=\"font-variant-numeric: normal; font-variant-east-asian: normal; font-stretch: normal; font-size: 7pt; line-height: normal; font-family: &quot;Times New Roman&quot;;\">\r\n</span></span><!--[endif]-->Optimization of O&amp;M spares consumption<o:p></o:p></p><p class=\"MsoListParagraphCxSpMiddle\" style=\"margin-top:0cm;margin-right:0cm;\r\nmargin-bottom:0cm;margin-left:14.2pt;margin-bottom:.0001pt;mso-add-space:auto;\r\ntext-indent:-7.1pt;mso-list:l2 level1 lfo3\"><!--[if !supportLists]--><span style=\"font-family:Symbol;mso-fareast-font-family:Symbol;mso-bidi-font-family:\r\nSymbol\">·<span style=\"font-variant-numeric: normal; font-variant-east-asian: normal; font-stretch: normal; font-size: 7pt; line-height: normal; font-family: &quot;Times New Roman&quot;;\">\r\n</span></span><!--[endif]-->Diagnosing breakdown problems of all the power\r\nplant equipment’s<o:p></o:p></p><p class=\"MsoListParagraphCxSpMiddle\" style=\"margin-top:0cm;margin-right:0cm;\r\nmargin-bottom:0cm;margin-left:14.2pt;margin-bottom:.0001pt;mso-add-space:auto;\r\ntext-indent:-7.1pt;mso-list:l2 level1 lfo3\"><!--[if !supportLists]--><span style=\"font-family:Symbol;mso-fareast-font-family:Symbol;mso-bidi-font-family:\r\nSymbol\">·<span style=\"font-variant-numeric: normal; font-variant-east-asian: normal; font-stretch: normal; font-size: 7pt; line-height: normal; font-family: &quot;Times New Roman&quot;;\">\r\n</span></span><!--[endif]-->Inventory management for consumables, Wear and\r\nTear spares and capital spares<o:p></o:p></p><p class=\"MsoListParagraphCxSpMiddle\" style=\"margin-top:0cm;margin-right:0cm;\r\nmargin-bottom:0cm;margin-left:14.2pt;margin-bottom:.0001pt;mso-add-space:auto;\r\ntext-indent:-7.1pt;mso-list:l2 level1 lfo3\"><!--[if !supportLists]--><span style=\"font-family:Symbol;mso-fareast-font-family:Symbol;mso-bidi-font-family:\r\nSymbol\">·<span style=\"font-variant-numeric: normal; font-variant-east-asian: normal; font-stretch: normal; font-size: 7pt; line-height: normal; font-family: &quot;Times New Roman&quot;;\">\r\n</span></span><!--[endif]-->Safety audits<o:p></o:p></p><p class=\"MsoListParagraphCxSpMiddle\" style=\"margin-top:0cm;margin-right:0cm;\r\nmargin-bottom:0cm;margin-left:14.2pt;margin-bottom:.0001pt;mso-add-space:auto;\r\ntext-indent:-7.1pt;mso-list:l2 level1 lfo3\"><!--[if !supportLists]--><span style=\"font-family:Symbol;mso-fareast-font-family:Symbol;mso-bidi-font-family:\r\nSymbol\">·<span style=\"font-variant-numeric: normal; font-variant-east-asian: normal; font-stretch: normal; font-size: 7pt; line-height: normal; font-family: &quot;Times New Roman&quot;;\">\r\n</span></span><!--[endif]-->Extend technical support for all statutory\r\npermits and clearance<o:p></o:p></p><p class=\"MsoListParagraphCxSpMiddle\" style=\"margin-top:0cm;margin-right:0cm;\r\nmargin-bottom:0cm;margin-left:14.2pt;margin-bottom:.0001pt;mso-add-space:auto;\r\ntext-indent:-7.1pt;mso-list:l2 level1 lfo3\"><!--[if !supportLists]--><span style=\"font-family:Symbol;mso-fareast-font-family:Symbol;mso-bidi-font-family:\r\nSymbol\">·<span style=\"font-variant-numeric: normal; font-variant-east-asian: normal; font-stretch: normal; font-size: 7pt; line-height: normal; font-family: &quot;Times New Roman&quot;;\">\r\n</span></span><!--[endif]-->Condition monitoring of all rotating equipments\r\nwith reputed third party<o:p></o:p></p><p class=\"MsoListParagraphCxSpMiddle\" style=\"margin-top:0cm;margin-right:0cm;\r\nmargin-bottom:0cm;margin-left:14.2pt;margin-bottom:.0001pt;mso-add-space:auto;\r\ntext-indent:-7.1pt;mso-list:l2 level1 lfo3\"><!--[if !supportLists]--><span style=\"font-family:Symbol;mso-fareast-font-family:Symbol;mso-bidi-font-family:\r\nSymbol\">·<span style=\"font-variant-numeric: normal; font-variant-east-asian: normal; font-stretch: normal; font-size: 7pt; line-height: normal; font-family: &quot;Times New Roman&quot;;\">\r\n</span></span><!--[endif]-->Performance monitoring, diagnostics and\r\nefficiency enhancement.<o:p></o:p></p><p class=\"MsoListParagraphCxSpMiddle\" style=\"margin-top:0cm;margin-right:0cm;\r\nmargin-bottom:0cm;margin-left:14.2pt;margin-bottom:.0001pt;mso-add-space:auto;\r\ntext-indent:-7.1pt;mso-list:l2 level1 lfo3\"><!--[if !supportLists]--><span style=\"font-family:Symbol;mso-fareast-font-family:Symbol;mso-bidi-font-family:\r\nSymbol\">·<span style=\"font-variant-numeric: normal; font-variant-east-asian: normal; font-stretch: normal; font-size: 7pt; line-height: normal; font-family: &quot;Times New Roman&quot;;\">\r\n</span></span><!--[endif]-->Boiler overhauling and IBR certificate renewal<o:p></o:p></p><p class=\"MsoListParagraphCxSpMiddle\" style=\"margin-top:0cm;margin-right:0cm;\r\nmargin-bottom:0cm;margin-left:14.2pt;margin-bottom:.0001pt;mso-add-space:auto;\r\ntext-indent:-7.1pt;mso-list:l2 level1 lfo3\"><!--[if !supportLists]--><span style=\"font-family:Symbol;mso-fareast-font-family:Symbol;mso-bidi-font-family:\r\nSymbol\">·<span style=\"font-variant-numeric: normal; font-variant-east-asian: normal; font-stretch: normal; font-size: 7pt; line-height: normal; font-family: &quot;Times New Roman&quot;;\">\r\n</span></span><!--[endif]-->Liaising with different departments in client\r\npremises.</p><p class=\"MsoListParagraphCxSpMiddle\" style=\"margin-top:0cm;margin-right:0cm;\r\nmargin-bottom:0cm;margin-left:14.2pt;margin-bottom:.0001pt;mso-add-space:auto;\r\ntext-indent:-7.1pt;mso-list:l2 level1 lfo3\"><span style=\"text-indent: -7.1pt; font-family: Symbol;\">·<span style=\"font-variant-numeric: normal; font-variant-east-asian: normal; font-stretch: normal; font-size: 7pt; line-height: normal; font-family: &quot;Times New Roman&quot;;\">\r\n</span></span><span style=\"text-indent: -7.1pt;\">AMC contract with OEM for certain critical\r\nequipments</span></p><p class=\"MsoListParagraphCxSpLast\" style=\"margin-top:0cm;margin-right:0cm;\r\nmargin-bottom:0cm;margin-left:14.2pt;margin-bottom:.0001pt;mso-add-space:auto;\r\ntext-indent:-7.1pt;mso-list:l2 level1 lfo3\"><o:p></o:p></p>', '', 1599821055, 2, -1);
INSERT INTO `services_list` (`srv_id`, `srcat_id`, `srsbcat_id`, `styp_id`, `name`, `srt_descr`, `descr`, `thumb_img`, `crt_stm`, `crt_by`, `status`) VALUES
(32, 1, 0, 0, '', '', '<p class=\"MsoNormal\" style=\"margin-bottom:0cm;margin-bottom:.0001pt\"><b>Comprehensive O &amp; M services by\r\nproviding experienced, committed and qualified man power to ensure the<o:p></o:p></b></p><p class=\"MsoListParagraphCxSpFirst\" style=\"margin-top:0cm;margin-right:0cm;\r\nmargin-bottom:0cm;margin-left:54.0pt;margin-bottom:.0001pt;mso-add-space:auto;\r\ntext-indent:-18.0pt;mso-list:l1 level1 lfo1\"><!--[if !supportLists]--><span style=\"font-family:Wingdings;mso-fareast-font-family:Wingdings;mso-bidi-font-family:\r\nWingdings\">v<span style=\"font-variant-numeric: normal; font-variant-east-asian: normal; font-stretch: normal; font-size: 7pt; line-height: normal; font-family: &quot;Times New Roman&quot;;\">&nbsp;\r\n</span></span><!--[endif]-->Plant availability<o:p></o:p></p><p class=\"MsoListParagraphCxSpMiddle\" style=\"margin-top:0cm;margin-right:0cm;\r\nmargin-bottom:0cm;margin-left:54.0pt;margin-bottom:.0001pt;mso-add-space:auto;\r\ntext-indent:-18.0pt;mso-list:l1 level1 lfo1\"><!--[if !supportLists]--><span style=\"font-family:Wingdings;mso-fareast-font-family:Wingdings;mso-bidi-font-family:\r\nWingdings\">v<span style=\"font-variant-numeric: normal; font-variant-east-asian: normal; font-stretch: normal; font-size: 7pt; line-height: normal; font-family: &quot;Times New Roman&quot;;\">&nbsp;\r\n</span></span><!--[endif]-->Plant load factor<o:p></o:p></p><p class=\"MsoListParagraphCxSpMiddle\" style=\"margin-top:0cm;margin-right:0cm;\r\nmargin-bottom:0cm;margin-left:54.0pt;margin-bottom:.0001pt;mso-add-space:auto;\r\ntext-indent:-18.0pt;mso-list:l1 level1 lfo1\"><!--[if !supportLists]--><span style=\"font-family:Wingdings;mso-fareast-font-family:Wingdings;mso-bidi-font-family:\r\nWingdings\">v<span style=\"font-variant-numeric: normal; font-variant-east-asian: normal; font-stretch: normal; font-size: 7pt; line-height: normal; font-family: &quot;Times New Roman&quot;;\">&nbsp;\r\n</span></span><!--[endif]-->Plant Heat Rate<o:p></o:p></p><p class=\"MsoListParagraphCxSpMiddle\" style=\"margin-top:0cm;margin-right:0cm;\r\nmargin-bottom:0cm;margin-left:54.0pt;margin-bottom:.0001pt;mso-add-space:auto;\r\ntext-indent:-18.0pt;mso-list:l1 level1 lfo1\"><!--[if !supportLists]--><span style=\"font-family:Wingdings;mso-fareast-font-family:Wingdings;mso-bidi-font-family:\r\nWingdings\">v<span style=\"font-variant-numeric: normal; font-variant-east-asian: normal; font-stretch: normal; font-size: 7pt; line-height: normal; font-family: &quot;Times New Roman&quot;;\">&nbsp;\r\n</span></span><!--[endif]-->Auxiliary power consumption<o:p></o:p></p><p class=\"MsoListParagraphCxSpLast\" style=\"margin-top: 0cm; margin-right: 0cm; margin-bottom: 0.0001pt;\"><b style=\"color: rgb(255, 255, 255); background-color: rgb(0, 0, 255);\">Provide add on Services such as</b><br></p><p class=\"MsoListParagraphCxSpFirst\" style=\"margin-top:0cm;margin-right:0cm;\r\nmargin-bottom:0cm;margin-left:54.0pt;margin-bottom:.0001pt;mso-add-space:auto;\r\ntext-indent:-18.0pt;mso-list:l0 level1 lfo2\"><!--[if !supportLists]--><span style=\"font-family:Wingdings;mso-fareast-font-family:Wingdings;mso-bidi-font-family:\r\nWingdings\">v<span style=\"font-variant-numeric: normal; font-variant-east-asian: normal; font-stretch: normal; font-size: 7pt; line-height: normal; font-family: &quot;Times New Roman&quot;;\">&nbsp;\r\n</span></span><!--[endif]-->MIS preparation &amp; reporting on regular basis<o:p></o:p></p><p class=\"MsoListParagraphCxSpMiddle\" style=\"margin-top:0cm;margin-right:0cm;\r\nmargin-bottom:0cm;margin-left:54.0pt;margin-bottom:.0001pt;mso-add-space:auto;\r\ntext-indent:-18.0pt;mso-list:l0 level1 lfo2\"><!--[if !supportLists]--><span style=\"font-family:Wingdings;mso-fareast-font-family:Wingdings;mso-bidi-font-family:\r\nWingdings\">v<span style=\"font-variant-numeric: normal; font-variant-east-asian: normal; font-stretch: normal; font-size: 7pt; line-height: normal; font-family: &quot;Times New Roman&quot;;\">&nbsp;\r\n</span></span><!--[endif]-->Fuel management<o:p></o:p></p><p class=\"MsoListParagraphCxSpMiddle\" style=\"margin-top:0cm;margin-right:0cm;\r\nmargin-bottom:0cm;margin-left:54.0pt;margin-bottom:.0001pt;mso-add-space:auto;\r\ntext-indent:-18.0pt;mso-list:l0 level1 lfo2\"><!--[if !supportLists]--><span style=\"font-family:Wingdings;mso-fareast-font-family:Wingdings;mso-bidi-font-family:\r\nWingdings\">v<span style=\"font-variant-numeric: normal; font-variant-east-asian: normal; font-stretch: normal; font-size: 7pt; line-height: normal; font-family: &quot;Times New Roman&quot;;\">&nbsp;\r\n</span></span><!--[endif]-->Ash management<o:p></o:p></p><p class=\"MsoListParagraphCxSpMiddle\" style=\"margin-top:0cm;margin-right:0cm;\r\nmargin-bottom:0cm;margin-left:54.0pt;margin-bottom:.0001pt;mso-add-space:auto;\r\ntext-indent:-18.0pt;mso-list:l0 level1 lfo2\"><!--[if !supportLists]--><span style=\"font-family:Wingdings;mso-fareast-font-family:Wingdings;mso-bidi-font-family:\r\nWingdings\">v<span style=\"font-variant-numeric: normal; font-variant-east-asian: normal; font-stretch: normal; font-size: 7pt; line-height: normal; font-family: &quot;Times New Roman&quot;;\">&nbsp;\r\n</span></span><!--[endif]-->Water management<o:p></o:p></p><p class=\"MsoListParagraphCxSpMiddle\" style=\"margin-top:0cm;margin-right:0cm;\r\nmargin-bottom:0cm;margin-left:54.0pt;margin-bottom:.0001pt;mso-add-space:auto;\r\ntext-indent:-18.0pt;mso-list:l0 level1 lfo2\"><!--[if !supportLists]--><span style=\"font-family:Wingdings;mso-fareast-font-family:Wingdings;mso-bidi-font-family:\r\nWingdings\">v<span style=\"font-variant-numeric: normal; font-variant-east-asian: normal; font-stretch: normal; font-size: 7pt; line-height: normal; font-family: &quot;Times New Roman&quot;;\">&nbsp;\r\n</span></span><!--[endif]-->Performance, Productivity analysis report.<span style=\"font-size: 6pt;\">&nbsp;</span></p><p class=\"MsoNormal\"><b><span style=\"color: rgb(255, 255, 255); background-color: rgb(0, 0, 255);\">Why SPEL for O &amp;\r\nM:</span><o:p></o:p></b></p><p class=\"MsoNormal\" style=\"text-align:justify\">SPEL offers a complete range of\r\nOperations &amp; Maintenance (O&amp;M) services to Industrial and Thermal power\r\nplants.&nbsp; SPEL having rich experience in\r\nsetting up complete O&amp;M activities to ensure safe and efficient operations\r\nand capable of managing both planned and unplanned maintenance activities of\r\ntotal plant.<b><o:p></o:p></b></p><p class=\"MsoListParagraphCxSpFirst\" style=\"margin-top:0cm;margin-right:0cm;\r\nmargin-bottom:0cm;margin-left:14.2pt;margin-bottom:.0001pt;mso-add-space:auto;\r\ntext-indent:-7.1pt;mso-list:l2 level1 lfo3\"><!--[if !supportLists]--><span style=\"font-family:Symbol;mso-fareast-font-family:Symbol;mso-bidi-font-family:\r\nSymbol\">·<span style=\"font-variant-numeric: normal; font-variant-east-asian: normal; font-stretch: normal; font-size: 7pt; line-height: normal; font-family: &quot;Times New Roman&quot;;\">\r\n</span></span><!--[endif]-->Optimization of fuel mix and fuel consumption<o:p></o:p></p><p class=\"MsoListParagraphCxSpMiddle\" style=\"margin-top:0cm;margin-right:0cm;\r\nmargin-bottom:0cm;margin-left:14.2pt;margin-bottom:.0001pt;mso-add-space:auto;\r\ntext-indent:-7.1pt;mso-list:l2 level1 lfo3\"><!--[if !supportLists]--><span style=\"font-family:Symbol;mso-fareast-font-family:Symbol;mso-bidi-font-family:\r\nSymbol\">·<span style=\"font-variant-numeric: normal; font-variant-east-asian: normal; font-stretch: normal; font-size: 7pt; line-height: normal; font-family: &quot;Times New Roman&quot;;\">\r\n</span></span><!--[endif]-->Optimization of makeup water consumption<o:p></o:p></p><p class=\"MsoListParagraphCxSpMiddle\" style=\"margin-top:0cm;margin-right:0cm;\r\nmargin-bottom:0cm;margin-left:14.2pt;margin-bottom:.0001pt;mso-add-space:auto;\r\ntext-indent:-7.1pt;mso-list:l2 level1 lfo3\"><!--[if !supportLists]--><span style=\"font-family:Symbol;mso-fareast-font-family:Symbol;mso-bidi-font-family:\r\nSymbol\">·<span style=\"font-variant-numeric: normal; font-variant-east-asian: normal; font-stretch: normal; font-size: 7pt; line-height: normal; font-family: &quot;Times New Roman&quot;;\">\r\n</span></span><!--[endif]-->Optimization of raw water, chemicals and\r\nconsumables consumption<o:p></o:p></p><p class=\"MsoListParagraphCxSpMiddle\" style=\"margin-top:0cm;margin-right:0cm;\r\nmargin-bottom:0cm;margin-left:14.2pt;margin-bottom:.0001pt;mso-add-space:auto;\r\ntext-indent:-7.1pt;mso-list:l2 level1 lfo3\"><!--[if !supportLists]--><span style=\"font-family:Symbol;mso-fareast-font-family:Symbol;mso-bidi-font-family:\r\nSymbol\">·<span style=\"font-variant-numeric: normal; font-variant-east-asian: normal; font-stretch: normal; font-size: 7pt; line-height: normal; font-family: &quot;Times New Roman&quot;;\">\r\n</span></span><!--[endif]-->Optimization of O&amp;M spares consumption<o:p></o:p></p><p class=\"MsoListParagraphCxSpMiddle\" style=\"margin-top:0cm;margin-right:0cm;\r\nmargin-bottom:0cm;margin-left:14.2pt;margin-bottom:.0001pt;mso-add-space:auto;\r\ntext-indent:-7.1pt;mso-list:l2 level1 lfo3\"><!--[if !supportLists]--><span style=\"font-family:Symbol;mso-fareast-font-family:Symbol;mso-bidi-font-family:\r\nSymbol\">·<span style=\"font-variant-numeric: normal; font-variant-east-asian: normal; font-stretch: normal; font-size: 7pt; line-height: normal; font-family: &quot;Times New Roman&quot;;\">\r\n</span></span><!--[endif]-->Diagnosing breakdown problems of all the power\r\nplant equipment’s<o:p></o:p></p><p class=\"MsoListParagraphCxSpMiddle\" style=\"margin-top:0cm;margin-right:0cm;\r\nmargin-bottom:0cm;margin-left:14.2pt;margin-bottom:.0001pt;mso-add-space:auto;\r\ntext-indent:-7.1pt;mso-list:l2 level1 lfo3\"><!--[if !supportLists]--><span style=\"font-family:Symbol;mso-fareast-font-family:Symbol;mso-bidi-font-family:\r\nSymbol\">·<span style=\"font-variant-numeric: normal; font-variant-east-asian: normal; font-stretch: normal; font-size: 7pt; line-height: normal; font-family: &quot;Times New Roman&quot;;\">\r\n</span></span><!--[endif]-->Inventory management for consumables, Wear and\r\nTear spares and capital spares<o:p></o:p></p><p class=\"MsoListParagraphCxSpMiddle\" style=\"margin-top:0cm;margin-right:0cm;\r\nmargin-bottom:0cm;margin-left:14.2pt;margin-bottom:.0001pt;mso-add-space:auto;\r\ntext-indent:-7.1pt;mso-list:l2 level1 lfo3\"><!--[if !supportLists]--><span style=\"font-family:Symbol;mso-fareast-font-family:Symbol;mso-bidi-font-family:\r\nSymbol\">·<span style=\"font-variant-numeric: normal; font-variant-east-asian: normal; font-stretch: normal; font-size: 7pt; line-height: normal; font-family: &quot;Times New Roman&quot;;\">\r\n</span></span><!--[endif]-->Safety audits<o:p></o:p></p><p class=\"MsoListParagraphCxSpMiddle\" style=\"margin-top:0cm;margin-right:0cm;\r\nmargin-bottom:0cm;margin-left:14.2pt;margin-bottom:.0001pt;mso-add-space:auto;\r\ntext-indent:-7.1pt;mso-list:l2 level1 lfo3\"><!--[if !supportLists]--><span style=\"font-family:Symbol;mso-fareast-font-family:Symbol;mso-bidi-font-family:\r\nSymbol\">·<span style=\"font-variant-numeric: normal; font-variant-east-asian: normal; font-stretch: normal; font-size: 7pt; line-height: normal; font-family: &quot;Times New Roman&quot;;\">\r\n</span></span><!--[endif]-->Extend technical support for all statutory\r\npermits and clearance<o:p></o:p></p><p class=\"MsoListParagraphCxSpMiddle\" style=\"margin-top:0cm;margin-right:0cm;\r\nmargin-bottom:0cm;margin-left:14.2pt;margin-bottom:.0001pt;mso-add-space:auto;\r\ntext-indent:-7.1pt;mso-list:l2 level1 lfo3\"><!--[if !supportLists]--><span style=\"font-family:Symbol;mso-fareast-font-family:Symbol;mso-bidi-font-family:\r\nSymbol\">·<span style=\"font-variant-numeric: normal; font-variant-east-asian: normal; font-stretch: normal; font-size: 7pt; line-height: normal; font-family: &quot;Times New Roman&quot;;\">\r\n</span></span><!--[endif]-->Condition monitoring of all rotating equipments\r\nwith reputed third party<o:p></o:p></p><p class=\"MsoListParagraphCxSpMiddle\" style=\"margin-top:0cm;margin-right:0cm;\r\nmargin-bottom:0cm;margin-left:14.2pt;margin-bottom:.0001pt;mso-add-space:auto;\r\ntext-indent:-7.1pt;mso-list:l2 level1 lfo3\"><!--[if !supportLists]--><span style=\"font-family:Symbol;mso-fareast-font-family:Symbol;mso-bidi-font-family:\r\nSymbol\">·<span style=\"font-variant-numeric: normal; font-variant-east-asian: normal; font-stretch: normal; font-size: 7pt; line-height: normal; font-family: &quot;Times New Roman&quot;;\">\r\n</span></span><!--[endif]-->Performance monitoring, diagnostics and\r\nefficiency enhancement.<o:p></o:p></p><p class=\"MsoListParagraphCxSpMiddle\" style=\"margin-top:0cm;margin-right:0cm;\r\nmargin-bottom:0cm;margin-left:14.2pt;margin-bottom:.0001pt;mso-add-space:auto;\r\ntext-indent:-7.1pt;mso-list:l2 level1 lfo3\"><!--[if !supportLists]--><span style=\"font-family:Symbol;mso-fareast-font-family:Symbol;mso-bidi-font-family:\r\nSymbol\">·<span style=\"font-variant-numeric: normal; font-variant-east-asian: normal; font-stretch: normal; font-size: 7pt; line-height: normal; font-family: &quot;Times New Roman&quot;;\">\r\n</span></span><!--[endif]-->Boiler overhauling and IBR certificate renewal<o:p></o:p></p><p class=\"MsoListParagraphCxSpMiddle\" style=\"margin-top:0cm;margin-right:0cm;\r\nmargin-bottom:0cm;margin-left:14.2pt;margin-bottom:.0001pt;mso-add-space:auto;\r\ntext-indent:-7.1pt;mso-list:l2 level1 lfo3\"><!--[if !supportLists]--><span style=\"font-family:Symbol;mso-fareast-font-family:Symbol;mso-bidi-font-family:\r\nSymbol\">·<span style=\"font-variant-numeric: normal; font-variant-east-asian: normal; font-stretch: normal; font-size: 7pt; line-height: normal; font-family: &quot;Times New Roman&quot;;\">\r\n</span></span><!--[endif]-->Liaising with different departments in client\r\npremises.<o:p></o:p></p><p class=\"MsoNormal\" style=\"box-sizing: inherit; margin-bottom: 0.0001pt; text-align: justify; color: rgb(34, 34, 34); font-family: &quot;Arial Rounded MT Bold&quot;; font-size: 15px;\">\r\n\r\n\r\n\r\n\r\n\r\n\r\n\r\n\r\n\r\n\r\n\r\n\r\n\r\n\r\n\r\n\r\n\r\n\r\n\r\n\r\n\r\n\r\n\r\n\r\n\r\n\r\n\r\n\r\n\r\n\r\n\r\n\r\n\r\n\r\n\r\n\r\n\r\n\r\n\r\n\r\n\r\n\r\n\r\n\r\n\r\n\r\n\r\n\r\n\r\n\r\n\r\n\r\n\r\n</p><p class=\"MsoListParagraphCxSpLast\" style=\"margin-top:0cm;margin-right:0cm;\r\nmargin-bottom:0cm;margin-left:14.2pt;margin-bottom:.0001pt;mso-add-space:auto;\r\ntext-indent:-7.1pt;mso-list:l2 level1 lfo3\"><!--[if !supportLists]--><span style=\"font-family:Symbol;mso-fareast-font-family:Symbol;mso-bidi-font-family:\r\nSymbol\">·<span style=\"font-variant-numeric: normal; font-variant-east-asian: normal; font-stretch: normal; font-size: 7pt; line-height: normal; font-family: &quot;Times New Roman&quot;;\">\r\n</span></span><!--[endif]-->AMC contract with OEM for certain critical\r\nequipments<o:p></o:p></p>', '', 1599821284, 2, -1),
(33, 2, 0, 0, '', '', '<p class=\"MsoNormal\" style=\"margin-bottom:0cm;margin-bottom:.0001pt;text-align:\r\njustify\"><span style=\"background-color: rgb(255, 0, 0); color: rgb(255, 255, 255);\">PRE-COMMISSIONING:</span><o:p></o:p></p><p class=\"MsoNormal\" style=\"margin-bottom:0cm;margin-bottom:.0001pt;text-align:\r\njustify\">Pre-Commissioning activity will starts when a system or subsystem\r\nachieves Mechanical Completion.<o:p></o:p></p><p class=\"MsoNormal\" style=\"margin-bottom:0cm;margin-bottom:.0001pt;text-align:\r\njustify\">Boiler / Power plant Pre-Commissioning services of all types and\r\ncapacities, which includes;<o:p></o:p></p><p class=\"MsoListParagraphCxSpFirst\" style=\"margin-top:0cm;margin-right:0cm;\r\nmargin-bottom:0cm;margin-left:54.0pt;margin-bottom:.0001pt;mso-add-space:auto;\r\ntext-align:justify;text-indent:-18.0pt;mso-list:l0 level1 lfo1\"><!--[if !supportLists]--><span style=\"font-family:Wingdings;mso-fareast-font-family:Wingdings;mso-bidi-font-family:\r\nWingdings\">v<span style=\"font-variant-numeric: normal; font-variant-east-asian: normal; font-stretch: normal; font-size: 7pt; line-height: normal; font-family: &quot;Times New Roman&quot;;\">&nbsp;\r\n</span></span><!--[endif]-->Temporary Screens, Strainers and Blinds – Doing\r\nwalk down checks, witnessing<o:p></o:p></p><p class=\"MsoListParagraphCxSpMiddle\" style=\"margin-top:0cm;margin-right:0cm;\r\nmargin-bottom:0cm;margin-left:54.0pt;margin-bottom:.0001pt;mso-add-space:auto;\r\ntext-align:justify;text-indent:-18.0pt;mso-list:l0 level1 lfo1\"><!--[if !supportLists]--><span style=\"font-family:Wingdings;mso-fareast-font-family:Wingdings;mso-bidi-font-family:\r\nWingdings\">v<span style=\"font-variant-numeric: normal; font-variant-east-asian: normal; font-stretch: normal; font-size: 7pt; line-height: normal; font-family: &quot;Times New Roman&quot;;\">&nbsp;\r\n</span></span><!--[endif]-->Air and Steam Blowing – Cleaning the systems<o:p></o:p></p><p class=\"MsoListParagraphCxSpMiddle\" style=\"margin-top:0cm;margin-right:0cm;\r\nmargin-bottom:0cm;margin-left:54.0pt;margin-bottom:.0001pt;mso-add-space:auto;\r\ntext-align:justify;text-indent:-18.0pt;mso-list:l0 level1 lfo1\"><!--[if !supportLists]--><span style=\"font-family:Wingdings;mso-fareast-font-family:Wingdings;mso-bidi-font-family:\r\nWingdings\">v<span style=\"font-variant-numeric: normal; font-variant-east-asian: normal; font-stretch: normal; font-size: 7pt; line-height: normal; font-family: &quot;Times New Roman&quot;;\">&nbsp;\r\n</span></span><!--[endif]-->Flushing, Chemical and Mechanical Cleaning<o:p></o:p></p><p class=\"MsoListParagraphCxSpMiddle\" style=\"margin-top:0cm;margin-right:0cm;\r\nmargin-bottom:0cm;margin-left:54.0pt;margin-bottom:.0001pt;mso-add-space:auto;\r\ntext-align:justify;text-indent:-18.0pt;mso-list:l0 level1 lfo1\"><!--[if !supportLists]--><span style=\"font-family:Wingdings;mso-fareast-font-family:Wingdings;mso-bidi-font-family:\r\nWingdings\">v<span style=\"font-variant-numeric: normal; font-variant-east-asian: normal; font-stretch: normal; font-size: 7pt; line-height: normal; font-family: &quot;Times New Roman&quot;;\">&nbsp;\r\n</span></span><!--[endif]-->Cleaning and Passivation – Ensure 100% cleaning\r\nto ensure protection<o:p></o:p></p><p class=\"MsoListParagraphCxSpMiddle\" style=\"margin-top:0cm;margin-right:0cm;\r\nmargin-bottom:0cm;margin-left:54.0pt;margin-bottom:.0001pt;mso-add-space:auto;\r\ntext-align:justify;text-indent:-18.0pt;mso-list:l0 level1 lfo1\"><!--[if !supportLists]--><span style=\"font-family:Wingdings;mso-fareast-font-family:Wingdings;mso-bidi-font-family:\r\nWingdings\">v<span style=\"font-variant-numeric: normal; font-variant-east-asian: normal; font-stretch: normal; font-size: 7pt; line-height: normal; font-family: &quot;Times New Roman&quot;;\">&nbsp;\r\n</span></span><!--[endif]-->Electrical System Energizing – Essential pre\r\ncommissioning of equipment<o:p></o:p></p><p class=\"MsoListParagraphCxSpMiddle\" style=\"margin-top:0cm;margin-right:0cm;\r\nmargin-bottom:0cm;margin-left:54.0pt;margin-bottom:.0001pt;mso-add-space:auto;\r\ntext-align:justify;text-indent:-18.0pt;mso-list:l0 level1 lfo1\"><!--[if !supportLists]--><span style=\"font-family:Wingdings;mso-fareast-font-family:Wingdings;mso-bidi-font-family:\r\nWingdings\">v<span style=\"font-variant-numeric: normal; font-variant-east-asian: normal; font-stretch: normal; font-size: 7pt; line-height: normal; font-family: &quot;Times New Roman&quot;;\">&nbsp;\r\n</span></span><!--[endif]-->Instrumentation Verification – A must for total\r\nsystem readiness for commissioning<o:p></o:p></p><p class=\"MsoListParagraphCxSpMiddle\" style=\"margin-top:0cm;margin-right:0cm;\r\nmargin-bottom:0cm;margin-left:54.0pt;margin-bottom:.0001pt;mso-add-space:auto;\r\ntext-align:justify;text-indent:-18.0pt;mso-list:l0 level1 lfo1\"><!--[if !supportLists]--><span style=\"font-family:Wingdings;mso-fareast-font-family:Wingdings;mso-bidi-font-family:\r\nWingdings\">v<span style=\"font-variant-numeric: normal; font-variant-east-asian: normal; font-stretch: normal; font-size: 7pt; line-height: normal; font-family: &quot;Times New Roman&quot;;\">&nbsp;\r\n</span></span><!--[endif]-->Checking of all logics and controls of all\r\nsystems<o:p></o:p></p><p class=\"MsoListParagraphCxSpLast\" style=\"margin-top:0cm;margin-right:0cm;\r\nmargin-bottom:0cm;margin-left:54.0pt;margin-bottom:.0001pt;mso-add-space:auto;\r\ntext-align:justify\"><o:p>&nbsp;</o:p></p><p class=\"MsoNormal\" style=\"margin-bottom:0cm;margin-bottom:.0001pt;text-align:\r\njustify\"><span style=\"color: rgb(255, 255, 255); background-color: rgb(255, 0, 0);\">COMMISSIONING:</span><o:p></o:p></p><p class=\"MsoNormal\" style=\"margin-bottom:0cm;margin-bottom:.0001pt;text-align:\r\njustify\">Commissioning is a verification process &amp; confirm that a facility\r\nhas been designed, procured, fabricated, installed, tested, and prepared for\r\noperation in accordance with design drawings and specifications. <o:p></o:p></p><p class=\"MsoNormal\" style=\"margin-bottom:0cm;margin-bottom:.0001pt;text-align:\r\njustify\">Boiler / Power plant commissioning services of all types and\r\ncapacities, which includes;<o:p></o:p></p><p class=\"MsoListParagraphCxSpFirst\" style=\"margin-top:0cm;margin-right:0cm;\r\nmargin-bottom:0cm;margin-left:54.0pt;margin-bottom:.0001pt;mso-add-space:auto;\r\ntext-align:justify;text-indent:-18.0pt;mso-list:l0 level1 lfo1\"><!--[if !supportLists]--><span style=\"font-family:Wingdings;mso-fareast-font-family:Wingdings;mso-bidi-font-family:\r\nWingdings\">v<span style=\"font-variant-numeric: normal; font-variant-east-asian: normal; font-stretch: normal; font-size: 7pt; line-height: normal; font-family: &quot;Times New Roman&quot;;\">&nbsp;\r\n</span></span><!--[endif]-->Pre-Commissioning checks<o:p></o:p></p><p class=\"MsoListParagraphCxSpMiddle\" style=\"margin-top:0cm;margin-right:0cm;\r\nmargin-bottom:0cm;margin-left:54.0pt;margin-bottom:.0001pt;mso-add-space:auto;\r\ntext-align:justify;text-indent:-18.0pt;mso-list:l0 level1 lfo1\"><!--[if !supportLists]--><span style=\"font-family:Wingdings;mso-fareast-font-family:Wingdings;mso-bidi-font-family:\r\nWingdings\">v<span style=\"font-variant-numeric: normal; font-variant-east-asian: normal; font-stretch: normal; font-size: 7pt; line-height: normal; font-family: &quot;Times New Roman&quot;;\">&nbsp;\r\n</span></span><!--[endif]-->Oil Systems Flushing<o:p></o:p></p><p class=\"MsoListParagraphCxSpMiddle\" style=\"margin-top:0cm;margin-right:0cm;\r\nmargin-bottom:0cm;margin-left:54.0pt;margin-bottom:.0001pt;mso-add-space:auto;\r\ntext-align:justify;text-indent:-18.0pt;mso-list:l0 level1 lfo1\"><!--[if !supportLists]--><span style=\"font-family:Wingdings;mso-fareast-font-family:Wingdings;mso-bidi-font-family:\r\nWingdings\">v<span style=\"font-variant-numeric: normal; font-variant-east-asian: normal; font-stretch: normal; font-size: 7pt; line-height: normal; font-family: &quot;Times New Roman&quot;;\">&nbsp;\r\n</span></span><!--[endif]-->Function testing of safety systems<o:p></o:p></p><p class=\"MsoListParagraphCxSpMiddle\" style=\"margin-top:0cm;margin-right:0cm;\r\nmargin-bottom:0cm;margin-left:54.0pt;margin-bottom:.0001pt;mso-add-space:auto;\r\ntext-align:justify;text-indent:-18.0pt;mso-list:l0 level1 lfo1\"><!--[if !supportLists]--><span style=\"font-family:Wingdings;mso-fareast-font-family:Wingdings;mso-bidi-font-family:\r\nWingdings\">v<span style=\"font-variant-numeric: normal; font-variant-east-asian: normal; font-stretch: normal; font-size: 7pt; line-height: normal; font-family: &quot;Times New Roman&quot;;\">&nbsp;\r\n</span></span><!--[endif]-->Function testing of installed equipment to its\r\nfull capacity<o:p></o:p></p><p class=\"MsoListParagraphCxSpMiddle\" style=\"margin-top:0cm;margin-right:0cm;\r\nmargin-bottom:0cm;margin-left:54.0pt;margin-bottom:.0001pt;mso-add-space:auto;\r\ntext-align:justify;text-indent:-18.0pt;mso-list:l0 level1 lfo1\"><!--[if !supportLists]--><span style=\"font-family:Wingdings;mso-fareast-font-family:Wingdings;mso-bidi-font-family:\r\nWingdings\">v<span style=\"font-variant-numeric: normal; font-variant-east-asian: normal; font-stretch: normal; font-size: 7pt; line-height: normal; font-family: &quot;Times New Roman&quot;;\">&nbsp;\r\n</span></span><!--[endif]-->Calibrations of control valves and instruments<o:p></o:p></p><p class=\"MsoListParagraphCxSpMiddle\" style=\"margin-top:0cm;margin-right:0cm;\r\nmargin-bottom:0cm;margin-left:54.0pt;margin-bottom:.0001pt;mso-add-space:auto;\r\ntext-align:justify;text-indent:-18.0pt;mso-list:l0 level1 lfo1\"><!--[if !supportLists]--><span style=\"font-family:Wingdings;mso-fareast-font-family:Wingdings;mso-bidi-font-family:\r\nWingdings\">v<span style=\"font-variant-numeric: normal; font-variant-east-asian: normal; font-stretch: normal; font-size: 7pt; line-height: normal; font-family: &quot;Times New Roman&quot;;\">&nbsp;\r\n</span></span><!--[endif]-->Refractory dry-out and Alkali boil-out<o:p></o:p></p><p class=\"MsoListParagraphCxSpMiddle\" style=\"margin-top:0cm;margin-right:0cm;\r\nmargin-bottom:0cm;margin-left:54.0pt;margin-bottom:.0001pt;mso-add-space:auto;\r\ntext-align:justify;text-indent:-18.0pt;mso-list:l0 level1 lfo1\"><!--[if !supportLists]--><span style=\"font-family:Wingdings;mso-fareast-font-family:Wingdings;mso-bidi-font-family:\r\nWingdings\">v<span style=\"font-variant-numeric: normal; font-variant-east-asian: normal; font-stretch: normal; font-size: 7pt; line-height: normal; font-family: &quot;Times New Roman&quot;;\">&nbsp;\r\n</span></span><!--[endif]-->Steam blowing and Safety valve setting<o:p></o:p></p><p class=\"MsoListParagraphCxSpMiddle\" style=\"margin-top:0cm;margin-right:0cm;\r\nmargin-bottom:0cm;margin-left:54.0pt;margin-bottom:.0001pt;mso-add-space:auto;\r\ntext-align:justify;text-indent:-18.0pt;mso-list:l0 level1 lfo1\"><!--[if !supportLists]--><span style=\"font-family:Wingdings;mso-fareast-font-family:Wingdings;mso-bidi-font-family:\r\nWingdings\">v<span style=\"font-variant-numeric: normal; font-variant-east-asian: normal; font-stretch: normal; font-size: 7pt; line-height: normal; font-family: &quot;Times New Roman&quot;;\">&nbsp;\r\n</span></span><!--[endif]-->Commissioning of Boiler / Power plant equipments</p><p class=\"MsoListParagraphCxSpMiddle\" style=\"margin-top:0cm;margin-right:0cm;\r\nmargin-bottom:0cm;margin-left:54.0pt;margin-bottom:.0001pt;mso-add-space:auto;\r\ntext-align:justify;text-indent:-18.0pt;mso-list:l0 level1 lfo1\"><span style=\"text-indent: -18pt; font-family: Wingdings;\">v<span style=\"font-variant-numeric: normal; font-variant-east-asian: normal; font-stretch: normal; font-size: 7pt; line-height: normal; font-family: &quot;Times New Roman&quot;;\">&nbsp;\r\n</span></span><span style=\"text-indent: -18pt;\">Conducting Reliability Run Test</span></p><p class=\"MsoListParagraphCxSpLast\" style=\"margin-top:0cm;margin-right:0cm;\r\nmargin-bottom:0cm;margin-left:54.0pt;margin-bottom:.0001pt;mso-add-space:auto;\r\ntext-align:justify;text-indent:-18.0pt;mso-list:l0 level1 lfo1\"><o:p></o:p></p>', '', 1599888925, 2, 1),
(34, 4, 0, 0, '', '', '<p class=\"MsoNormal\" style=\"margin-bottom:0cm;margin-bottom:.0001pt;text-align:\r\njustify\">Conduct the Performance Test to determine the;<o:p></o:p></p><p class=\"MsoListParagraphCxSpFirst\" style=\"margin-top:0cm;margin-right:0cm;\r\nmargin-bottom:0cm;margin-left:54.0pt;margin-bottom:.0001pt;mso-add-space:auto;\r\ntext-align:justify;text-indent:-18.0pt;mso-list:l0 level1 lfo1\"><!--[if !supportLists]--><span style=\"font-family:Wingdings;mso-fareast-font-family:Wingdings;mso-bidi-font-family:\r\nWingdings\">v<span style=\"font-variant-numeric: normal; font-variant-east-asian: normal; font-stretch: normal; font-size: 7pt; line-height: normal; font-family: &quot;Times New Roman&quot;;\">&nbsp;\r\n</span></span><!--[endif]-->Boiler Efficiency<o:p></o:p></p><p class=\"MsoListParagraphCxSpMiddle\" style=\"margin-top:0cm;margin-right:0cm;\r\nmargin-bottom:0cm;margin-left:54.0pt;margin-bottom:.0001pt;mso-add-space:auto;\r\ntext-align:justify;text-indent:-18.0pt;mso-list:l0 level1 lfo1\"><!--[if !supportLists]--><span style=\"font-family:Wingdings;mso-fareast-font-family:Wingdings;mso-bidi-font-family:\r\nWingdings\">v<span style=\"font-variant-numeric: normal; font-variant-east-asian: normal; font-stretch: normal; font-size: 7pt; line-height: normal; font-family: &quot;Times New Roman&quot;;\">&nbsp;\r\n</span></span><!--[endif]-->Boiler output<o:p></o:p></p><p class=\"MsoListParagraphCxSpMiddle\" style=\"margin-top:0cm;margin-right:0cm;\r\nmargin-bottom:0cm;margin-left:54.0pt;margin-bottom:.0001pt;mso-add-space:auto;\r\ntext-align:justify;text-indent:-18.0pt;mso-list:l0 level1 lfo1\"><!--[if !supportLists]--><span style=\"font-family:Wingdings;mso-fareast-font-family:Wingdings;mso-bidi-font-family:\r\nWingdings\">v<span style=\"font-variant-numeric: normal; font-variant-east-asian: normal; font-stretch: normal; font-size: 7pt; line-height: normal; font-family: &quot;Times New Roman&quot;;\">&nbsp;\r\n</span></span><!--[endif]-->TG Heat rate<o:p></o:p></p><p class=\"MsoListParagraphCxSpMiddle\" style=\"margin-top:0cm;margin-right:0cm;\r\nmargin-bottom:0cm;margin-left:54.0pt;margin-bottom:.0001pt;mso-add-space:auto;\r\ntext-align:justify;text-indent:-18.0pt;mso-list:l0 level1 lfo1\"><!--[if !supportLists]--><span style=\"font-family:Wingdings;mso-fareast-font-family:Wingdings;mso-bidi-font-family:\r\nWingdings\">v<span style=\"font-variant-numeric: normal; font-variant-east-asian: normal; font-stretch: normal; font-size: 7pt; line-height: normal; font-family: &quot;Times New Roman&quot;;\">&nbsp;\r\n</span></span><!--[endif]-->Power output<o:p></o:p></p><p class=\"MsoListParagraphCxSpMiddle\" style=\"margin-top:0cm;margin-right:0cm;\r\nmargin-bottom:0cm;margin-left:54.0pt;margin-bottom:.0001pt;mso-add-space:auto;\r\ntext-align:justify;text-indent:-18.0pt;mso-list:l0 level1 lfo1\"><!--[if !supportLists]--><span style=\"font-family:Wingdings;mso-fareast-font-family:Wingdings;mso-bidi-font-family:\r\nWingdings\">v<span style=\"font-variant-numeric: normal; font-variant-east-asian: normal; font-stretch: normal; font-size: 7pt; line-height: normal; font-family: &quot;Times New Roman&quot;;\">&nbsp;\r\n</span></span><!--[endif]-->Plant Heat rate<o:p></o:p></p><p class=\"MsoListParagraphCxSpMiddle\" style=\"margin-top:0cm;margin-right:0cm;\r\nmargin-bottom:0cm;margin-left:54.0pt;margin-bottom:.0001pt;mso-add-space:auto;\r\ntext-align:justify;text-indent:-18.0pt;mso-list:l0 level1 lfo1\"><!--[if !supportLists]--><span style=\"font-family:Wingdings;mso-fareast-font-family:Wingdings;mso-bidi-font-family:\r\nWingdings\">v<span style=\"font-variant-numeric: normal; font-variant-east-asian: normal; font-stretch: normal; font-size: 7pt; line-height: normal; font-family: &quot;Times New Roman&quot;;\">&nbsp;\r\n</span></span><!--[endif]-->Aux. power consumption<o:p></o:p></p><p class=\"MsoListParagraphCxSpMiddle\" style=\"margin-top:0cm;margin-right:0cm;\r\nmargin-bottom:0cm;margin-left:54.0pt;margin-bottom:.0001pt;mso-add-space:auto;\r\ntext-align:justify;text-indent:-18.0pt;mso-list:l0 level1 lfo1\"><!--[if !supportLists]--><span style=\"font-family:Wingdings;mso-fareast-font-family:Wingdings;mso-bidi-font-family:\r\nWingdings\">v<span style=\"font-variant-numeric: normal; font-variant-east-asian: normal; font-stretch: normal; font-size: 7pt; line-height: normal; font-family: &quot;Times New Roman&quot;;\">&nbsp;\r\n</span></span><!--[endif]-->Steam Purity<o:p></o:p></p><p class=\"MsoListParagraphCxSpMiddle\" style=\"margin-top:0cm;margin-right:0cm;\r\nmargin-bottom:0cm;margin-left:54.0pt;margin-bottom:.0001pt;mso-add-space:auto;\r\ntext-align:justify;text-indent:-18.0pt;mso-list:l0 level1 lfo1\"><!--[if !supportLists]--><span style=\"font-family:Wingdings;mso-fareast-font-family:Wingdings;mso-bidi-font-family:\r\nWingdings\">v<span style=\"font-variant-numeric: normal; font-variant-east-asian: normal; font-stretch: normal; font-size: 7pt; line-height: normal; font-family: &quot;Times New Roman&quot;;\">&nbsp;\r\n</span></span><!--[endif]-->Emission level<o:p></o:p></p><p class=\"MsoListParagraphCxSpMiddle\" style=\"margin-top:0cm;margin-right:0cm;\r\nmargin-bottom:0cm;margin-left:54.0pt;margin-bottom:.0001pt;mso-add-space:auto;\r\ntext-align:justify;text-indent:-18.0pt;mso-list:l0 level1 lfo1\"><!--[if !supportLists]--><span style=\"font-family:Wingdings;mso-fareast-font-family:Wingdings;mso-bidi-font-family:\r\nWingdings\">v<span style=\"font-variant-numeric: normal; font-variant-east-asian: normal; font-stretch: normal; font-size: 7pt; line-height: normal; font-family: &quot;Times New Roman&quot;;\">&nbsp;\r\n</span></span><!--[endif]-->Noise level<o:p></o:p></p><p class=\"MsoListParagraphCxSpLast\" style=\"margin-top:0cm;margin-right:0cm;\r\nmargin-bottom:0cm;margin-left:54.0pt;margin-bottom:.0001pt;mso-add-space:auto;\r\ntext-align:justify\"><o:p>&nbsp;</o:p></p><p class=\"MsoNormal\" style=\"margin-bottom:0cm;margin-bottom:.0001pt;text-align:\r\njustify\">Conduct Energy Audit to identify improvement in;<o:p></o:p></p><p class=\"MsoListParagraphCxSpFirst\" style=\"margin-top:0cm;margin-right:0cm;\r\nmargin-bottom:0cm;margin-left:54.0pt;margin-bottom:.0001pt;mso-add-space:auto;\r\ntext-align:justify;text-indent:-18.0pt;mso-list:l0 level1 lfo1\"><!--[if !supportLists]--><span style=\"font-family:Wingdings;mso-fareast-font-family:Wingdings;mso-bidi-font-family:\r\nWingdings\">v<span style=\"font-variant-numeric: normal; font-variant-east-asian: normal; font-stretch: normal; font-size: 7pt; line-height: normal; font-family: &quot;Times New Roman&quot;;\">&nbsp;\r\n</span></span><!--[endif]-->The Plant Heat Rate<o:p></o:p></p><p class=\"MsoListParagraphCxSpMiddle\" style=\"margin-top:0cm;margin-right:0cm;\r\nmargin-bottom:0cm;margin-left:54.0pt;margin-bottom:.0001pt;mso-add-space:auto;\r\ntext-align:justify;text-indent:-18.0pt;mso-list:l0 level1 lfo1\"><!--[if !supportLists]--><span style=\"font-family:Wingdings;mso-fareast-font-family:Wingdings;mso-bidi-font-family:\r\nWingdings\">v<span style=\"font-variant-numeric: normal; font-variant-east-asian: normal; font-stretch: normal; font-size: 7pt; line-height: normal; font-family: &quot;Times New Roman&quot;;\">&nbsp;\r\n</span></span><!--[endif]-->The Boiler Efficiency<o:p></o:p></p><p class=\"MsoListParagraphCxSpMiddle\" style=\"margin-top:0cm;margin-right:0cm;\r\nmargin-bottom:0cm;margin-left:54.0pt;margin-bottom:.0001pt;mso-add-space:auto;\r\ntext-align:justify;text-indent:-18.0pt;mso-list:l0 level1 lfo1\"><!--[if !supportLists]--><span style=\"font-family:Wingdings;mso-fareast-font-family:Wingdings;mso-bidi-font-family:\r\nWingdings\">v<span style=\"font-variant-numeric: normal; font-variant-east-asian: normal; font-stretch: normal; font-size: 7pt; line-height: normal; font-family: &quot;Times New Roman&quot;;\">&nbsp;\r\n</span></span><!--[endif]-->Aux. power consumption<o:p></o:p></p><p class=\"MsoListParagraphCxSpMiddle\" style=\"margin-top:0cm;margin-right:0cm;\r\nmargin-bottom:0cm;margin-left:54.0pt;margin-bottom:.0001pt;mso-add-space:auto;\r\ntext-align:justify;text-indent:-18.0pt;mso-list:l0 level1 lfo1\"><!--[if !supportLists]--><span style=\"font-family:Wingdings;mso-fareast-font-family:Wingdings;mso-bidi-font-family:\r\nWingdings\">v<span style=\"font-variant-numeric: normal; font-variant-east-asian: normal; font-stretch: normal; font-size: 7pt; line-height: normal; font-family: &quot;Times New Roman&quot;;\">&nbsp;\r\n</span></span><!--[endif]-->Water consumption<o:p></o:p></p><p class=\"MsoListParagraphCxSpMiddle\" style=\"margin-top:0cm;margin-right:0cm;\r\nmargin-bottom:0cm;margin-left:54.0pt;margin-bottom:.0001pt;mso-add-space:auto;\r\ntext-align:justify;text-indent:-18.0pt;mso-list:l0 level1 lfo1\"><!--[if !supportLists]--><span style=\"font-family:Wingdings;mso-fareast-font-family:Wingdings;mso-bidi-font-family:\r\nWingdings\">v<span style=\"font-variant-numeric: normal; font-variant-east-asian: normal; font-stretch: normal; font-size: 7pt; line-height: normal; font-family: &quot;Times New Roman&quot;;\">&nbsp;\r\n</span></span><!--[endif]-->TG heat rate<o:p></o:p></p><p class=\"MsoListParagraphCxSpMiddle\" style=\"margin-top:0cm;margin-right:0cm;\r\nmargin-bottom:0cm;margin-left:54.0pt;margin-bottom:.0001pt;mso-add-space:auto;\r\ntext-align:justify;text-indent:-18.0pt;mso-list:l0 level1 lfo1\"><!--[if !supportLists]--><span style=\"font-family:Wingdings;mso-fareast-font-family:Wingdings;mso-bidi-font-family:\r\nWingdings\">v<span style=\"font-variant-numeric: normal; font-variant-east-asian: normal; font-stretch: normal; font-size: 7pt; line-height: normal; font-family: &quot;Times New Roman&quot;;\">&nbsp;\r\n</span></span><!--[endif]-->Net plant heat rate<o:p></o:p></p><p class=\"MsoListParagraphCxSpMiddle\" style=\"margin-top:0cm;margin-right:0cm;\r\nmargin-bottom:0cm;margin-left:54.0pt;margin-bottom:.0001pt;mso-add-space:auto;\r\ntext-align:justify;text-indent:-18.0pt;mso-list:l0 level1 lfo1\"><!--[if !supportLists]--><span style=\"font-family:Wingdings;mso-fareast-font-family:Wingdings;mso-bidi-font-family:\r\nWingdings\">v<span style=\"font-variant-numeric: normal; font-variant-east-asian: normal; font-stretch: normal; font-size: 7pt; line-height: normal; font-family: &quot;Times New Roman&quot;;\">&nbsp;\r\n</span></span><!--[endif]-->CT cooling range<o:p></o:p></p><p class=\"MsoListParagraphCxSpMiddle\" style=\"margin-top:0cm;margin-right:0cm;\r\nmargin-bottom:0cm;margin-left:54.0pt;margin-bottom:.0001pt;mso-add-space:auto;\r\ntext-align:justify;text-indent:-18.0pt;mso-list:l0 level1 lfo1\"><!--[if !supportLists]--><span style=\"font-family:Wingdings;mso-fareast-font-family:Wingdings;mso-bidi-font-family:\r\nWingdings\">v<span style=\"font-variant-numeric: normal; font-variant-east-asian: normal; font-stretch: normal; font-size: 7pt; line-height: normal; font-family: &quot;Times New Roman&quot;;\">&nbsp;\r\n</span></span><!--[endif]-->CT make up water consumption<o:p></o:p></p><p class=\"MsoListParagraphCxSpMiddle\" style=\"margin-top:0cm;margin-right:0cm;\r\nmargin-bottom:0cm;margin-left:54.0pt;margin-bottom:.0001pt;mso-add-space:auto;\r\ntext-align:justify;text-indent:-18.0pt;mso-list:l0 level1 lfo1\"><!--[if !supportLists]--><span style=\"font-family:Wingdings;mso-fareast-font-family:Wingdings;mso-bidi-font-family:\r\nWingdings\">v<span style=\"font-variant-numeric: normal; font-variant-east-asian: normal; font-stretch: normal; font-size: 7pt; line-height: normal; font-family: &quot;Times New Roman&quot;;\">&nbsp;\r\n</span></span><!--[endif]-->DM water make up consumption <o:p></o:p></p><p class=\"MsoListParagraphCxSpMiddle\" style=\"margin-top:0cm;margin-right:0cm;\r\nmargin-bottom:0cm;margin-left:54.0pt;margin-bottom:.0001pt;mso-add-space:auto;\r\ntext-align:justify;text-indent:-18.0pt;mso-list:l0 level1 lfo1\"><!--[if !supportLists]--><span style=\"font-family:Wingdings;mso-fareast-font-family:Wingdings;mso-bidi-font-family:\r\nWingdings\">v<span style=\"font-variant-numeric: normal; font-variant-east-asian: normal; font-stretch: normal; font-size: 7pt; line-height: normal; font-family: &quot;Times New Roman&quot;;\">&nbsp;\r\n</span></span><!--[endif]-->Chemical consumption<o:p></o:p></p><p class=\"MsoListParagraphCxSpMiddle\" style=\"margin-top:0cm;margin-right:0cm;\r\nmargin-bottom:0cm;margin-left:54.0pt;margin-bottom:.0001pt;mso-add-space:auto;\r\ntext-align:justify;text-indent:-18.0pt;mso-list:l0 level1 lfo1\"><!--[if !supportLists]--><span style=\"font-family:Wingdings;mso-fareast-font-family:Wingdings;mso-bidi-font-family:\r\nWingdings\">v<span style=\"font-variant-numeric: normal; font-variant-east-asian: normal; font-stretch: normal; font-size: 7pt; line-height: normal; font-family: &quot;Times New Roman&quot;;\">&nbsp;\r\n</span></span><!--[endif]-->Fuel sizing and FHS operation<o:p></o:p></p><p class=\"MsoListParagraphCxSpMiddle\" style=\"margin-top:0cm;margin-right:0cm;\r\nmargin-bottom:0cm;margin-left:54.0pt;margin-bottom:.0001pt;mso-add-space:auto;\r\ntext-align:justify;text-indent:-18.0pt;mso-list:l0 level1 lfo1\"><!--[if !supportLists]--><span style=\"font-family:Wingdings;mso-fareast-font-family:Wingdings;mso-bidi-font-family:\r\nWingdings\">v<span style=\"font-variant-numeric: normal; font-variant-east-asian: normal; font-stretch: normal; font-size: 7pt; line-height: normal; font-family: &quot;Times New Roman&quot;;\">&nbsp;\r\n</span></span><!--[endif]-->AHP operation<o:p></o:p></p><p class=\"MsoListParagraphCxSpMiddle\" style=\"margin-top:0cm;margin-right:0cm;\r\nmargin-bottom:0cm;margin-left:54.0pt;margin-bottom:.0001pt;mso-add-space:auto;\r\ntext-align:justify;text-indent:-18.0pt;mso-list:l0 level1 lfo1\"><!--[if !supportLists]--><span style=\"font-family:Wingdings;mso-fareast-font-family:Wingdings;mso-bidi-font-family:\r\nWingdings\">v<span style=\"font-variant-numeric: normal; font-variant-east-asian: normal; font-stretch: normal; font-size: 7pt; line-height: normal; font-family: &quot;Times New Roman&quot;;\">&nbsp;\r\n</span></span><!--[endif]-->Payback period projection<o:p></o:p></p><p class=\"MsoListParagraphCxSpMiddle\" style=\"margin-top:0cm;margin-right:0cm;\r\nmargin-bottom:0cm;margin-left:54.0pt;margin-bottom:.0001pt;mso-add-space:auto;\r\ntext-align:justify;text-indent:-18.0pt;mso-list:l0 level1 lfo1\"><!--[if !supportLists]--><span style=\"font-family:Wingdings;mso-fareast-font-family:Wingdings;mso-bidi-font-family:\r\nWingdings\">v<span style=\"font-variant-numeric: normal; font-variant-east-asian: normal; font-stretch: normal; font-size: 7pt; line-height: normal; font-family: &quot;Times New Roman&quot;;\">&nbsp;\r\n</span></span><!--[endif]-->Replacement / up gradation of plant equipment<o:p></o:p></p><p class=\"MsoListParagraphCxSpMiddle\" style=\"margin-top:0cm;margin-right:0cm;\r\nmargin-bottom:0cm;margin-left:54.0pt;margin-bottom:.0001pt;mso-add-space:auto;\r\ntext-align:justify;text-indent:-18.0pt;mso-list:l0 level1 lfo1\"><!--[if !supportLists]--><span style=\"font-family:Wingdings;mso-fareast-font-family:Wingdings;mso-bidi-font-family:\r\nWingdings\">v<span style=\"font-variant-numeric: normal; font-variant-east-asian: normal; font-stretch: normal; font-size: 7pt; line-height: normal; font-family: &quot;Times New Roman&quot;;\">&nbsp;\r\n</span></span><!--[endif]-->Plant start-up &amp; operation, Stabilization\r\nafter retrofit</p><p class=\"MsoListParagraphCxSpMiddle\" style=\"margin-top:0cm;margin-right:0cm;\r\nmargin-bottom:0cm;margin-left:54.0pt;margin-bottom:.0001pt;mso-add-space:auto;\r\ntext-align:justify;text-indent:-18.0pt;mso-list:l0 level1 lfo1\"><span style=\"text-indent: -18pt; font-family: Wingdings;\">v<span style=\"font-variant-numeric: normal; font-variant-east-asian: normal; font-stretch: normal; font-size: 7pt; line-height: normal; font-family: &quot;Times New Roman&quot;;\">&nbsp;\r\n</span></span><span style=\"text-indent: -18pt;\">Plant performance comparison study after\r\nretrofit</span></p><p class=\"MsoListParagraphCxSpLast\" style=\"margin-top:0cm;margin-right:0cm;\r\nmargin-bottom:0cm;margin-left:54.0pt;margin-bottom:.0001pt;mso-add-space:auto;\r\ntext-align:justify;text-indent:-18.0pt;mso-list:l0 level1 lfo1\"><o:p></o:p></p>', '', 1599889544, 2, 1);
INSERT INTO `services_list` (`srv_id`, `srcat_id`, `srsbcat_id`, `styp_id`, `name`, `srt_descr`, `descr`, `thumb_img`, `crt_stm`, `crt_by`, `status`) VALUES
(35, 1, 0, 0, '', '', '<p class=\"MsoNormal\" style=\"margin-bottom:0cm;margin-bottom:.0001pt\"><b>Comprehensive O &amp; M services by\r\nproviding Expertise, Knowledgeable &amp; experience men power, planning and\r\nprocuring operation and maintenance consumables and spares to ensure the<o:p></o:p></b></p><p class=\"MsoListParagraphCxSpFirst\" style=\"margin-top:0cm;margin-right:0cm;\r\nmargin-bottom:0cm;margin-left:54.0pt;margin-bottom:.0001pt;mso-add-space:auto;\r\ntext-indent:-18.0pt;mso-list:l1 level1 lfo1\"><!--[if !supportLists]--><span style=\"font-family:Wingdings;mso-fareast-font-family:Wingdings;mso-bidi-font-family:\r\nWingdings\">v<span style=\"font-variant-numeric: normal; font-variant-east-asian: normal; font-stretch: normal; font-size: 7pt; line-height: normal; font-family: &quot;Times New Roman&quot;;\">&nbsp;\r\n</span></span><!--[endif]-->Plant availability<o:p></o:p></p><p class=\"MsoListParagraphCxSpMiddle\" style=\"margin-top:0cm;margin-right:0cm;\r\nmargin-bottom:0cm;margin-left:54.0pt;margin-bottom:.0001pt;mso-add-space:auto;\r\ntext-indent:-18.0pt;mso-list:l1 level1 lfo1\"><!--[if !supportLists]--><span style=\"font-family:Wingdings;mso-fareast-font-family:Wingdings;mso-bidi-font-family:\r\nWingdings\">v<span style=\"font-variant-numeric: normal; font-variant-east-asian: normal; font-stretch: normal; font-size: 7pt; line-height: normal; font-family: &quot;Times New Roman&quot;;\">&nbsp;\r\n</span></span><!--[endif]-->Plant load factor<o:p></o:p></p><p class=\"MsoListParagraphCxSpMiddle\" style=\"margin-top:0cm;margin-right:0cm;\r\nmargin-bottom:0cm;margin-left:54.0pt;margin-bottom:.0001pt;mso-add-space:auto;\r\ntext-indent:-18.0pt;mso-list:l1 level1 lfo1\"><!--[if !supportLists]--><span style=\"font-family:Wingdings;mso-fareast-font-family:Wingdings;mso-bidi-font-family:\r\nWingdings\">v<span style=\"font-variant-numeric: normal; font-variant-east-asian: normal; font-stretch: normal; font-size: 7pt; line-height: normal; font-family: &quot;Times New Roman&quot;;\">&nbsp;\r\n</span></span><!--[endif]-->Plant Heat Rate<o:p></o:p></p><p class=\"MsoListParagraphCxSpMiddle\" style=\"margin-top:0cm;margin-right:0cm;\r\nmargin-bottom:0cm;margin-left:54.0pt;margin-bottom:.0001pt;mso-add-space:auto;\r\ntext-indent:-18.0pt;mso-list:l1 level1 lfo1\"><!--[if !supportLists]--><span style=\"font-family:Wingdings;mso-fareast-font-family:Wingdings;mso-bidi-font-family:\r\nWingdings\">v<span style=\"font-variant-numeric: normal; font-variant-east-asian: normal; font-stretch: normal; font-size: 7pt; line-height: normal; font-family: &quot;Times New Roman&quot;;\">&nbsp;\r\n</span></span><!--[endif]-->Auxiliary power consumption<o:p></o:p></p><p class=\"MsoListParagraphCxSpMiddle\" style=\"margin-top:0cm;margin-right:0cm;\r\nmargin-bottom:0cm;margin-left:54.0pt;margin-bottom:.0001pt;mso-add-space:auto;\r\ntext-indent:-18.0pt;mso-list:l0 level1 lfo2\"><!--[if !supportLists]--><span style=\"font-family:Wingdings;mso-fareast-font-family:Wingdings;mso-bidi-font-family:\r\nWingdings\">v<span style=\"font-variant-numeric: normal; font-variant-east-asian: normal; font-stretch: normal; font-size: 7pt; line-height: normal; font-family: &quot;Times New Roman&quot;;\">&nbsp;\r\n</span></span><!--[endif]-->Fuel management<o:p></o:p></p><p class=\"MsoListParagraphCxSpMiddle\" style=\"margin-top:0cm;margin-right:0cm;\r\nmargin-bottom:0cm;margin-left:54.0pt;margin-bottom:.0001pt;mso-add-space:auto;\r\ntext-indent:-18.0pt;mso-list:l0 level1 lfo2\"><!--[if !supportLists]--><span style=\"font-family:Wingdings;mso-fareast-font-family:Wingdings;mso-bidi-font-family:\r\nWingdings\">v<span style=\"font-variant-numeric: normal; font-variant-east-asian: normal; font-stretch: normal; font-size: 7pt; line-height: normal; font-family: &quot;Times New Roman&quot;;\">&nbsp;\r\n</span></span><!--[endif]-->Ash management<o:p></o:p></p><p class=\"MsoListParagraphCxSpMiddle\" style=\"margin-top:0cm;margin-right:0cm;\r\nmargin-bottom:0cm;margin-left:54.0pt;margin-bottom:.0001pt;mso-add-space:auto;\r\ntext-indent:-18.0pt;mso-list:l0 level1 lfo2\"><!--[if !supportLists]--><span style=\"font-family:Wingdings;mso-fareast-font-family:Wingdings;mso-bidi-font-family:\r\nWingdings\">v<span style=\"font-variant-numeric: normal; font-variant-east-asian: normal; font-stretch: normal; font-size: 7pt; line-height: normal; font-family: &quot;Times New Roman&quot;;\">&nbsp;\r\n</span></span><!--[endif]-->Water management<o:p></o:p></p><p class=\"MsoListParagraphCxSpMiddle\" style=\"margin-top:0cm;margin-right:0cm;\r\nmargin-bottom:0cm;margin-left:54.0pt;margin-bottom:.0001pt;mso-add-space:auto;\r\ntext-indent:-18.0pt;mso-list:l0 level1 lfo2\"><!--[if !supportLists]--><span style=\"font-family:Wingdings;mso-fareast-font-family:Wingdings;mso-bidi-font-family:\r\nWingdings\">v<span style=\"font-variant-numeric: normal; font-variant-east-asian: normal; font-stretch: normal; font-size: 7pt; line-height: normal; font-family: &quot;Times New Roman&quot;;\">&nbsp;\r\n</span></span><!--[endif]-->Performance, Productivity analysis report<o:p></o:p></p><p class=\"MsoListParagraphCxSpMiddle\" style=\"margin-top:0cm;margin-right:0cm;\r\nmargin-bottom:0cm;margin-left:54.0pt;margin-bottom:.0001pt;mso-add-space:auto;\r\ntext-indent:-18.0pt;mso-list:l0 level1 lfo2\"><!--[if !supportLists]--><span style=\"font-family:Wingdings;mso-fareast-font-family:Wingdings;mso-bidi-font-family:\r\nWingdings\">v<span style=\"font-variant-numeric: normal; font-variant-east-asian: normal; font-stretch: normal; font-size: 7pt; line-height: normal; font-family: &quot;Times New Roman&quot;;\">&nbsp;\r\n</span></span><!--[endif]-->MIS preparation &amp; reporting on regular basis<o:p></o:p></p><p class=\"MsoListParagraphCxSpLast\" style=\"margin-top:0cm;margin-right:0cm;\r\nmargin-bottom:0cm;margin-left:54.0pt;margin-bottom:.0001pt;mso-add-space:auto\"><span style=\"font-size:6.0pt;mso-bidi-font-size:11.0pt;line-height:107%\"><o:p>&nbsp;</o:p></span></p><p class=\"MsoNormal\"><b><span style=\"background-color: rgb(255, 0, 0); color: rgb(255, 255, 255);\">Why SPEL for O &amp;\r\nM:</span><o:p></o:p></b></p><p class=\"MsoNormal\" style=\"text-align:justify\">SPEL offers a complete range of\r\nOperations &amp; Maintenance (O&amp;M) services to the Industrial boilers and\r\nThermal power plants.&nbsp; SPEL having rich\r\nexperience in setting up complete O&amp;M activities to ensure safe, efficient\r\noperations, capable of managing both planned &amp; unplanned maintenance\r\nactivities of the plant equipments.<b><o:p></o:p></b></p><p class=\"MsoListParagraphCxSpFirst\" style=\"margin-top:0cm;margin-right:0cm;\r\nmargin-bottom:0cm;margin-left:14.2pt;margin-bottom:.0001pt;mso-add-space:auto;\r\ntext-align:justify;text-indent:-7.1pt;line-height:normal;mso-list:l2 level1 lfo3\"><!--[if !supportLists]--><span style=\"font-family:Symbol;mso-fareast-font-family:Symbol;mso-bidi-font-family:\r\nSymbol\">·<span style=\"font-variant-numeric: normal; font-variant-east-asian: normal; font-stretch: normal; font-size: 7pt; line-height: normal; font-family: &quot;Times New Roman&quot;;\">\r\n</span></span><!--[endif]-->Optimization of fuel mix and fuel consumption<o:p></o:p></p><p class=\"MsoListParagraphCxSpMiddle\" style=\"margin-top:0cm;margin-right:0cm;\r\nmargin-bottom:0cm;margin-left:14.2pt;margin-bottom:.0001pt;mso-add-space:auto;\r\ntext-align:justify;text-indent:-7.1pt;line-height:normal;mso-list:l2 level1 lfo3\"><!--[if !supportLists]--><span style=\"font-family:Symbol;mso-fareast-font-family:Symbol;mso-bidi-font-family:\r\nSymbol\">·<span style=\"font-variant-numeric: normal; font-variant-east-asian: normal; font-stretch: normal; font-size: 7pt; line-height: normal; font-family: &quot;Times New Roman&quot;;\">\r\n</span></span><!--[endif]-->Optimization of O&amp;M spares consumption<o:p></o:p></p><p class=\"MsoListParagraphCxSpMiddle\" style=\"margin-top:0cm;margin-right:0cm;\r\nmargin-bottom:0cm;margin-left:14.2pt;margin-bottom:.0001pt;mso-add-space:auto;\r\ntext-align:justify;text-indent:-7.1pt;line-height:normal;mso-list:l2 level1 lfo3\"><!--[if !supportLists]--><span style=\"font-family:Symbol;mso-fareast-font-family:Symbol;mso-bidi-font-family:\r\nSymbol\">·<span style=\"font-variant-numeric: normal; font-variant-east-asian: normal; font-stretch: normal; font-size: 7pt; line-height: normal; font-family: &quot;Times New Roman&quot;;\">\r\n</span></span><!--[endif]-->Optimization of makeup water consumption<o:p></o:p></p><p class=\"MsoListParagraphCxSpMiddle\" style=\"margin-top:0cm;margin-right:0cm;\r\nmargin-bottom:0cm;margin-left:14.2pt;margin-bottom:.0001pt;mso-add-space:auto;\r\ntext-align:justify;text-indent:-7.1pt;line-height:normal;mso-list:l2 level1 lfo3\"><!--[if !supportLists]--><span style=\"font-family:Symbol;mso-fareast-font-family:Symbol;mso-bidi-font-family:\r\nSymbol\">·<span style=\"font-variant-numeric: normal; font-variant-east-asian: normal; font-stretch: normal; font-size: 7pt; line-height: normal; font-family: &quot;Times New Roman&quot;;\">\r\n</span></span><!--[endif]-->Optimization of raw water consumption<o:p></o:p></p><p class=\"MsoListParagraphCxSpMiddle\" style=\"margin-top:0cm;margin-right:0cm;\r\nmargin-bottom:0cm;margin-left:14.2pt;margin-bottom:.0001pt;mso-add-space:auto;\r\ntext-align:justify;text-indent:-7.1pt;line-height:normal;mso-list:l2 level1 lfo3\"><!--[if !supportLists]--><span style=\"font-family:Symbol;mso-fareast-font-family:Symbol;mso-bidi-font-family:\r\nSymbol\">·<span style=\"font-variant-numeric: normal; font-variant-east-asian: normal; font-stretch: normal; font-size: 7pt; line-height: normal; font-family: &quot;Times New Roman&quot;;\">\r\n</span></span><!--[endif]-->Optimization of chemicals &amp; consumables\r\nconsumption<o:p></o:p></p><p class=\"MsoListParagraphCxSpMiddle\" style=\"margin-top:0cm;margin-right:0cm;\r\nmargin-bottom:0cm;margin-left:14.2pt;margin-bottom:.0001pt;mso-add-space:auto;\r\ntext-align:justify;text-indent:-7.1pt;line-height:normal;mso-list:l2 level1 lfo3\"><!--[if !supportLists]--><span style=\"font-family:Symbol;mso-fareast-font-family:Symbol;mso-bidi-font-family:\r\nSymbol\">·<span style=\"font-variant-numeric: normal; font-variant-east-asian: normal; font-stretch: normal; font-size: 7pt; line-height: normal; font-family: &quot;Times New Roman&quot;;\">\r\n</span></span><!--[endif]-->Diagnosing breakdown problems of all the power\r\nplant equipment’s<o:p></o:p></p><p class=\"MsoListParagraphCxSpMiddle\" style=\"margin-top:0cm;margin-right:0cm;\r\nmargin-bottom:0cm;margin-left:14.2pt;margin-bottom:.0001pt;mso-add-space:auto;\r\ntext-align:justify;text-indent:-7.1pt;line-height:normal;mso-list:l2 level1 lfo3\"><!--[if !supportLists]--><span style=\"font-family:Symbol;mso-fareast-font-family:Symbol;mso-bidi-font-family:\r\nSymbol\">·<span style=\"font-variant-numeric: normal; font-variant-east-asian: normal; font-stretch: normal; font-size: 7pt; line-height: normal; font-family: &quot;Times New Roman&quot;;\">\r\n</span></span><!--[endif]-->Inventory management for consumables, wear &amp;\r\ntear spares and capital spares<o:p></o:p></p><p class=\"MsoListParagraphCxSpMiddle\" style=\"margin-top:0cm;margin-right:0cm;\r\nmargin-bottom:0cm;margin-left:14.2pt;margin-bottom:.0001pt;mso-add-space:auto;\r\ntext-align:justify;text-indent:-7.1pt;line-height:normal;mso-list:l2 level1 lfo3\"><!--[if !supportLists]--><span style=\"font-family:Symbol;mso-fareast-font-family:Symbol;mso-bidi-font-family:\r\nSymbol\">·<span style=\"font-variant-numeric: normal; font-variant-east-asian: normal; font-stretch: normal; font-size: 7pt; line-height: normal; font-family: &quot;Times New Roman&quot;;\">\r\n</span></span><!--[endif]-->Condition monitoring of all rotating equipments\r\nwith reputed third party<o:p></o:p></p><p class=\"MsoListParagraphCxSpMiddle\" style=\"margin-top:0cm;margin-right:0cm;\r\nmargin-bottom:0cm;margin-left:14.2pt;margin-bottom:.0001pt;mso-add-space:auto;\r\ntext-align:justify;text-indent:-7.1pt;line-height:normal;mso-list:l2 level1 lfo3\"><!--[if !supportLists]--><span style=\"font-family:Symbol;mso-fareast-font-family:Symbol;mso-bidi-font-family:\r\nSymbol\">·<span style=\"font-variant-numeric: normal; font-variant-east-asian: normal; font-stretch: normal; font-size: 7pt; line-height: normal; font-family: &quot;Times New Roman&quot;;\">\r\n</span></span><!--[endif]-->Extend technical support for all statutory\r\npermits and clearance<o:p></o:p></p><p class=\"MsoListParagraphCxSpMiddle\" style=\"margin-top:0cm;margin-right:0cm;\r\nmargin-bottom:0cm;margin-left:14.2pt;margin-bottom:.0001pt;mso-add-space:auto;\r\ntext-align:justify;text-indent:-7.1pt;line-height:normal;mso-list:l2 level1 lfo3\"><!--[if !supportLists]--><span style=\"font-family:Symbol;mso-fareast-font-family:Symbol;mso-bidi-font-family:\r\nSymbol\">·<span style=\"font-variant-numeric: normal; font-variant-east-asian: normal; font-stretch: normal; font-size: 7pt; line-height: normal; font-family: &quot;Times New Roman&quot;;\">\r\n</span></span><!--[endif]-->Performance monitoring, diagnostics and\r\nefficiency enhancement.<o:p></o:p></p><p class=\"MsoListParagraphCxSpMiddle\" style=\"margin-top:0cm;margin-right:0cm;\r\nmargin-bottom:0cm;margin-left:14.2pt;margin-bottom:.0001pt;mso-add-space:auto;\r\ntext-align:justify;text-indent:-7.1pt;line-height:normal;mso-list:l2 level1 lfo3\"><!--[if !supportLists]--><span style=\"font-family:Symbol;mso-fareast-font-family:Symbol;mso-bidi-font-family:\r\nSymbol\">·<span style=\"font-variant-numeric: normal; font-variant-east-asian: normal; font-stretch: normal; font-size: 7pt; line-height: normal; font-family: &quot;Times New Roman&quot;;\">\r\n</span></span><!--[endif]-->Boiler overhauling and IBR certificate renewal<o:p></o:p></p><p class=\"MsoListParagraphCxSpMiddle\" style=\"margin-top:0cm;margin-right:0cm;\r\nmargin-bottom:0cm;margin-left:14.2pt;margin-bottom:.0001pt;mso-add-space:auto;\r\ntext-align:justify;text-indent:-7.1pt;line-height:normal;mso-list:l2 level1 lfo3\"><!--[if !supportLists]--><span style=\"font-family:Symbol;mso-fareast-font-family:Symbol;mso-bidi-font-family:\r\nSymbol\">·<span style=\"font-variant-numeric: normal; font-variant-east-asian: normal; font-stretch: normal; font-size: 7pt; line-height: normal; font-family: &quot;Times New Roman&quot;;\">\r\n</span></span><!--[endif]-->Liaising with different departments in client\r\npremises.<o:p></o:p></p><p class=\"MsoListParagraphCxSpMiddle\" style=\"margin-top:0cm;margin-right:0cm;\r\nmargin-bottom:0cm;margin-left:14.2pt;margin-bottom:.0001pt;mso-add-space:auto;\r\ntext-align:justify;text-indent:-7.1pt;line-height:normal;mso-list:l2 level1 lfo3\"><!--[if !supportLists]--><span style=\"font-family:Symbol;mso-fareast-font-family:Symbol;mso-bidi-font-family:\r\nSymbol\">·<span style=\"font-variant-numeric: normal; font-variant-east-asian: normal; font-stretch: normal; font-size: 7pt; line-height: normal; font-family: &quot;Times New Roman&quot;;\">\r\n</span></span><!--[endif]-->AMC contract with OEM for certain critical\r\nequipments</p><p class=\"MsoListParagraphCxSpMiddle\" style=\"margin-top:0cm;margin-right:0cm;\r\nmargin-bottom:0cm;margin-left:14.2pt;margin-bottom:.0001pt;mso-add-space:auto;\r\ntext-align:justify;text-indent:-7.1pt;line-height:normal;mso-list:l2 level1 lfo3\"><span style=\"text-indent: -7.1pt; font-family: Symbol;\">·<span style=\"font-variant-numeric: normal; font-variant-east-asian: normal; font-stretch: normal; font-size: 7pt; line-height: normal; font-family: &quot;Times New Roman&quot;;\">\r\n</span></span><span style=\"text-indent: -7.1pt;\">Safety audits</span></p><p class=\"MsoListParagraphCxSpLast\" style=\"margin-top:0cm;margin-right:0cm;\r\nmargin-bottom:0cm;margin-left:14.2pt;margin-bottom:.0001pt;mso-add-space:auto;\r\ntext-indent:-7.1pt;line-height:normal;mso-list:l2 level1 lfo3\"><o:p></o:p></p>', '', 1599889675, 2, -1),
(36, 1, 0, 0, '', '', '<p class=\"MsoNormal\" style=\"margin-bottom:0cm;margin-bottom:.0001pt\"><b>Comprehensive O &amp; M services by\r\nproviding Expertise, Knowledgeable &amp; experience men power, planning and\r\nprocuring operation and maintenance consumables and spares to ensure the<o:p></o:p></b></p><p class=\"MsoListParagraphCxSpFirst\" style=\"margin-top:0cm;margin-right:0cm;\r\nmargin-bottom:0cm;margin-left:54.0pt;margin-bottom:.0001pt;mso-add-space:auto;\r\ntext-indent:-18.0pt;line-height:normal;mso-list:l1 level1 lfo1\"><!--[if !supportLists]--><span style=\"font-family:Wingdings;mso-fareast-font-family:Wingdings;mso-bidi-font-family:\r\nWingdings\">v<span style=\"font-variant-numeric: normal; font-variant-east-asian: normal; font-stretch: normal; font-size: 7pt; line-height: normal; font-family: &quot;Times New Roman&quot;;\">&nbsp;\r\n</span></span><!--[endif]-->Plant availability<o:p></o:p></p><p class=\"MsoListParagraphCxSpMiddle\" style=\"margin-top:0cm;margin-right:0cm;\r\nmargin-bottom:0cm;margin-left:54.0pt;margin-bottom:.0001pt;mso-add-space:auto;\r\ntext-indent:-18.0pt;line-height:normal;mso-list:l1 level1 lfo1\"><!--[if !supportLists]--><span style=\"font-family:Wingdings;mso-fareast-font-family:Wingdings;mso-bidi-font-family:\r\nWingdings\">v<span style=\"font-variant-numeric: normal; font-variant-east-asian: normal; font-stretch: normal; font-size: 7pt; line-height: normal; font-family: &quot;Times New Roman&quot;;\">&nbsp;\r\n</span></span><!--[endif]-->Plant load factor<o:p></o:p></p><p class=\"MsoListParagraphCxSpMiddle\" style=\"margin-top:0cm;margin-right:0cm;\r\nmargin-bottom:0cm;margin-left:54.0pt;margin-bottom:.0001pt;mso-add-space:auto;\r\ntext-indent:-18.0pt;line-height:normal;mso-list:l1 level1 lfo1\"><!--[if !supportLists]--><span style=\"font-family:Wingdings;mso-fareast-font-family:Wingdings;mso-bidi-font-family:\r\nWingdings\">v<span style=\"font-variant-numeric: normal; font-variant-east-asian: normal; font-stretch: normal; font-size: 7pt; line-height: normal; font-family: &quot;Times New Roman&quot;;\">&nbsp;\r\n</span></span><!--[endif]-->Plant Heat Rate<o:p></o:p></p><p class=\"MsoListParagraphCxSpMiddle\" style=\"margin-top:0cm;margin-right:0cm;\r\nmargin-bottom:0cm;margin-left:54.0pt;margin-bottom:.0001pt;mso-add-space:auto;\r\ntext-indent:-18.0pt;line-height:normal;mso-list:l1 level1 lfo1\"><!--[if !supportLists]--><span style=\"font-family:Wingdings;mso-fareast-font-family:Wingdings;mso-bidi-font-family:\r\nWingdings\">v<span style=\"font-variant-numeric: normal; font-variant-east-asian: normal; font-stretch: normal; font-size: 7pt; line-height: normal; font-family: &quot;Times New Roman&quot;;\">&nbsp;\r\n</span></span><!--[endif]-->Auxiliary power consumption<o:p></o:p></p><p class=\"MsoListParagraphCxSpMiddle\" style=\"margin-top:0cm;margin-right:0cm;\r\nmargin-bottom:0cm;margin-left:54.0pt;margin-bottom:.0001pt;mso-add-space:auto;\r\ntext-indent:-18.0pt;line-height:normal;mso-list:l0 level1 lfo2\"><!--[if !supportLists]--><span style=\"font-family:Wingdings;mso-fareast-font-family:Wingdings;mso-bidi-font-family:\r\nWingdings\">v<span style=\"font-variant-numeric: normal; font-variant-east-asian: normal; font-stretch: normal; font-size: 7pt; line-height: normal; font-family: &quot;Times New Roman&quot;;\">&nbsp;\r\n</span></span><!--[endif]-->Fuel management<o:p></o:p></p><p class=\"MsoListParagraphCxSpMiddle\" style=\"margin-top:0cm;margin-right:0cm;\r\nmargin-bottom:0cm;margin-left:54.0pt;margin-bottom:.0001pt;mso-add-space:auto;\r\ntext-indent:-18.0pt;line-height:normal;mso-list:l0 level1 lfo2\"><!--[if !supportLists]--><span style=\"font-family:Wingdings;mso-fareast-font-family:Wingdings;mso-bidi-font-family:\r\nWingdings\">v<span style=\"font-variant-numeric: normal; font-variant-east-asian: normal; font-stretch: normal; font-size: 7pt; line-height: normal; font-family: &quot;Times New Roman&quot;;\">&nbsp;\r\n</span></span><!--[endif]-->Ash management<o:p></o:p></p><p class=\"MsoListParagraphCxSpMiddle\" style=\"margin-top:0cm;margin-right:0cm;\r\nmargin-bottom:0cm;margin-left:54.0pt;margin-bottom:.0001pt;mso-add-space:auto;\r\ntext-indent:-18.0pt;line-height:normal;mso-list:l0 level1 lfo2\"><!--[if !supportLists]--><span style=\"font-family:Wingdings;mso-fareast-font-family:Wingdings;mso-bidi-font-family:\r\nWingdings\">v<span style=\"font-variant-numeric: normal; font-variant-east-asian: normal; font-stretch: normal; font-size: 7pt; line-height: normal; font-family: &quot;Times New Roman&quot;;\">&nbsp;\r\n</span></span><!--[endif]-->Water management<o:p></o:p></p><p class=\"MsoListParagraphCxSpMiddle\" style=\"margin-top:0cm;margin-right:0cm;\r\nmargin-bottom:0cm;margin-left:54.0pt;margin-bottom:.0001pt;mso-add-space:auto;\r\ntext-indent:-18.0pt;line-height:normal;mso-list:l0 level1 lfo2\"><!--[if !supportLists]--><span style=\"font-family:Wingdings;mso-fareast-font-family:Wingdings;mso-bidi-font-family:\r\nWingdings\">v<span style=\"font-variant-numeric: normal; font-variant-east-asian: normal; font-stretch: normal; font-size: 7pt; line-height: normal; font-family: &quot;Times New Roman&quot;;\">&nbsp;\r\n</span></span><!--[endif]-->Performance, Productivity analysis report<o:p></o:p></p><p class=\"MsoListParagraphCxSpMiddle\" style=\"margin-top:0cm;margin-right:0cm;\r\nmargin-bottom:0cm;margin-left:54.0pt;margin-bottom:.0001pt;mso-add-space:auto;\r\ntext-indent:-18.0pt;line-height:normal;mso-list:l0 level1 lfo2\"><!--[if !supportLists]--><span style=\"font-family:Wingdings;mso-fareast-font-family:Wingdings;mso-bidi-font-family:\r\nWingdings\">v<span style=\"font-variant-numeric: normal; font-variant-east-asian: normal; font-stretch: normal; font-size: 7pt; line-height: normal; font-family: &quot;Times New Roman&quot;;\">&nbsp;\r\n</span></span><!--[endif]-->MIS preparation &amp; reporting on regular basis<o:p></o:p></p><p class=\"MsoListParagraphCxSpLast\" style=\"margin-top:0cm;margin-right:0cm;\r\nmargin-bottom:0cm;margin-left:54.0pt;margin-bottom:.0001pt;mso-add-space:auto\"><span style=\"font-size:6.0pt;mso-bidi-font-size:11.0pt;line-height:107%\"><o:p>&nbsp;</o:p></span></p><p class=\"MsoNormal\"><b><span style=\"color: rgb(255, 255, 255); background-color: rgb(255, 0, 0);\">Why SPEL for O &amp;\r\nM:</span><o:p></o:p></b></p><p class=\"MsoNormal\" style=\"text-align:justify\">SPEL offers a complete range of\r\nOperations &amp; Maintenance (O&amp;M) services to the Industrial boilers and\r\nThermal power plants.&nbsp; SPEL having rich\r\nexperience in setting up complete O&amp;M activities to ensure safe, efficient\r\noperations, capable of managing both planned &amp; unplanned maintenance\r\nactivities of the plant equipments.<b><o:p></o:p></b></p><p class=\"MsoListParagraphCxSpFirst\" style=\"margin-top:0cm;margin-right:0cm;\r\nmargin-bottom:0cm;margin-left:14.2pt;margin-bottom:.0001pt;mso-add-space:auto;\r\ntext-align:justify;text-indent:-7.1pt;line-height:115%;mso-list:l2 level1 lfo3\"><!--[if !supportLists]--><span style=\"font-family:Symbol;mso-fareast-font-family:Symbol;mso-bidi-font-family:\r\nSymbol\">·<span style=\"font-variant-numeric: normal; font-variant-east-asian: normal; font-stretch: normal; font-size: 7pt; line-height: normal; font-family: &quot;Times New Roman&quot;;\">\r\n</span></span><!--[endif]-->Optimization of fuel mix and fuel consumption<o:p></o:p></p><p class=\"MsoListParagraphCxSpMiddle\" style=\"margin-top:0cm;margin-right:0cm;\r\nmargin-bottom:0cm;margin-left:14.2pt;margin-bottom:.0001pt;mso-add-space:auto;\r\ntext-align:justify;text-indent:-7.1pt;line-height:115%;mso-list:l2 level1 lfo3\"><!--[if !supportLists]--><span style=\"font-family:Symbol;mso-fareast-font-family:Symbol;mso-bidi-font-family:\r\nSymbol\">·<span style=\"font-variant-numeric: normal; font-variant-east-asian: normal; font-stretch: normal; font-size: 7pt; line-height: normal; font-family: &quot;Times New Roman&quot;;\">\r\n</span></span><!--[endif]-->Optimization of O&amp;M spares consumption<o:p></o:p></p><p class=\"MsoListParagraphCxSpMiddle\" style=\"margin-top:0cm;margin-right:0cm;\r\nmargin-bottom:0cm;margin-left:14.2pt;margin-bottom:.0001pt;mso-add-space:auto;\r\ntext-align:justify;text-indent:-7.1pt;line-height:115%;mso-list:l2 level1 lfo3\"><!--[if !supportLists]--><span style=\"font-family:Symbol;mso-fareast-font-family:Symbol;mso-bidi-font-family:\r\nSymbol\">·<span style=\"font-variant-numeric: normal; font-variant-east-asian: normal; font-stretch: normal; font-size: 7pt; line-height: normal; font-family: &quot;Times New Roman&quot;;\">\r\n</span></span><!--[endif]-->Optimization of makeup water consumption<o:p></o:p></p><p class=\"MsoListParagraphCxSpMiddle\" style=\"margin-top:0cm;margin-right:0cm;\r\nmargin-bottom:0cm;margin-left:14.2pt;margin-bottom:.0001pt;mso-add-space:auto;\r\ntext-align:justify;text-indent:-7.1pt;line-height:115%;mso-list:l2 level1 lfo3\"><!--[if !supportLists]--><span style=\"font-family:Symbol;mso-fareast-font-family:Symbol;mso-bidi-font-family:\r\nSymbol\">·<span style=\"font-variant-numeric: normal; font-variant-east-asian: normal; font-stretch: normal; font-size: 7pt; line-height: normal; font-family: &quot;Times New Roman&quot;;\">\r\n</span></span><!--[endif]-->Optimization of raw water consumption<o:p></o:p></p><p class=\"MsoListParagraphCxSpMiddle\" style=\"margin-top:0cm;margin-right:0cm;\r\nmargin-bottom:0cm;margin-left:14.2pt;margin-bottom:.0001pt;mso-add-space:auto;\r\ntext-align:justify;text-indent:-7.1pt;line-height:115%;mso-list:l2 level1 lfo3\"><!--[if !supportLists]--><span style=\"font-family:Symbol;mso-fareast-font-family:Symbol;mso-bidi-font-family:\r\nSymbol\">·<span style=\"font-variant-numeric: normal; font-variant-east-asian: normal; font-stretch: normal; font-size: 7pt; line-height: normal; font-family: &quot;Times New Roman&quot;;\">\r\n</span></span><!--[endif]-->Optimization of chemicals &amp; consumables\r\nconsumption<o:p></o:p></p><p class=\"MsoListParagraphCxSpMiddle\" style=\"margin-top:0cm;margin-right:0cm;\r\nmargin-bottom:0cm;margin-left:14.2pt;margin-bottom:.0001pt;mso-add-space:auto;\r\ntext-align:justify;text-indent:-7.1pt;line-height:115%;mso-list:l2 level1 lfo3\"><!--[if !supportLists]--><span style=\"font-family:Symbol;mso-fareast-font-family:Symbol;mso-bidi-font-family:\r\nSymbol\">·<span style=\"font-variant-numeric: normal; font-variant-east-asian: normal; font-stretch: normal; font-size: 7pt; line-height: normal; font-family: &quot;Times New Roman&quot;;\">\r\n</span></span><!--[endif]-->Diagnosing breakdown problems of all the power\r\nplant equipment’s<o:p></o:p></p><p class=\"MsoListParagraphCxSpMiddle\" style=\"margin-top:0cm;margin-right:0cm;\r\nmargin-bottom:0cm;margin-left:14.2pt;margin-bottom:.0001pt;mso-add-space:auto;\r\ntext-align:justify;text-indent:-7.1pt;line-height:115%;mso-list:l2 level1 lfo3\"><!--[if !supportLists]--><span style=\"font-family:Symbol;mso-fareast-font-family:Symbol;mso-bidi-font-family:\r\nSymbol\">·<span style=\"font-variant-numeric: normal; font-variant-east-asian: normal; font-stretch: normal; font-size: 7pt; line-height: normal; font-family: &quot;Times New Roman&quot;;\">\r\n</span></span><!--[endif]-->Inventory management for consumables, wear &amp;\r\ntear spares and capital spares<o:p></o:p></p><p class=\"MsoListParagraphCxSpMiddle\" style=\"margin-top:0cm;margin-right:0cm;\r\nmargin-bottom:0cm;margin-left:14.2pt;margin-bottom:.0001pt;mso-add-space:auto;\r\ntext-align:justify;text-indent:-7.1pt;line-height:115%;mso-list:l2 level1 lfo3\"><!--[if !supportLists]--><span style=\"font-family:Symbol;mso-fareast-font-family:Symbol;mso-bidi-font-family:\r\nSymbol\">·<span style=\"font-variant-numeric: normal; font-variant-east-asian: normal; font-stretch: normal; font-size: 7pt; line-height: normal; font-family: &quot;Times New Roman&quot;;\">\r\n</span></span><!--[endif]-->Condition monitoring of all rotating equipments\r\nwith reputed third party<o:p></o:p></p><p class=\"MsoListParagraphCxSpMiddle\" style=\"margin-top:0cm;margin-right:0cm;\r\nmargin-bottom:0cm;margin-left:14.2pt;margin-bottom:.0001pt;mso-add-space:auto;\r\ntext-align:justify;text-indent:-7.1pt;line-height:115%;mso-list:l2 level1 lfo3\"><!--[if !supportLists]--><span style=\"font-family:Symbol;mso-fareast-font-family:Symbol;mso-bidi-font-family:\r\nSymbol\">·<span style=\"font-variant-numeric: normal; font-variant-east-asian: normal; font-stretch: normal; font-size: 7pt; line-height: normal; font-family: &quot;Times New Roman&quot;;\">\r\n</span></span><!--[endif]-->Extend technical support for all statutory\r\npermits and clearance<o:p></o:p></p><p class=\"MsoListParagraphCxSpMiddle\" style=\"margin-top:0cm;margin-right:0cm;\r\nmargin-bottom:0cm;margin-left:14.2pt;margin-bottom:.0001pt;mso-add-space:auto;\r\ntext-align:justify;text-indent:-7.1pt;line-height:115%;mso-list:l2 level1 lfo3\"><!--[if !supportLists]--><span style=\"font-family:Symbol;mso-fareast-font-family:Symbol;mso-bidi-font-family:\r\nSymbol\">·<span style=\"font-variant-numeric: normal; font-variant-east-asian: normal; font-stretch: normal; font-size: 7pt; line-height: normal; font-family: &quot;Times New Roman&quot;;\">\r\n</span></span><!--[endif]-->Performance monitoring, diagnostics and\r\nefficiency enhancement.<o:p></o:p></p><p class=\"MsoListParagraphCxSpMiddle\" style=\"margin-top:0cm;margin-right:0cm;\r\nmargin-bottom:0cm;margin-left:14.2pt;margin-bottom:.0001pt;mso-add-space:auto;\r\ntext-align:justify;text-indent:-7.1pt;line-height:115%;mso-list:l2 level1 lfo3\"><!--[if !supportLists]--><span style=\"font-family:Symbol;mso-fareast-font-family:Symbol;mso-bidi-font-family:\r\nSymbol\">·<span style=\"font-variant-numeric: normal; font-variant-east-asian: normal; font-stretch: normal; font-size: 7pt; line-height: normal; font-family: &quot;Times New Roman&quot;;\">\r\n</span></span><!--[endif]-->Boiler overhauling and IBR certificate renewal<o:p></o:p></p><p class=\"MsoListParagraphCxSpMiddle\" style=\"margin-top:0cm;margin-right:0cm;\r\nmargin-bottom:0cm;margin-left:14.2pt;margin-bottom:.0001pt;mso-add-space:auto;\r\ntext-align:justify;text-indent:-7.1pt;line-height:115%;mso-list:l2 level1 lfo3\"><!--[if !supportLists]--><span style=\"font-family:Symbol;mso-fareast-font-family:Symbol;mso-bidi-font-family:\r\nSymbol\">·<span style=\"font-variant-numeric: normal; font-variant-east-asian: normal; font-stretch: normal; font-size: 7pt; line-height: normal; font-family: &quot;Times New Roman&quot;;\">\r\n</span></span><!--[endif]-->Liaising with different departments in client\r\npremises.<o:p></o:p></p><p class=\"MsoListParagraphCxSpMiddle\" style=\"margin-top:0cm;margin-right:0cm;\r\nmargin-bottom:0cm;margin-left:14.2pt;margin-bottom:.0001pt;mso-add-space:auto;\r\ntext-align:justify;text-indent:-7.1pt;line-height:115%;mso-list:l2 level1 lfo3\"><!--[if !supportLists]--><span style=\"font-family:Symbol;mso-fareast-font-family:Symbol;mso-bidi-font-family:\r\nSymbol\">·<span style=\"font-variant-numeric: normal; font-variant-east-asian: normal; font-stretch: normal; font-size: 7pt; line-height: normal; font-family: &quot;Times New Roman&quot;;\">\r\n</span></span><!--[endif]-->AMC contract with OEM for certain critical\r\nequipments</p><p class=\"MsoListParagraphCxSpMiddle\" style=\"margin-top:0cm;margin-right:0cm;\r\nmargin-bottom:0cm;margin-left:14.2pt;margin-bottom:.0001pt;mso-add-space:auto;\r\ntext-align:justify;text-indent:-7.1pt;line-height:115%;mso-list:l2 level1 lfo3\"><span style=\"text-indent: -7.1pt; font-family: Symbol;\">·<span style=\"font-variant-numeric: normal; font-variant-east-asian: normal; font-stretch: normal; font-size: 7pt; line-height: normal; font-family: &quot;Times New Roman&quot;;\">\r\n</span></span><span style=\"text-indent: -7.1pt;\">Safety audits</span></p><p class=\"MsoListParagraphCxSpLast\" style=\"margin-top:0cm;margin-right:0cm;\r\nmargin-bottom:0cm;margin-left:14.2pt;margin-bottom:.0001pt;mso-add-space:auto;\r\ntext-indent:-7.1pt;line-height:115%;mso-list:l2 level1 lfo3\"><o:p></o:p></p>', '', 1599889795, 2, -1),
(37, 1, 0, 0, '', '', '<p class=\"MsoNormal\" style=\"margin-bottom:0cm;margin-bottom:.0001pt\"><b>Comprehensive O &amp; M services by\r\nproviding Expertise, Knowledgeable &amp; experience men power, planning and\r\nprocuring operation and maintenance consumables and spares to ensure the<o:p></o:p></b></p><p class=\"MsoListParagraphCxSpFirst\" style=\"margin-top:0cm;margin-right:0cm;\r\nmargin-bottom:0cm;margin-left:54.0pt;margin-bottom:.0001pt;mso-add-space:auto;\r\ntext-indent:-18.0pt;line-height:150%;mso-list:l1 level1 lfo1\"><!--[if !supportLists]--><span style=\"font-family:Wingdings;mso-fareast-font-family:Wingdings;mso-bidi-font-family:\r\nWingdings\">v<span style=\"font-variant-numeric: normal; font-variant-east-asian: normal; font-stretch: normal; font-size: 7pt; line-height: normal; font-family: &quot;Times New Roman&quot;;\">&nbsp;\r\n</span></span><!--[endif]-->Plant availability<o:p></o:p></p><p class=\"MsoListParagraphCxSpMiddle\" style=\"margin-top:0cm;margin-right:0cm;\r\nmargin-bottom:0cm;margin-left:54.0pt;margin-bottom:.0001pt;mso-add-space:auto;\r\ntext-indent:-18.0pt;line-height:150%;mso-list:l1 level1 lfo1\"><!--[if !supportLists]--><span style=\"font-family:Wingdings;mso-fareast-font-family:Wingdings;mso-bidi-font-family:\r\nWingdings\">v<span style=\"font-variant-numeric: normal; font-variant-east-asian: normal; font-stretch: normal; font-size: 7pt; line-height: normal; font-family: &quot;Times New Roman&quot;;\">&nbsp;\r\n</span></span><!--[endif]-->Plant load factor<o:p></o:p></p><p class=\"MsoListParagraphCxSpMiddle\" style=\"margin-top:0cm;margin-right:0cm;\r\nmargin-bottom:0cm;margin-left:54.0pt;margin-bottom:.0001pt;mso-add-space:auto;\r\ntext-indent:-18.0pt;line-height:150%;mso-list:l1 level1 lfo1\"><!--[if !supportLists]--><span style=\"font-family:Wingdings;mso-fareast-font-family:Wingdings;mso-bidi-font-family:\r\nWingdings\">v<span style=\"font-variant-numeric: normal; font-variant-east-asian: normal; font-stretch: normal; font-size: 7pt; line-height: normal; font-family: &quot;Times New Roman&quot;;\">&nbsp;\r\n</span></span><!--[endif]-->Plant Heat Rate<o:p></o:p></p><p class=\"MsoListParagraphCxSpMiddle\" style=\"margin-top:0cm;margin-right:0cm;\r\nmargin-bottom:0cm;margin-left:54.0pt;margin-bottom:.0001pt;mso-add-space:auto;\r\ntext-indent:-18.0pt;line-height:150%;mso-list:l1 level1 lfo1\"><!--[if !supportLists]--><span style=\"font-family:Wingdings;mso-fareast-font-family:Wingdings;mso-bidi-font-family:\r\nWingdings\">v<span style=\"font-variant-numeric: normal; font-variant-east-asian: normal; font-stretch: normal; font-size: 7pt; line-height: normal; font-family: &quot;Times New Roman&quot;;\">&nbsp;\r\n</span></span><!--[endif]-->Auxiliary power consumption<o:p></o:p></p><p class=\"MsoListParagraphCxSpMiddle\" style=\"margin-top:0cm;margin-right:0cm;\r\nmargin-bottom:0cm;margin-left:54.0pt;margin-bottom:.0001pt;mso-add-space:auto;\r\ntext-indent:-18.0pt;line-height:150%;mso-list:l0 level1 lfo2\"><!--[if !supportLists]--><span style=\"font-family:Wingdings;mso-fareast-font-family:Wingdings;mso-bidi-font-family:\r\nWingdings\">v<span style=\"font-variant-numeric: normal; font-variant-east-asian: normal; font-stretch: normal; font-size: 7pt; line-height: normal; font-family: &quot;Times New Roman&quot;;\">&nbsp;\r\n</span></span><!--[endif]-->Fuel management<o:p></o:p></p><p class=\"MsoListParagraphCxSpMiddle\" style=\"margin-top:0cm;margin-right:0cm;\r\nmargin-bottom:0cm;margin-left:54.0pt;margin-bottom:.0001pt;mso-add-space:auto;\r\ntext-indent:-18.0pt;line-height:150%;mso-list:l0 level1 lfo2\"><!--[if !supportLists]--><span style=\"font-family:Wingdings;mso-fareast-font-family:Wingdings;mso-bidi-font-family:\r\nWingdings\">v<span style=\"font-variant-numeric: normal; font-variant-east-asian: normal; font-stretch: normal; font-size: 7pt; line-height: normal; font-family: &quot;Times New Roman&quot;;\">&nbsp;\r\n</span></span><!--[endif]-->Ash management<o:p></o:p></p><p class=\"MsoListParagraphCxSpMiddle\" style=\"margin-top:0cm;margin-right:0cm;\r\nmargin-bottom:0cm;margin-left:54.0pt;margin-bottom:.0001pt;mso-add-space:auto;\r\ntext-indent:-18.0pt;line-height:150%;mso-list:l0 level1 lfo2\"><!--[if !supportLists]--><span style=\"font-family:Wingdings;mso-fareast-font-family:Wingdings;mso-bidi-font-family:\r\nWingdings\">v<span style=\"font-variant-numeric: normal; font-variant-east-asian: normal; font-stretch: normal; font-size: 7pt; line-height: normal; font-family: &quot;Times New Roman&quot;;\">&nbsp;\r\n</span></span><!--[endif]-->Water management<o:p></o:p></p><p class=\"MsoListParagraphCxSpMiddle\" style=\"margin-top:0cm;margin-right:0cm;\r\nmargin-bottom:0cm;margin-left:54.0pt;margin-bottom:.0001pt;mso-add-space:auto;\r\ntext-indent:-18.0pt;line-height:150%;mso-list:l0 level1 lfo2\"><!--[if !supportLists]--><span style=\"font-family:Wingdings;mso-fareast-font-family:Wingdings;mso-bidi-font-family:\r\nWingdings\">v<span style=\"font-variant-numeric: normal; font-variant-east-asian: normal; font-stretch: normal; font-size: 7pt; line-height: normal; font-family: &quot;Times New Roman&quot;;\">&nbsp;\r\n</span></span><!--[endif]-->Performance, Productivity analysis report<o:p></o:p></p><p class=\"MsoListParagraphCxSpMiddle\" style=\"margin-top:0cm;margin-right:0cm;\r\nmargin-bottom:0cm;margin-left:54.0pt;margin-bottom:.0001pt;mso-add-space:auto;\r\ntext-indent:-18.0pt;line-height:150%;mso-list:l0 level1 lfo2\"><!--[if !supportLists]--><span style=\"font-family:Wingdings;mso-fareast-font-family:Wingdings;mso-bidi-font-family:\r\nWingdings\">v<span style=\"font-variant-numeric: normal; font-variant-east-asian: normal; font-stretch: normal; font-size: 7pt; line-height: normal; font-family: &quot;Times New Roman&quot;;\">&nbsp;\r\n</span></span><!--[endif]-->MIS preparation &amp; reporting on regular basis<o:p></o:p></p><p class=\"MsoListParagraphCxSpLast\" style=\"margin-top:0cm;margin-right:0cm;\r\nmargin-bottom:0cm;margin-left:54.0pt;margin-bottom:.0001pt;mso-add-space:auto\"><span style=\"font-size:6.0pt;mso-bidi-font-size:11.0pt;line-height:107%\"><o:p>&nbsp;</o:p></span></p><p class=\"MsoNormal\"><b>Why SPEL for O &amp;\r\nM:<o:p></o:p></b></p><p class=\"MsoNormal\" style=\"text-align:justify\">SPEL offers a complete range of\r\nOperations &amp; Maintenance (O&amp;M) services to the Industrial boilers and\r\nThermal power plants.&nbsp; SPEL having rich\r\nexperience in setting up complete O&amp;M activities to ensure safe, efficient\r\noperations, capable of managing both planned &amp; unplanned maintenance\r\nactivities of the plant equipments.<b><o:p></o:p></b></p><p class=\"MsoListParagraphCxSpFirst\" style=\"margin-top:0cm;margin-right:0cm;\r\nmargin-bottom:0cm;margin-left:14.2pt;margin-bottom:.0001pt;mso-add-space:auto;\r\ntext-align:justify;text-indent:-7.1pt;line-height:150%;mso-list:l2 level1 lfo3\"><!--[if !supportLists]--><span style=\"font-family:Symbol;mso-fareast-font-family:Symbol;mso-bidi-font-family:\r\nSymbol\">·<span style=\"font-variant-numeric: normal; font-variant-east-asian: normal; font-stretch: normal; font-size: 7pt; line-height: normal; font-family: &quot;Times New Roman&quot;;\">\r\n</span></span><!--[endif]-->Optimization of fuel mix and fuel consumption<o:p></o:p></p><p class=\"MsoListParagraphCxSpMiddle\" style=\"margin-top:0cm;margin-right:0cm;\r\nmargin-bottom:0cm;margin-left:14.2pt;margin-bottom:.0001pt;mso-add-space:auto;\r\ntext-align:justify;text-indent:-7.1pt;line-height:150%;mso-list:l2 level1 lfo3\"><!--[if !supportLists]--><span style=\"font-family:Symbol;mso-fareast-font-family:Symbol;mso-bidi-font-family:\r\nSymbol\">·<span style=\"font-variant-numeric: normal; font-variant-east-asian: normal; font-stretch: normal; font-size: 7pt; line-height: normal; font-family: &quot;Times New Roman&quot;;\">\r\n</span></span><!--[endif]-->Optimization of O&amp;M spares consumption<o:p></o:p></p><p class=\"MsoListParagraphCxSpMiddle\" style=\"margin-top:0cm;margin-right:0cm;\r\nmargin-bottom:0cm;margin-left:14.2pt;margin-bottom:.0001pt;mso-add-space:auto;\r\ntext-align:justify;text-indent:-7.1pt;line-height:150%;mso-list:l2 level1 lfo3\"><!--[if !supportLists]--><span style=\"font-family:Symbol;mso-fareast-font-family:Symbol;mso-bidi-font-family:\r\nSymbol\">·<span style=\"font-variant-numeric: normal; font-variant-east-asian: normal; font-stretch: normal; font-size: 7pt; line-height: normal; font-family: &quot;Times New Roman&quot;;\">\r\n</span></span><!--[endif]-->Optimization of makeup water consumption<o:p></o:p></p><p class=\"MsoListParagraphCxSpMiddle\" style=\"margin-top:0cm;margin-right:0cm;\r\nmargin-bottom:0cm;margin-left:14.2pt;margin-bottom:.0001pt;mso-add-space:auto;\r\ntext-align:justify;text-indent:-7.1pt;line-height:150%;mso-list:l2 level1 lfo3\"><!--[if !supportLists]--><span style=\"font-family:Symbol;mso-fareast-font-family:Symbol;mso-bidi-font-family:\r\nSymbol\">·<span style=\"font-variant-numeric: normal; font-variant-east-asian: normal; font-stretch: normal; font-size: 7pt; line-height: normal; font-family: &quot;Times New Roman&quot;;\">\r\n</span></span><!--[endif]-->Optimization of raw water consumption<o:p></o:p></p><p class=\"MsoListParagraphCxSpMiddle\" style=\"margin-top:0cm;margin-right:0cm;\r\nmargin-bottom:0cm;margin-left:14.2pt;margin-bottom:.0001pt;mso-add-space:auto;\r\ntext-align:justify;text-indent:-7.1pt;line-height:150%;mso-list:l2 level1 lfo3\"><!--[if !supportLists]--><span style=\"font-family:Symbol;mso-fareast-font-family:Symbol;mso-bidi-font-family:\r\nSymbol\">·<span style=\"font-variant-numeric: normal; font-variant-east-asian: normal; font-stretch: normal; font-size: 7pt; line-height: normal; font-family: &quot;Times New Roman&quot;;\">\r\n</span></span><!--[endif]-->Optimization of chemicals &amp; consumables\r\nconsumption<o:p></o:p></p><p class=\"MsoListParagraphCxSpMiddle\" style=\"margin-top:0cm;margin-right:0cm;\r\nmargin-bottom:0cm;margin-left:14.2pt;margin-bottom:.0001pt;mso-add-space:auto;\r\ntext-align:justify;text-indent:-7.1pt;line-height:150%;mso-list:l2 level1 lfo3\"><!--[if !supportLists]--><span style=\"font-family:Symbol;mso-fareast-font-family:Symbol;mso-bidi-font-family:\r\nSymbol\">·<span style=\"font-variant-numeric: normal; font-variant-east-asian: normal; font-stretch: normal; font-size: 7pt; line-height: normal; font-family: &quot;Times New Roman&quot;;\">\r\n</span></span><!--[endif]-->Diagnosing breakdown problems of all the power\r\nplant equipment’s<o:p></o:p></p><p class=\"MsoListParagraphCxSpMiddle\" style=\"margin-top:0cm;margin-right:0cm;\r\nmargin-bottom:0cm;margin-left:14.2pt;margin-bottom:.0001pt;mso-add-space:auto;\r\ntext-align:justify;text-indent:-7.1pt;line-height:150%;mso-list:l2 level1 lfo3\"><!--[if !supportLists]--><span style=\"font-family:Symbol;mso-fareast-font-family:Symbol;mso-bidi-font-family:\r\nSymbol\">·<span style=\"font-variant-numeric: normal; font-variant-east-asian: normal; font-stretch: normal; font-size: 7pt; line-height: normal; font-family: &quot;Times New Roman&quot;;\">\r\n</span></span><!--[endif]-->Inventory management for consumables, wear &amp;\r\ntear spares and capital spares<o:p></o:p></p><p class=\"MsoListParagraphCxSpMiddle\" style=\"margin-top:0cm;margin-right:0cm;\r\nmargin-bottom:0cm;margin-left:14.2pt;margin-bottom:.0001pt;mso-add-space:auto;\r\ntext-align:justify;text-indent:-7.1pt;line-height:150%;mso-list:l2 level1 lfo3\"><!--[if !supportLists]--><span style=\"font-family:Symbol;mso-fareast-font-family:Symbol;mso-bidi-font-family:\r\nSymbol\">·<span style=\"font-variant-numeric: normal; font-variant-east-asian: normal; font-stretch: normal; font-size: 7pt; line-height: normal; font-family: &quot;Times New Roman&quot;;\">\r\n</span></span><!--[endif]-->Condition monitoring of all rotating equipments\r\nwith reputed third party<o:p></o:p></p><p class=\"MsoListParagraphCxSpMiddle\" style=\"margin-top:0cm;margin-right:0cm;\r\nmargin-bottom:0cm;margin-left:14.2pt;margin-bottom:.0001pt;mso-add-space:auto;\r\ntext-align:justify;text-indent:-7.1pt;line-height:150%;mso-list:l2 level1 lfo3\"><!--[if !supportLists]--><span style=\"font-family:Symbol;mso-fareast-font-family:Symbol;mso-bidi-font-family:\r\nSymbol\">·<span style=\"font-variant-numeric: normal; font-variant-east-asian: normal; font-stretch: normal; font-size: 7pt; line-height: normal; font-family: &quot;Times New Roman&quot;;\">\r\n</span></span><!--[endif]-->Extend technical support for all statutory\r\npermits and clearance<o:p></o:p></p><p class=\"MsoListParagraphCxSpMiddle\" style=\"margin-top:0cm;margin-right:0cm;\r\nmargin-bottom:0cm;margin-left:14.2pt;margin-bottom:.0001pt;mso-add-space:auto;\r\ntext-align:justify;text-indent:-7.1pt;line-height:150%;mso-list:l2 level1 lfo3\"><!--[if !supportLists]--><span style=\"font-family:Symbol;mso-fareast-font-family:Symbol;mso-bidi-font-family:\r\nSymbol\">·<span style=\"font-variant-numeric: normal; font-variant-east-asian: normal; font-stretch: normal; font-size: 7pt; line-height: normal; font-family: &quot;Times New Roman&quot;;\">\r\n</span></span><!--[endif]-->Performance monitoring, diagnostics and\r\nefficiency enhancement.<o:p></o:p></p><p class=\"MsoListParagraphCxSpMiddle\" style=\"margin-top:0cm;margin-right:0cm;\r\nmargin-bottom:0cm;margin-left:14.2pt;margin-bottom:.0001pt;mso-add-space:auto;\r\ntext-align:justify;text-indent:-7.1pt;line-height:150%;mso-list:l2 level1 lfo3\"><!--[if !supportLists]--><span style=\"font-family:Symbol;mso-fareast-font-family:Symbol;mso-bidi-font-family:\r\nSymbol\">·<span style=\"font-variant-numeric: normal; font-variant-east-asian: normal; font-stretch: normal; font-size: 7pt; line-height: normal; font-family: &quot;Times New Roman&quot;;\">\r\n</span></span><!--[endif]-->Boiler overhauling and IBR certificate renewal<o:p></o:p></p><p class=\"MsoListParagraphCxSpMiddle\" style=\"margin-top:0cm;margin-right:0cm;\r\nmargin-bottom:0cm;margin-left:14.2pt;margin-bottom:.0001pt;mso-add-space:auto;\r\ntext-align:justify;text-indent:-7.1pt;line-height:150%;mso-list:l2 level1 lfo3\"><!--[if !supportLists]--><span style=\"font-family:Symbol;mso-fareast-font-family:Symbol;mso-bidi-font-family:\r\nSymbol\">·<span style=\"font-variant-numeric: normal; font-variant-east-asian: normal; font-stretch: normal; font-size: 7pt; line-height: normal; font-family: &quot;Times New Roman&quot;;\">\r\n</span></span><!--[endif]-->Liaising with different departments in client\r\npremises.<o:p></o:p></p><p class=\"MsoListParagraphCxSpMiddle\" style=\"margin-top:0cm;margin-right:0cm;\r\nmargin-bottom:0cm;margin-left:14.2pt;margin-bottom:.0001pt;mso-add-space:auto;\r\ntext-align:justify;text-indent:-7.1pt;line-height:150%;mso-list:l2 level1 lfo3\"><!--[if !supportLists]--><span style=\"font-family:Symbol;mso-fareast-font-family:Symbol;mso-bidi-font-family:\r\nSymbol\">·<span style=\"font-variant-numeric: normal; font-variant-east-asian: normal; font-stretch: normal; font-size: 7pt; line-height: normal; font-family: &quot;Times New Roman&quot;;\">\r\n</span></span><!--[endif]-->AMC contract with OEM for certain critical\r\nequipments</p><p class=\"MsoListParagraphCxSpMiddle\" style=\"margin-top:0cm;margin-right:0cm;\r\nmargin-bottom:0cm;margin-left:14.2pt;margin-bottom:.0001pt;mso-add-space:auto;\r\ntext-align:justify;text-indent:-7.1pt;line-height:150%;mso-list:l2 level1 lfo3\"><span style=\"text-indent: -7.1pt; font-family: Symbol;\">·<span style=\"font-variant-numeric: normal; font-variant-east-asian: normal; font-stretch: normal; font-size: 7pt; line-height: normal; font-family: &quot;Times New Roman&quot;;\">\r\n</span></span><span style=\"text-indent: -7.1pt;\">Safety audits</span></p><p class=\"MsoListParagraphCxSpLast\" style=\"margin-top:0cm;margin-right:0cm;\r\nmargin-bottom:0cm;margin-left:14.2pt;margin-bottom:.0001pt;mso-add-space:auto;\r\ntext-indent:-7.1pt;line-height:150%;mso-list:l2 level1 lfo3\"><o:p></o:p></p>', '', 1599889871, 2, -1);
INSERT INTO `services_list` (`srv_id`, `srcat_id`, `srsbcat_id`, `styp_id`, `name`, `srt_descr`, `descr`, `thumb_img`, `crt_stm`, `crt_by`, `status`) VALUES
(38, 1, 0, 0, '', '', '<p class=\"MsoNormal\" style=\"margin-bottom:0cm;margin-bottom:.0001pt\"><b>Comprehensive O &amp; M services by\r\nproviding Expertise, Knowledgeable &amp; experience men power, planning and\r\nprocuring operation and maintenance consumables and spares to ensure the<o:p></o:p></b></p><p class=\"MsoListParagraphCxSpFirst\" style=\"margin-top:0cm;margin-right:0cm;\r\nmargin-bottom:0cm;margin-left:54.0pt;margin-bottom:.0001pt;mso-add-space:auto;\r\ntext-indent:-18.0pt;line-height:150%;mso-list:l1 level1 lfo1\"><!--[if !supportLists]--><span style=\"font-family:Wingdings;mso-fareast-font-family:Wingdings;mso-bidi-font-family:\r\nWingdings\">v<span style=\"font-variant-numeric: normal; font-variant-east-asian: normal; font-stretch: normal; font-size: 7pt; line-height: normal; font-family: &quot;Times New Roman&quot;;\">&nbsp;\r\n</span></span><!--[endif]-->Plant availability<o:p></o:p></p><p class=\"MsoListParagraphCxSpMiddle\" style=\"margin-top:0cm;margin-right:0cm;\r\nmargin-bottom:0cm;margin-left:54.0pt;margin-bottom:.0001pt;mso-add-space:auto;\r\ntext-indent:-18.0pt;line-height:150%;mso-list:l1 level1 lfo1\"><!--[if !supportLists]--><span style=\"font-family:Wingdings;mso-fareast-font-family:Wingdings;mso-bidi-font-family:\r\nWingdings\">v<span style=\"font-variant-numeric: normal; font-variant-east-asian: normal; font-stretch: normal; font-size: 7pt; line-height: normal; font-family: &quot;Times New Roman&quot;;\">&nbsp;\r\n</span></span><!--[endif]-->Plant load factor<o:p></o:p></p><p class=\"MsoListParagraphCxSpMiddle\" style=\"margin-top:0cm;margin-right:0cm;\r\nmargin-bottom:0cm;margin-left:54.0pt;margin-bottom:.0001pt;mso-add-space:auto;\r\ntext-indent:-18.0pt;line-height:150%;mso-list:l1 level1 lfo1\"><!--[if !supportLists]--><span style=\"font-family:Wingdings;mso-fareast-font-family:Wingdings;mso-bidi-font-family:\r\nWingdings\">v<span style=\"font-variant-numeric: normal; font-variant-east-asian: normal; font-stretch: normal; font-size: 7pt; line-height: normal; font-family: &quot;Times New Roman&quot;;\">&nbsp;\r\n</span></span><!--[endif]-->Plant Heat Rate<o:p></o:p></p><p class=\"MsoListParagraphCxSpMiddle\" style=\"margin-top:0cm;margin-right:0cm;\r\nmargin-bottom:0cm;margin-left:54.0pt;margin-bottom:.0001pt;mso-add-space:auto;\r\ntext-indent:-18.0pt;line-height:150%;mso-list:l1 level1 lfo1\"><!--[if !supportLists]--><span style=\"font-family:Wingdings;mso-fareast-font-family:Wingdings;mso-bidi-font-family:\r\nWingdings\">v<span style=\"font-variant-numeric: normal; font-variant-east-asian: normal; font-stretch: normal; font-size: 7pt; line-height: normal; font-family: &quot;Times New Roman&quot;;\">&nbsp;\r\n</span></span><!--[endif]-->Auxiliary power consumption<o:p></o:p></p><p class=\"MsoListParagraphCxSpMiddle\" style=\"margin-top:0cm;margin-right:0cm;\r\nmargin-bottom:0cm;margin-left:54.0pt;margin-bottom:.0001pt;mso-add-space:auto;\r\ntext-indent:-18.0pt;line-height:150%;mso-list:l0 level1 lfo2\"><!--[if !supportLists]--><span style=\"font-family:Wingdings;mso-fareast-font-family:Wingdings;mso-bidi-font-family:\r\nWingdings\">v<span style=\"font-variant-numeric: normal; font-variant-east-asian: normal; font-stretch: normal; font-size: 7pt; line-height: normal; font-family: &quot;Times New Roman&quot;;\">&nbsp;\r\n</span></span><!--[endif]-->Fuel management<o:p></o:p></p><p class=\"MsoListParagraphCxSpMiddle\" style=\"margin-top:0cm;margin-right:0cm;\r\nmargin-bottom:0cm;margin-left:54.0pt;margin-bottom:.0001pt;mso-add-space:auto;\r\ntext-indent:-18.0pt;line-height:150%;mso-list:l0 level1 lfo2\"><!--[if !supportLists]--><span style=\"font-family:Wingdings;mso-fareast-font-family:Wingdings;mso-bidi-font-family:\r\nWingdings\">v<span style=\"font-variant-numeric: normal; font-variant-east-asian: normal; font-stretch: normal; font-size: 7pt; line-height: normal; font-family: &quot;Times New Roman&quot;;\">&nbsp;\r\n</span></span><!--[endif]-->Ash management<o:p></o:p></p><p class=\"MsoListParagraphCxSpMiddle\" style=\"margin-top:0cm;margin-right:0cm;\r\nmargin-bottom:0cm;margin-left:54.0pt;margin-bottom:.0001pt;mso-add-space:auto;\r\ntext-indent:-18.0pt;line-height:150%;mso-list:l0 level1 lfo2\"><!--[if !supportLists]--><span style=\"font-family:Wingdings;mso-fareast-font-family:Wingdings;mso-bidi-font-family:\r\nWingdings\">v<span style=\"font-variant-numeric: normal; font-variant-east-asian: normal; font-stretch: normal; font-size: 7pt; line-height: normal; font-family: &quot;Times New Roman&quot;;\">&nbsp;\r\n</span></span><!--[endif]-->Water management<o:p></o:p></p><p class=\"MsoListParagraphCxSpMiddle\" style=\"margin-top:0cm;margin-right:0cm;\r\nmargin-bottom:0cm;margin-left:54.0pt;margin-bottom:.0001pt;mso-add-space:auto;\r\ntext-indent:-18.0pt;line-height:150%;mso-list:l0 level1 lfo2\"><!--[if !supportLists]--><span style=\"font-family:Wingdings;mso-fareast-font-family:Wingdings;mso-bidi-font-family:\r\nWingdings\">v<span style=\"font-variant-numeric: normal; font-variant-east-asian: normal; font-stretch: normal; font-size: 7pt; line-height: normal; font-family: &quot;Times New Roman&quot;;\">&nbsp;\r\n</span></span><!--[endif]-->Performance, Productivity analysis report<o:p></o:p></p><p class=\"MsoListParagraphCxSpMiddle\" style=\"margin-top:0cm;margin-right:0cm;\r\nmargin-bottom:0cm;margin-left:54.0pt;margin-bottom:.0001pt;mso-add-space:auto;\r\ntext-indent:-18.0pt;line-height:150%;mso-list:l0 level1 lfo2\"><!--[if !supportLists]--><span style=\"font-family:Wingdings;mso-fareast-font-family:Wingdings;mso-bidi-font-family:\r\nWingdings\">v<span style=\"font-variant-numeric: normal; font-variant-east-asian: normal; font-stretch: normal; font-size: 7pt; line-height: normal; font-family: &quot;Times New Roman&quot;;\">&nbsp;\r\n</span></span><!--[endif]-->MIS preparation &amp; reporting on regular basis<o:p></o:p></p><p class=\"MsoListParagraphCxSpLast\" style=\"margin-top:0cm;margin-right:0cm;\r\nmargin-bottom:0cm;margin-left:54.0pt;margin-bottom:.0001pt;mso-add-space:auto\"><span style=\"font-size:6.0pt;mso-bidi-font-size:11.0pt;line-height:107%\"><o:p>&nbsp;</o:p></span></p><p class=\"MsoNormal\"><span style=\"background-color: rgb(255, 0, 0); color: rgb(255, 255, 255); font-weight: bold;\">Why SPEL for O &amp;\r\nM:</span><span style=\"font-weight: bold;\"><o:p></o:p></span></p><p class=\"MsoNormal\" style=\"text-align:justify\">SPEL offers a complete range of\r\nOperations &amp; Maintenance (O&amp;M) services to the Industrial boilers and\r\nThermal power plants.&nbsp; SPEL having rich\r\nexperience in setting up complete O&amp;M activities to ensure safe, efficient\r\noperations, capable of managing both planned &amp; unplanned maintenance\r\nactivities of the plant equipments.<b><o:p></o:p></b></p><p class=\"MsoListParagraphCxSpFirst\" style=\"margin-top:0cm;margin-right:0cm;\r\nmargin-bottom:0cm;margin-left:14.2pt;margin-bottom:.0001pt;mso-add-space:auto;\r\ntext-align:justify;text-indent:-7.1pt;line-height:150%;mso-list:l2 level1 lfo3\"><!--[if !supportLists]--><span style=\"font-family:Symbol;mso-fareast-font-family:Symbol;mso-bidi-font-family:\r\nSymbol\">·<span style=\"font-variant-numeric: normal; font-variant-east-asian: normal; font-stretch: normal; font-size: 7pt; line-height: normal; font-family: &quot;Times New Roman&quot;;\">\r\n</span></span><!--[endif]-->Optimization of fuel mix and fuel consumption<o:p></o:p></p><p class=\"MsoListParagraphCxSpMiddle\" style=\"margin-top:0cm;margin-right:0cm;\r\nmargin-bottom:0cm;margin-left:14.2pt;margin-bottom:.0001pt;mso-add-space:auto;\r\ntext-align:justify;text-indent:-7.1pt;line-height:150%;mso-list:l2 level1 lfo3\"><!--[if !supportLists]--><span style=\"font-family:Symbol;mso-fareast-font-family:Symbol;mso-bidi-font-family:\r\nSymbol\">·<span style=\"font-variant-numeric: normal; font-variant-east-asian: normal; font-stretch: normal; font-size: 7pt; line-height: normal; font-family: &quot;Times New Roman&quot;;\">\r\n</span></span><!--[endif]-->Optimization of O&amp;M spares consumption<o:p></o:p></p><p class=\"MsoListParagraphCxSpMiddle\" style=\"margin-top:0cm;margin-right:0cm;\r\nmargin-bottom:0cm;margin-left:14.2pt;margin-bottom:.0001pt;mso-add-space:auto;\r\ntext-align:justify;text-indent:-7.1pt;line-height:150%;mso-list:l2 level1 lfo3\"><!--[if !supportLists]--><span style=\"font-family:Symbol;mso-fareast-font-family:Symbol;mso-bidi-font-family:\r\nSymbol\">·<span style=\"font-variant-numeric: normal; font-variant-east-asian: normal; font-stretch: normal; font-size: 7pt; line-height: normal; font-family: &quot;Times New Roman&quot;;\">\r\n</span></span><!--[endif]-->Optimization of makeup water consumption<o:p></o:p></p><p class=\"MsoListParagraphCxSpMiddle\" style=\"margin-top:0cm;margin-right:0cm;\r\nmargin-bottom:0cm;margin-left:14.2pt;margin-bottom:.0001pt;mso-add-space:auto;\r\ntext-align:justify;text-indent:-7.1pt;line-height:150%;mso-list:l2 level1 lfo3\"><!--[if !supportLists]--><span style=\"font-family:Symbol;mso-fareast-font-family:Symbol;mso-bidi-font-family:\r\nSymbol\">·<span style=\"font-variant-numeric: normal; font-variant-east-asian: normal; font-stretch: normal; font-size: 7pt; line-height: normal; font-family: &quot;Times New Roman&quot;;\">\r\n</span></span><!--[endif]-->Optimization of raw water consumption<o:p></o:p></p><p class=\"MsoListParagraphCxSpMiddle\" style=\"margin-top:0cm;margin-right:0cm;\r\nmargin-bottom:0cm;margin-left:14.2pt;margin-bottom:.0001pt;mso-add-space:auto;\r\ntext-align:justify;text-indent:-7.1pt;line-height:150%;mso-list:l2 level1 lfo3\"><!--[if !supportLists]--><span style=\"font-family:Symbol;mso-fareast-font-family:Symbol;mso-bidi-font-family:\r\nSymbol\">·<span style=\"font-variant-numeric: normal; font-variant-east-asian: normal; font-stretch: normal; font-size: 7pt; line-height: normal; font-family: &quot;Times New Roman&quot;;\">\r\n</span></span><!--[endif]-->Optimization of chemicals &amp; consumables\r\nconsumption<o:p></o:p></p><p class=\"MsoListParagraphCxSpMiddle\" style=\"margin-top:0cm;margin-right:0cm;\r\nmargin-bottom:0cm;margin-left:14.2pt;margin-bottom:.0001pt;mso-add-space:auto;\r\ntext-align:justify;text-indent:-7.1pt;line-height:150%;mso-list:l2 level1 lfo3\"><!--[if !supportLists]--><span style=\"font-family:Symbol;mso-fareast-font-family:Symbol;mso-bidi-font-family:\r\nSymbol\">·<span style=\"font-variant-numeric: normal; font-variant-east-asian: normal; font-stretch: normal; font-size: 7pt; line-height: normal; font-family: &quot;Times New Roman&quot;;\">\r\n</span></span><!--[endif]-->Diagnosing breakdown problems of all the power\r\nplant equipment’s<o:p></o:p></p><p class=\"MsoListParagraphCxSpMiddle\" style=\"margin-top:0cm;margin-right:0cm;\r\nmargin-bottom:0cm;margin-left:14.2pt;margin-bottom:.0001pt;mso-add-space:auto;\r\ntext-align:justify;text-indent:-7.1pt;line-height:150%;mso-list:l2 level1 lfo3\"><!--[if !supportLists]--><span style=\"font-family:Symbol;mso-fareast-font-family:Symbol;mso-bidi-font-family:\r\nSymbol\">·<span style=\"font-variant-numeric: normal; font-variant-east-asian: normal; font-stretch: normal; font-size: 7pt; line-height: normal; font-family: &quot;Times New Roman&quot;;\">\r\n</span></span><!--[endif]-->Inventory management for consumables, wear &amp;\r\ntear spares and capital spares<o:p></o:p></p><p class=\"MsoListParagraphCxSpMiddle\" style=\"margin-top:0cm;margin-right:0cm;\r\nmargin-bottom:0cm;margin-left:14.2pt;margin-bottom:.0001pt;mso-add-space:auto;\r\ntext-align:justify;text-indent:-7.1pt;line-height:150%;mso-list:l2 level1 lfo3\"><!--[if !supportLists]--><span style=\"font-family:Symbol;mso-fareast-font-family:Symbol;mso-bidi-font-family:\r\nSymbol\">·<span style=\"font-variant-numeric: normal; font-variant-east-asian: normal; font-stretch: normal; font-size: 7pt; line-height: normal; font-family: &quot;Times New Roman&quot;;\">\r\n</span></span><!--[endif]-->Condition monitoring of all rotating equipments\r\nwith reputed third party<o:p></o:p></p><p class=\"MsoListParagraphCxSpMiddle\" style=\"margin-top:0cm;margin-right:0cm;\r\nmargin-bottom:0cm;margin-left:14.2pt;margin-bottom:.0001pt;mso-add-space:auto;\r\ntext-align:justify;text-indent:-7.1pt;line-height:150%;mso-list:l2 level1 lfo3\"><!--[if !supportLists]--><span style=\"font-family:Symbol;mso-fareast-font-family:Symbol;mso-bidi-font-family:\r\nSymbol\">·<span style=\"font-variant-numeric: normal; font-variant-east-asian: normal; font-stretch: normal; font-size: 7pt; line-height: normal; font-family: &quot;Times New Roman&quot;;\">\r\n</span></span><!--[endif]-->Extend technical support for all statutory\r\npermits and clearance<o:p></o:p></p><p class=\"MsoListParagraphCxSpMiddle\" style=\"margin-top:0cm;margin-right:0cm;\r\nmargin-bottom:0cm;margin-left:14.2pt;margin-bottom:.0001pt;mso-add-space:auto;\r\ntext-align:justify;text-indent:-7.1pt;line-height:150%;mso-list:l2 level1 lfo3\"><!--[if !supportLists]--><span style=\"font-family:Symbol;mso-fareast-font-family:Symbol;mso-bidi-font-family:\r\nSymbol\">·<span style=\"font-variant-numeric: normal; font-variant-east-asian: normal; font-stretch: normal; font-size: 7pt; line-height: normal; font-family: &quot;Times New Roman&quot;;\">\r\n</span></span><!--[endif]-->Performance monitoring, diagnostics and\r\nefficiency enhancement.<o:p></o:p></p><p class=\"MsoListParagraphCxSpMiddle\" style=\"margin-top:0cm;margin-right:0cm;\r\nmargin-bottom:0cm;margin-left:14.2pt;margin-bottom:.0001pt;mso-add-space:auto;\r\ntext-align:justify;text-indent:-7.1pt;line-height:150%;mso-list:l2 level1 lfo3\"><!--[if !supportLists]--><span style=\"font-family:Symbol;mso-fareast-font-family:Symbol;mso-bidi-font-family:\r\nSymbol\">·<span style=\"font-variant-numeric: normal; font-variant-east-asian: normal; font-stretch: normal; font-size: 7pt; line-height: normal; font-family: &quot;Times New Roman&quot;;\">\r\n</span></span><!--[endif]-->Boiler overhauling and IBR certificate renewal<o:p></o:p></p><p class=\"MsoListParagraphCxSpMiddle\" style=\"margin-top:0cm;margin-right:0cm;\r\nmargin-bottom:0cm;margin-left:14.2pt;margin-bottom:.0001pt;mso-add-space:auto;\r\ntext-align:justify;text-indent:-7.1pt;line-height:150%;mso-list:l2 level1 lfo3\"><!--[if !supportLists]--><span style=\"font-family:Symbol;mso-fareast-font-family:Symbol;mso-bidi-font-family:\r\nSymbol\">·<span style=\"font-variant-numeric: normal; font-variant-east-asian: normal; font-stretch: normal; font-size: 7pt; line-height: normal; font-family: &quot;Times New Roman&quot;;\">\r\n</span></span><!--[endif]-->Liaising with different departments in client\r\npremises.<o:p></o:p></p><p class=\"MsoListParagraphCxSpMiddle\" style=\"margin-top:0cm;margin-right:0cm;\r\nmargin-bottom:0cm;margin-left:14.2pt;margin-bottom:.0001pt;mso-add-space:auto;\r\ntext-align:justify;text-indent:-7.1pt;line-height:150%;mso-list:l2 level1 lfo3\"><!--[if !supportLists]--><span style=\"font-family:Symbol;mso-fareast-font-family:Symbol;mso-bidi-font-family:\r\nSymbol\">·<span style=\"font-variant-numeric: normal; font-variant-east-asian: normal; font-stretch: normal; font-size: 7pt; line-height: normal; font-family: &quot;Times New Roman&quot;;\">\r\n</span></span><!--[endif]-->AMC contract with OEM for certain critical\r\nequipments</p><p class=\"MsoListParagraphCxSpMiddle\" style=\"margin-top:0cm;margin-right:0cm;\r\nmargin-bottom:0cm;margin-left:14.2pt;margin-bottom:.0001pt;mso-add-space:auto;\r\ntext-align:justify;text-indent:-7.1pt;line-height:150%;mso-list:l2 level1 lfo3\"><span style=\"text-indent: -7.1pt; font-family: Symbol;\">·<span style=\"font-variant-numeric: normal; font-variant-east-asian: normal; font-stretch: normal; font-size: 7pt; line-height: normal; font-family: &quot;Times New Roman&quot;;\">\r\n</span></span><span style=\"text-indent: -7.1pt;\">Safety audits</span></p><p class=\"MsoListParagraphCxSpLast\" style=\"margin-top:0cm;margin-right:0cm;\r\nmargin-bottom:0cm;margin-left:14.2pt;margin-bottom:.0001pt;mso-add-space:auto;\r\ntext-indent:-7.1pt;line-height:150%;mso-list:l2 level1 lfo3\"><o:p></o:p></p>', '', 1599889960, 2, 1);

-- --------------------------------------------------------

--
-- Table structure for table `services_list1`
--

CREATE TABLE `services_list1` (
  `srv_id` int(11) NOT NULL,
  `srcat_id` int(11) NOT NULL,
  `styp_id` int(11) NOT NULL,
  `name` varchar(150) NOT NULL,
  `srt_descr` varchar(100) NOT NULL,
  `descr` text NOT NULL,
  `thumb_img` varchar(50) NOT NULL,
  `crt_stm` int(11) NOT NULL,
  `crt_by` int(11) NOT NULL,
  `status` int(11) NOT NULL
) ENGINE=InnoDB DEFAULT CHARSET=latin1;

--
-- Dumping data for table `services_list1`
--

INSERT INTO `services_list1` (`srv_id`, `srcat_id`, `styp_id`, `name`, `srt_descr`, `descr`, `thumb_img`, `crt_stm`, `crt_by`, `status`) VALUES
(1, 1, 0, '', 'EXPERTISE MAN POWER WITH TECHNICAL KNOWLEDGE      ', '<p><!--[if gte mso 9]><xml>\r\n <o:OfficeDocumentSettings>\r\n  <o:AllowPNG></o:AllowPNG>\r\n </o:OfficeDocumentSettings>\r\n</xml><![endif]--><!--[if gte mso 9]><xml>\r\n <w:WordDocument>\r\n  <w:View>Normal</w:View>\r\n  <w:Zoom>0</w:Zoom>\r\n  <w:TrackMoves></w:TrackMoves>\r\n  <w:TrackFormatting></w:TrackFormatting>\r\n  <w:PunctuationKerning></w:PunctuationKerning>\r\n  <w:ValidateAgainstSchemas></w:ValidateAgainstSchemas>\r\n  <w:SaveIfXMLInvalid>false</w:SaveIfXMLInvalid>\r\n  <w:IgnoreMixedContent>false</w:IgnoreMixedContent>\r\n  <w:AlwaysShowPlaceholderText>false</w:AlwaysShowPlaceholderText>\r\n  <w:DoNotPromoteQF></w:DoNotPromoteQF>\r\n  <w:LidThemeOther>EN-IN</w:LidThemeOther>\r\n  <w:LidThemeAsian>X-NONE</w:LidThemeAsian>\r\n  <w:LidThemeComplexScript>X-NONE</w:LidThemeComplexScript>\r\n  <w:Compatibility>\r\n   <w:BreakWrappedTables></w:BreakWrappedTables>\r\n   <w:SnapToGridInCell></w:SnapToGridInCell>\r\n   <w:WrapTextWithPunct></w:WrapTextWithPunct>\r\n   <w:UseAsianBreakRules></w:UseAsianBreakRules>\r\n   <w:DontGrowAutofit></w:DontGrowAutofit>\r\n   <w:SplitPgBreakAndParaMark></w:SplitPgBreakAndParaMark>\r\n   <w:DontVertAlignCellWithSp></w:DontVertAlignCellWithSp>\r\n   <w:DontBreakConstrainedForcedTables></w:DontBreakConstrainedForcedTables>\r\n   <w:DontVertAlignInTxbx></w:DontVertAlignInTxbx>\r\n   <w:Word11KerningPairs></w:Word11KerningPairs>\r\n   <w:CachedColBalance></w:CachedColBalance>\r\n  </w:Compatibility>\r\n  <m:mathPr>\r\n   <m:mathFont m:val=\"Cambria Math\"></m:mathFont>\r\n   <m:brkBin m:val=\"before\"></m:brkBin>\r\n   <m:brkBinSub m:val=\"--\"></m:brkBinSub>\r\n   <m:smallFrac m:val=\"off\"></m:smallFrac>\r\n   <m:dispDef></m:dispDef>\r\n   <m:lMargin m:val=\"0\"></m:lMargin>\r\n   <m:rMargin m:val=\"0\"></m:rMargin>\r\n   <m:defJc m:val=\"centerGroup\"></m:defJc>\r\n   <m:wrapIndent m:val=\"1440\"></m:wrapIndent>\r\n   <m:intLim m:val=\"subSup\"></m:intLim>\r\n   <m:naryLim m:val=\"undOvr\"></m:naryLim>\r\n  </m:mathPr></w:WordDocument>\r\n</xml><![endif]--><!--[if gte mso 9]><xml>\r\n <w:LatentStyles DefLockedState=\"false\" DefUnhideWhenUsed=\"true\"\r\n  DefSemiHidden=\"true\" DefQFormat=\"false\" DefPriority=\"99\"\r\n  LatentStyleCount=\"267\">\r\n  <w:LsdException Locked=\"false\" Priority=\"0\" SemiHidden=\"false\"\r\n   UnhideWhenUsed=\"false\" QFormat=\"true\" Name=\"Normal\"></w:LsdException>\r\n  <w:LsdException Locked=\"false\" Priority=\"9\" SemiHidden=\"false\"\r\n   UnhideWhenUsed=\"false\" QFormat=\"true\" Name=\"heading 1\"></w:LsdException>\r\n  <w:LsdException Locked=\"false\" Priority=\"9\" QFormat=\"true\" Name=\"heading 2\"></w:LsdException>\r\n  <w:LsdException Locked=\"false\" Priority=\"9\" QFormat=\"true\" Name=\"heading 3\"></w:LsdException>\r\n  <w:LsdException Locked=\"false\" Priority=\"9\" QFormat=\"true\" Name=\"heading 4\"></w:LsdException>\r\n  <w:LsdException Locked=\"false\" Priority=\"9\" QFormat=\"true\" Name=\"heading 5\"></w:LsdException>\r\n  <w:LsdException Locked=\"false\" Priority=\"9\" QFormat=\"true\" Name=\"heading 6\"></w:LsdException>\r\n  <w:LsdException Locked=\"false\" Priority=\"9\" QFormat=\"true\" Name=\"heading 7\"></w:LsdException>\r\n  <w:LsdException Locked=\"false\" Priority=\"9\" QFormat=\"true\" Name=\"heading 8\"></w:LsdException>\r\n  <w:LsdException Locked=\"false\" Priority=\"9\" QFormat=\"true\" Name=\"heading 9\"></w:LsdException>\r\n  <w:LsdException Locked=\"false\" Priority=\"39\" Name=\"toc 1\"></w:LsdException>\r\n  <w:LsdException Locked=\"false\" Priority=\"39\" Name=\"toc 2\"></w:LsdException>\r\n  <w:LsdException Locked=\"false\" Priority=\"39\" Name=\"toc 3\"></w:LsdException>\r\n  <w:LsdException Locked=\"false\" Priority=\"39\" Name=\"toc 4\"></w:LsdException>\r\n  <w:LsdException Locked=\"false\" Priority=\"39\" Name=\"toc 5\"></w:LsdException>\r\n  <w:LsdException Locked=\"false\" Priority=\"39\" Name=\"toc 6\"></w:LsdException>\r\n  <w:LsdException Locked=\"false\" Priority=\"39\" Name=\"toc 7\"></w:LsdException>\r\n  <w:LsdException Locked=\"false\" Priority=\"39\" Name=\"toc 8\"></w:LsdException>\r\n  <w:LsdException Locked=\"false\" Priority=\"39\" Name=\"toc 9\"></w:LsdException>\r\n  <w:LsdException Locked=\"false\" Priority=\"35\" QFormat=\"true\" Name=\"caption\"></w:LsdException>\r\n  <w:LsdException Locked=\"false\" Priority=\"10\" SemiHidden=\"false\"\r\n   UnhideWhenUsed=\"false\" QFormat=\"true\" Name=\"Title\"></w:LsdException>\r\n  <w:LsdException Locked=\"false\" Priority=\"1\" Name=\"Default Paragraph Font\"></w:LsdException>\r\n  <w:LsdException Locked=\"false\" Priority=\"11\" SemiHidden=\"false\"\r\n   UnhideWhenUsed=\"false\" QFormat=\"true\" Name=\"Subtitle\"></w:LsdException>\r\n  <w:LsdException Locked=\"false\" Priority=\"22\" SemiHidden=\"false\"\r\n   UnhideWhenUsed=\"false\" QFormat=\"true\" Name=\"Strong\"></w:LsdException>\r\n  <w:LsdException Locked=\"false\" Priority=\"20\" SemiHidden=\"false\"\r\n   UnhideWhenUsed=\"false\" QFormat=\"true\" Name=\"Emphasis\"></w:LsdException>\r\n  <w:LsdException Locked=\"false\" Priority=\"59\" SemiHidden=\"false\"\r\n   UnhideWhenUsed=\"false\" Name=\"Table Grid\"></w:LsdException>\r\n  <w:LsdException Locked=\"false\" UnhideWhenUsed=\"false\" Name=\"Placeholder Text\"></w:LsdException>\r\n  <w:LsdException Locked=\"false\" Priority=\"1\" SemiHidden=\"false\"\r\n   UnhideWhenUsed=\"false\" QFormat=\"true\" Name=\"No Spacing\"></w:LsdException>\r\n  <w:LsdException Locked=\"false\" Priority=\"60\" SemiHidden=\"false\"\r\n   UnhideWhenUsed=\"false\" Name=\"Light Shading\"></w:LsdException>\r\n  <w:LsdException Locked=\"false\" Priority=\"61\" SemiHidden=\"false\"\r\n   UnhideWhenUsed=\"false\" Name=\"Light List\"></w:LsdException>\r\n  <w:LsdException Locked=\"false\" Priority=\"62\" SemiHidden=\"false\"\r\n   UnhideWhenUsed=\"false\" Name=\"Light Grid\"></w:LsdException>\r\n  <w:LsdException Locked=\"false\" Priority=\"63\" SemiHidden=\"false\"\r\n   UnhideWhenUsed=\"false\" Name=\"Medium Shading 1\"></w:LsdException>\r\n  <w:LsdException Locked=\"false\" Priority=\"64\" SemiHidden=\"false\"\r\n   UnhideWhenUsed=\"false\" Name=\"Medium Shading 2\"></w:LsdException>\r\n  <w:LsdException Locked=\"false\" Priority=\"65\" SemiHidden=\"false\"\r\n   UnhideWhenUsed=\"false\" Name=\"Medium List 1\"></w:LsdException>\r\n  <w:LsdException Locked=\"false\" Priority=\"66\" SemiHidden=\"false\"\r\n   UnhideWhenUsed=\"false\" Name=\"Medium List 2\"></w:LsdException>\r\n  <w:LsdException Locked=\"false\" Priority=\"67\" SemiHidden=\"false\"\r\n   UnhideWhenUsed=\"false\" Name=\"Medium Grid 1\"></w:LsdException>\r\n  <w:LsdException Locked=\"false\" Priority=\"68\" SemiHidden=\"false\"\r\n   UnhideWhenUsed=\"false\" Name=\"Medium Grid 2\"></w:LsdException>\r\n  <w:LsdException Locked=\"false\" Priority=\"69\" SemiHidden=\"false\"\r\n   UnhideWhenUsed=\"false\" Name=\"Medium Grid 3\"></w:LsdException>\r\n  <w:LsdException Locked=\"false\" Priority=\"70\" SemiHidden=\"false\"\r\n   UnhideWhenUsed=\"false\" Name=\"Dark List\"></w:LsdException>\r\n  <w:LsdException Locked=\"false\" Priority=\"71\" SemiHidden=\"false\"\r\n   UnhideWhenUsed=\"false\" Name=\"Colorful Shading\"></w:LsdException>\r\n  <w:LsdException Locked=\"false\" Priority=\"72\" SemiHidden=\"false\"\r\n   UnhideWhenUsed=\"false\" Name=\"Colorful List\"></w:LsdException>\r\n  <w:LsdException Locked=\"false\" Priority=\"73\" SemiHidden=\"false\"\r\n   UnhideWhenUsed=\"false\" Name=\"Colorful Grid\"></w:LsdException>\r\n  <w:LsdException Locked=\"false\" Priority=\"60\" SemiHidden=\"false\"\r\n   UnhideWhenUsed=\"false\" Name=\"Light Shading Accent 1\"></w:LsdException>\r\n  <w:LsdException Locked=\"false\" Priority=\"61\" SemiHidden=\"false\"\r\n   UnhideWhenUsed=\"false\" Name=\"Light List Accent 1\"></w:LsdException>\r\n  <w:LsdException Locked=\"false\" Priority=\"62\" SemiHidden=\"false\"\r\n   UnhideWhenUsed=\"false\" Name=\"Light Grid Accent 1\"></w:LsdException>\r\n  <w:LsdException Locked=\"false\" Priority=\"63\" SemiHidden=\"false\"\r\n   UnhideWhenUsed=\"false\" Name=\"Medium Shading 1 Accent 1\"></w:LsdException>\r\n  <w:LsdException Locked=\"false\" Priority=\"64\" SemiHidden=\"false\"\r\n   UnhideWhenUsed=\"false\" Name=\"Medium Shading 2 Accent 1\"></w:LsdException>\r\n  <w:LsdException Locked=\"false\" Priority=\"65\" SemiHidden=\"false\"\r\n   UnhideWhenUsed=\"false\" Name=\"Medium List 1 Accent 1\"></w:LsdException>\r\n  <w:LsdException Locked=\"false\" UnhideWhenUsed=\"false\" Name=\"Revision\"></w:LsdException>\r\n  <w:LsdException Locked=\"false\" Priority=\"34\" SemiHidden=\"false\"\r\n   UnhideWhenUsed=\"false\" QFormat=\"true\" Name=\"List Paragraph\"></w:LsdException>\r\n  <w:LsdException Locked=\"false\" Priority=\"29\" SemiHidden=\"false\"\r\n   UnhideWhenUsed=\"false\" QFormat=\"true\" Name=\"Quote\"></w:LsdException>\r\n  <w:LsdException Locked=\"false\" Priority=\"30\" SemiHidden=\"false\"\r\n   UnhideWhenUsed=\"false\" QFormat=\"true\" Name=\"Intense Quote\"></w:LsdException>\r\n  <w:LsdException Locked=\"false\" Priority=\"66\" SemiHidden=\"false\"\r\n   UnhideWhenUsed=\"false\" Name=\"Medium List 2 Accent 1\"></w:LsdException>\r\n  <w:LsdException Locked=\"false\" Priority=\"67\" SemiHidden=\"false\"\r\n   UnhideWhenUsed=\"false\" Name=\"Medium Grid 1 Accent 1\"></w:LsdException>\r\n  <w:LsdException Locked=\"false\" Priority=\"68\" SemiHidden=\"false\"\r\n   UnhideWhenUsed=\"false\" Name=\"Medium Grid 2 Accent 1\"></w:LsdException>\r\n  <w:LsdException Locked=\"false\" Priority=\"69\" SemiHidden=\"false\"\r\n   UnhideWhenUsed=\"false\" Name=\"Medium Grid 3 Accent 1\"></w:LsdException>\r\n  <w:LsdException Locked=\"false\" Priority=\"70\" SemiHidden=\"false\"\r\n   UnhideWhenUsed=\"false\" Name=\"Dark List Accent 1\"></w:LsdException>\r\n  <w:LsdException Locked=\"false\" Priority=\"71\" SemiHidden=\"false\"\r\n   UnhideWhenUsed=\"false\" Name=\"Colorful Shading Accent 1\"></w:LsdException>\r\n  <w:LsdException Locked=\"false\" Priority=\"72\" SemiHidden=\"false\"\r\n   UnhideWhenUsed=\"false\" Name=\"Colorful List Accent 1\"></w:LsdException>\r\n  <w:LsdException Locked=\"false\" Priority=\"73\" SemiHidden=\"false\"\r\n   UnhideWhenUsed=\"false\" Name=\"Colorful Grid Accent 1\"></w:LsdException>\r\n  <w:LsdException Locked=\"false\" Priority=\"60\" SemiHidden=\"false\"\r\n   UnhideWhenUsed=\"false\" Name=\"Light Shading Accent 2\"></w:LsdException>\r\n  <w:LsdException Locked=\"false\" Priority=\"61\" SemiHidden=\"false\"\r\n   UnhideWhenUsed=\"false\" Name=\"Light List Accent 2\"></w:LsdException>\r\n  <w:LsdException Locked=\"false\" Priority=\"62\" SemiHidden=\"false\"\r\n   UnhideWhenUsed=\"false\" Name=\"Light Grid Accent 2\"></w:LsdException>\r\n  <w:LsdException Locked=\"false\" Priority=\"63\" SemiHidden=\"false\"\r\n   UnhideWhenUsed=\"false\" Name=\"Medium Shading 1 Accent 2\"></w:LsdException>\r\n  <w:LsdException Locked=\"false\" Priority=\"64\" SemiHidden=\"false\"\r\n   UnhideWhenUsed=\"false\" Name=\"Medium Shading 2 Accent 2\"></w:LsdException>\r\n  <w:LsdException Locked=\"false\" Priority=\"65\" SemiHidden=\"false\"\r\n   UnhideWhenUsed=\"false\" Name=\"Medium List 1 Accent 2\"></w:LsdException>\r\n  <w:LsdException Locked=\"false\" Priority=\"66\" SemiHidden=\"false\"\r\n   UnhideWhenUsed=\"false\" Name=\"Medium List 2 Accent 2\"></w:LsdException>\r\n  <w:LsdException Locked=\"false\" Priority=\"67\" SemiHidden=\"false\"\r\n   UnhideWhenUsed=\"false\" Name=\"Medium Grid 1 Accent 2\"></w:LsdException>\r\n  <w:LsdException Locked=\"false\" Priority=\"68\" SemiHidden=\"false\"\r\n   UnhideWhenUsed=\"false\" Name=\"Medium Grid 2 Accent 2\"></w:LsdException>\r\n  <w:LsdException Locked=\"false\" Priority=\"69\" SemiHidden=\"false\"\r\n   UnhideWhenUsed=\"false\" Name=\"Medium Grid 3 Accent 2\"></w:LsdException>\r\n  <w:LsdException Locked=\"false\" Priority=\"70\" SemiHidden=\"false\"\r\n   UnhideWhenUsed=\"false\" Name=\"Dark List Accent 2\"></w:LsdException>\r\n  <w:LsdException Locked=\"false\" Priority=\"71\" SemiHidden=\"false\"\r\n   UnhideWhenUsed=\"false\" Name=\"Colorful Shading Accent 2\"></w:LsdException>\r\n  <w:LsdException Locked=\"false\" Priority=\"72\" SemiHidden=\"false\"\r\n   UnhideWhenUsed=\"false\" Name=\"Colorful List Accent 2\"></w:LsdException>\r\n  <w:LsdException Locked=\"false\" Priority=\"73\" SemiHidden=\"false\"\r\n   UnhideWhenUsed=\"false\" Name=\"Colorful Grid Accent 2\"></w:LsdException>\r\n  <w:LsdException Locked=\"false\" Priority=\"60\" SemiHidden=\"false\"\r\n   UnhideWhenUsed=\"false\" Name=\"Light Shading Accent 3\"></w:LsdException>\r\n  <w:LsdException Locked=\"false\" Priority=\"61\" SemiHidden=\"false\"\r\n   UnhideWhenUsed=\"false\" Name=\"Light List Accent 3\"></w:LsdException>\r\n  <w:LsdException Locked=\"false\" Priority=\"62\" SemiHidden=\"false\"\r\n   UnhideWhenUsed=\"false\" Name=\"Light Grid Accent 3\"></w:LsdException>\r\n  <w:LsdException Locked=\"false\" Priority=\"63\" SemiHidden=\"false\"\r\n   UnhideWhenUsed=\"false\" Name=\"Medium Shading 1 Accent 3\"></w:LsdException>\r\n  <w:LsdException Locked=\"false\" Priority=\"64\" SemiHidden=\"false\"\r\n   UnhideWhenUsed=\"false\" Name=\"Medium Shading 2 Accent 3\"></w:LsdException>\r\n  <w:LsdException Locked=\"false\" Priority=\"65\" SemiHidden=\"false\"\r\n   UnhideWhenUsed=\"false\" Name=\"Medium List 1 Accent 3\"></w:LsdException>\r\n  <w:LsdException Locked=\"false\" Priority=\"66\" SemiHidden=\"false\"\r\n   UnhideWhenUsed=\"false\" Name=\"Medium List 2 Accent 3\"></w:LsdException>\r\n  <w:LsdException Locked=\"false\" Priority=\"67\" SemiHidden=\"false\"\r\n   UnhideWhenUsed=\"false\" Name=\"Medium Grid 1 Accent 3\"></w:LsdException>\r\n  <w:LsdException Locked=\"false\" Priority=\"68\" SemiHidden=\"false\"\r\n   UnhideWhenUsed=\"false\" Name=\"Medium Grid 2 Accent 3\"></w:LsdException>\r\n  <w:LsdException Locked=\"false\" Priority=\"69\" SemiHidden=\"false\"\r\n   UnhideWhenUsed=\"false\" Name=\"Medium Grid 3 Accent 3\"></w:LsdException>\r\n  <w:LsdException Locked=\"false\" Priority=\"70\" SemiHidden=\"false\"\r\n   UnhideWhenUsed=\"false\" Name=\"Dark List Accent 3\"></w:LsdException>\r\n  <w:LsdException Locked=\"false\" Priority=\"71\" SemiHidden=\"false\"\r\n   UnhideWhenUsed=\"false\" Name=\"Colorful Shading Accent 3\"></w:LsdException>\r\n  <w:LsdException Locked=\"false\" Priority=\"72\" SemiHidden=\"false\"\r\n   UnhideWhenUsed=\"false\" Name=\"Colorful List Accent 3\"></w:LsdException>\r\n  <w:LsdException Locked=\"false\" Priority=\"73\" SemiHidden=\"false\"\r\n   UnhideWhenUsed=\"false\" Name=\"Colorful Grid Accent 3\"></w:LsdException>\r\n  <w:LsdException Locked=\"false\" Priority=\"60\" SemiHidden=\"false\"\r\n   UnhideWhenUsed=\"false\" Name=\"Light Shading Accent 4\"></w:LsdException>\r\n  <w:LsdException Locked=\"false\" Priority=\"61\" SemiHidden=\"false\"\r\n   UnhideWhenUsed=\"false\" Name=\"Light List Accent 4\"></w:LsdException>\r\n  <w:LsdException Locked=\"false\" Priority=\"62\" SemiHidden=\"false\"\r\n   UnhideWhenUsed=\"false\" Name=\"Light Grid Accent 4\"></w:LsdException>\r\n  <w:LsdException Locked=\"false\" Priority=\"63\" SemiHidden=\"false\"\r\n   UnhideWhenUsed=\"false\" Name=\"Medium Shading 1 Accent 4\"></w:LsdException>\r\n  <w:LsdException Locked=\"false\" Priority=\"64\" SemiHidden=\"false\"\r\n   UnhideWhenUsed=\"false\" Name=\"Medium Shading 2 Accent 4\"></w:LsdException>\r\n  <w:LsdException Locked=\"false\" Priority=\"65\" SemiHidden=\"false\"\r\n   UnhideWhenUsed=\"false\" Name=\"Medium List 1 Accent 4\"></w:LsdException>\r\n  <w:LsdException Locked=\"false\" Priority=\"66\" SemiHidden=\"false\"\r\n   UnhideWhenUsed=\"false\" Name=\"Medium List 2 Accent 4\"></w:LsdException>\r\n  <w:LsdException Locked=\"false\" Priority=\"67\" SemiHidden=\"false\"\r\n   UnhideWhenUsed=\"false\" Name=\"Medium Grid 1 Accent 4\"></w:LsdException>\r\n  <w:LsdException Locked=\"false\" Priority=\"68\" SemiHidden=\"false\"\r\n   UnhideWhenUsed=\"false\" Name=\"Medium Grid 2 Accent 4\"></w:LsdException>\r\n  <w:LsdException Locked=\"false\" Priority=\"69\" SemiHidden=\"false\"\r\n   UnhideWhenUsed=\"false\" Name=\"Medium Grid 3 Accent 4\"></w:LsdException>\r\n  <w:LsdException Locked=\"false\" Priority=\"70\" SemiHidden=\"false\"\r\n   UnhideWhenUsed=\"false\" Name=\"Dark List Accent 4\"></w:LsdException>\r\n  <w:LsdException Locked=\"false\" Priority=\"71\" SemiHidden=\"false\"\r\n   UnhideWhenUsed=\"false\" Name=\"Colorful Shading Accent 4\"></w:LsdException>\r\n  <w:LsdException Locked=\"false\" Priority=\"72\" SemiHidden=\"false\"\r\n   UnhideWhenUsed=\"false\" Name=\"Colorful List Accent 4\"></w:LsdException>\r\n  <w:LsdException Locked=\"false\" Priority=\"73\" SemiHidden=\"false\"\r\n   UnhideWhenUsed=\"false\" Name=\"Colorful Grid Accent 4\"></w:LsdException>\r\n  <w:LsdException Locked=\"false\" Priority=\"60\" SemiHidden=\"false\"\r\n   UnhideWhenUsed=\"false\" Name=\"Light Shading Accent 5\"></w:LsdException>\r\n  <w:LsdException Locked=\"false\" Priority=\"61\" SemiHidden=\"false\"\r\n   UnhideWhenUsed=\"false\" Name=\"Light List Accent 5\"></w:LsdException>\r\n  <w:LsdException Locked=\"false\" Priority=\"62\" SemiHidden=\"false\"\r\n   UnhideWhenUsed=\"false\" Name=\"Light Grid Accent 5\"></w:LsdException>\r\n  <w:LsdException Locked=\"false\" Priority=\"63\" SemiHidden=\"false\"\r\n   UnhideWhenUsed=\"false\" Name=\"Medium Shading 1 Accent 5\"></w:LsdException>\r\n  <w:LsdException Locked=\"false\" Priority=\"64\" SemiHidden=\"false\"\r\n   UnhideWhenUsed=\"false\" Name=\"Medium Shading 2 Accent 5\"></w:LsdException>\r\n  <w:LsdException Locked=\"false\" Priority=\"65\" SemiHidden=\"false\"\r\n   UnhideWhenUsed=\"false\" Name=\"Medium List 1 Accent 5\"></w:LsdException>\r\n  <w:LsdException Locked=\"false\" Priority=\"66\" SemiHidden=\"false\"\r\n   UnhideWhenUsed=\"false\" Name=\"Medium List 2 Accent 5\"></w:LsdException>\r\n  <w:LsdException Locked=\"false\" Priority=\"67\" SemiHidden=\"false\"\r\n   UnhideWhenUsed=\"false\" Name=\"Medium Grid 1 Accent 5\"></w:LsdException>\r\n  <w:LsdException Locked=\"false\" Priority=\"68\" SemiHidden=\"false\"\r\n   UnhideWhenUsed=\"false\" Name=\"Medium Grid 2 Accent 5\"></w:LsdException>\r\n  <w:LsdException Locked=\"false\" Priority=\"69\" SemiHidden=\"false\"\r\n   UnhideWhenUsed=\"false\" Name=\"Medium Grid 3 Accent 5\"></w:LsdException>\r\n  <w:LsdException Locked=\"false\" Priority=\"70\" SemiHidden=\"false\"\r\n   UnhideWhenUsed=\"false\" Name=\"Dark List Accent 5\"></w:LsdException>\r\n  <w:LsdException Locked=\"false\" Priority=\"71\" SemiHidden=\"false\"\r\n   UnhideWhenUsed=\"false\" Name=\"Colorful Shading Accent 5\"></w:LsdException>\r\n  <w:LsdException Locked=\"false\" Priority=\"72\" SemiHidden=\"false\"\r\n   UnhideWhenUsed=\"false\" Name=\"Colorful List Accent 5\"></w:LsdException>\r\n  <w:LsdException Locked=\"false\" Priority=\"73\" SemiHidden=\"false\"\r\n   UnhideWhenUsed=\"false\" Name=\"Colorful Grid Accent 5\"></w:LsdException>\r\n  <w:LsdException Locked=\"false\" Priority=\"60\" SemiHidden=\"false\"\r\n   UnhideWhenUsed=\"false\" Name=\"Light Shading Accent 6\"></w:LsdException>\r\n  <w:LsdException Locked=\"false\" Priority=\"61\" SemiHidden=\"false\"\r\n   UnhideWhenUsed=\"false\" Name=\"Light List Accent 6\"></w:LsdException>\r\n  <w:LsdException Locked=\"false\" Priority=\"62\" SemiHidden=\"false\"\r\n   UnhideWhenUsed=\"false\" Name=\"Light Grid Accent 6\"></w:LsdException>\r\n  <w:LsdException Locked=\"false\" Priority=\"63\" SemiHidden=\"false\"\r\n   UnhideWhenUsed=\"false\" Name=\"Medium Shading 1 Accent 6\"></w:LsdException>\r\n  <w:LsdException Locked=\"false\" Priority=\"64\" SemiHidden=\"false\"\r\n   UnhideWhenUsed=\"false\" Name=\"Medium Shading 2 Accent 6\"></w:LsdException>\r\n  <w:LsdException Locked=\"false\" Priority=\"65\" SemiHidden=\"false\"\r\n   UnhideWhenUsed=\"false\" Name=\"Medium List 1 Accent 6\"></w:LsdException>\r\n  <w:LsdException Locked=\"false\" Priority=\"66\" SemiHidden=\"false\"\r\n   UnhideWhenUsed=\"false\" Name=\"Medium List 2 Accent 6\"></w:LsdException>\r\n  <w:LsdException Locked=\"false\" Priority=\"67\" SemiHidden=\"false\"\r\n   UnhideWhenUsed=\"false\" Name=\"Medium Grid 1 Accent 6\"></w:LsdException>\r\n  <w:LsdException Locked=\"false\" Priority=\"68\" SemiHidden=\"false\"\r\n   UnhideWhenUsed=\"false\" Name=\"Medium Grid 2 Accent 6\"></w:LsdException>\r\n  <w:LsdException Locked=\"false\" Priority=\"69\" SemiHidden=\"false\"\r\n   UnhideWhenUsed=\"false\" Name=\"Medium Grid 3 Accent 6\"></w:LsdException>\r\n  <w:LsdException Locked=\"false\" Priority=\"70\" SemiHidden=\"false\"\r\n   UnhideWhenUsed=\"false\" Name=\"Dark List Accent 6\"></w:LsdException>\r\n  <w:LsdException Locked=\"false\" Priority=\"71\" SemiHidden=\"false\"\r\n   UnhideWhenUsed=\"false\" Name=\"Colorful Shading Accent 6\"></w:LsdException>\r\n  <w:LsdException Locked=\"false\" Priority=\"72\" SemiHidden=\"false\"\r\n   UnhideWhenUsed=\"false\" Name=\"Colorful List Accent 6\"></w:LsdException>\r\n  <w:LsdException Locked=\"false\" Priority=\"73\" SemiHidden=\"false\"\r\n   UnhideWhenUsed=\"false\" Name=\"Colorful Grid Accent 6\"></w:LsdException>\r\n  <w:LsdException Locked=\"false\" Priority=\"19\" SemiHidden=\"false\"\r\n   UnhideWhenUsed=\"false\" QFormat=\"true\" Name=\"Subtle Emphasis\"></w:LsdException>\r\n  <w:LsdException Locked=\"false\" Priority=\"21\" SemiHidden=\"false\"\r\n   UnhideWhenUsed=\"false\" QFormat=\"true\" Name=\"Intense Emphasis\"></w:LsdException>\r\n  <w:LsdException Locked=\"false\" Priority=\"31\" SemiHidden=\"false\"\r\n   UnhideWhenUsed=\"false\" QFormat=\"true\" Name=\"Subtle Reference\"></w:LsdException>\r\n  <w:LsdException Locked=\"false\" Priority=\"32\" SemiHidden=\"false\"\r\n   UnhideWhenUsed=\"false\" QFormat=\"true\" Name=\"Intense Reference\"></w:LsdException>\r\n  <w:LsdException Locked=\"false\" Priority=\"33\" SemiHidden=\"false\"\r\n   UnhideWhenUsed=\"false\" QFormat=\"true\" Name=\"Book Title\"></w:LsdException>\r\n  <w:LsdException Locked=\"false\" Priority=\"37\" Name=\"Bibliography\"></w:LsdException>\r\n  <w:LsdException Locked=\"false\" Priority=\"39\" QFormat=\"true\" Name=\"TOC Heading\"></w:LsdException>\r\n </w:LatentStyles>\r\n</xml><![endif]--><!--[if gte mso 10]>\r\n<style>\r\n /* Style Definitions */\r\n table.MsoNormalTable\r\n	{mso-style-name:\"Table Normal\";\r\n	mso-tstyle-rowband-size:0;\r\n	mso-tstyle-colband-size:0;\r\n	mso-style-noshow:yes;\r\n	mso-style-priority:99;\r\n	mso-style-qformat:yes;\r\n	mso-style-parent:\"\";\r\n	mso-padding-alt:0in 5.4pt 0in 5.4pt;\r\n	mso-para-margin:0in;\r\n	mso-para-margin-bottom:.0001pt;\r\n	mso-pagination:widow-orphan;\r\n	font-size:10.0pt;\r\n	font-family:\"Calibri\",\"sans-serif\";}\r\n</style>\r\n<![endif]-->\r\n\r\n</p><p class=\"Default\"><span lang=\"EN-US\"><span style=\"color: rgb(8, 82, 148);\"><b>O&M SERVICES</b></span><span style=\"mso-spacerun:yes\"><span style=\"color: rgb(8, 82, 148);\"><b> </b></span><br></span></span></p>\r\n\r\n<p class=\"CM186\" style=\"margin-bottom:10.35pt;text-indent:.25in;line-height:13.15pt\"><span style=\"font-size:11.0pt;mso-bidi-font-family:\" goudy=\"\" oldstyle=\"\" std\";=\"\" color:#221e1f\"=\"\" lang=\"EN-US\">At the heart of all O&M lies the equipment. Across the\r\nnation, this equipment varies greatly in age, size, type, model, fuel used,\r\ncondition, etc. O&M services mainly should address</span></p>\r\n\r\n<p class=\"Default\" style=\"margin-top:0in;margin-right:0in;margin-bottom:5.5pt;\r\nmargin-left:0in;text-indent:0in;mso-list:l0 level1 lfo1\"><span style=\"font-size:11.0pt;mso-fareast-font-family:\" goudy=\"\" oldstyle=\"\" std\";=\"\" color:#221e1f\"=\"\" lang=\"EN-US\"><span style=\"mso-list:Ignore\">•<span style=\"font:7.0pt \" times=\"\" new=\"\" roman\"\"=\"\">                     \r\n</span></span></span><span style=\"font-size:11.0pt;\r\ncolor:#221E1F\" lang=\"EN-US\">Present general equipment descriptions and operating principles\r\nfor the major equipment types. </span></p>\r\n\r\n<p class=\"Default\" style=\"margin-top:0in;margin-right:0in;margin-bottom:5.5pt;\r\nmargin-left:0in;text-indent:0in;mso-list:l0 level1 lfo1\"><span style=\"font-size:11.0pt;mso-fareast-font-family:\" goudy=\"\" oldstyle=\"\" std\";=\"\" color:#221e1f\"=\"\" lang=\"EN-US\"><span style=\"mso-list:Ignore\">•<span style=\"font:7.0pt \" times=\"\" new=\"\" roman\"\"=\"\">                     \r\n</span></span></span><span style=\"font-size:11.0pt;\r\ncolor:#221E1F\" lang=\"EN-US\">Discuss the key maintenance components of that equipment. </span></p>\r\n\r\n<p class=\"Default\" style=\"margin-top:0in;margin-right:0in;margin-bottom:5.5pt;\r\nmargin-left:0in;text-indent:0in;mso-list:l0 level1 lfo1\"><span style=\"font-size:11.0pt;mso-fareast-font-family:\" goudy=\"\" oldstyle=\"\" std\";=\"\" color:#221e1f\"=\"\" lang=\"EN-US\"><span style=\"mso-list:Ignore\">•<span style=\"font:7.0pt \" times=\"\" new=\"\" roman\"\"=\"\">                     \r\n</span></span></span><span style=\"font-size:11.0pt;\r\ncolor:#221E1F\" lang=\"EN-US\">Highlight important safety issues. </span></p>\r\n\r\n<p class=\"Default\" style=\"margin-top:0in;margin-right:0in;margin-bottom:5.5pt;\r\nmargin-left:0in;text-indent:0in;mso-list:l0 level1 lfo1\"><span style=\"font-size:11.0pt;mso-fareast-font-family:\" goudy=\"\" oldstyle=\"\" std\";=\"\" color:#221e1f\"=\"\" lang=\"EN-US\"><span style=\"mso-list:Ignore\">•<span style=\"font:7.0pt \" times=\"\" new=\"\" roman\"\"=\"\">                     \r\n</span></span></span><span style=\"font-size:11.0pt;\r\ncolor:#221E1F\" lang=\"EN-US\">Point out cost and energy efficiency issues. </span></p>\r\n\r\n<p class=\"Default\" style=\"margin-top:0in;margin-right:0in;margin-bottom:5.5pt;\r\nmargin-left:0in;text-indent:0in;mso-list:l0 level1 lfo1\"><span style=\"font-size:11.0pt;mso-fareast-font-family:\" goudy=\"\" oldstyle=\"\" std\";=\"\" color:#221e1f\"=\"\" lang=\"EN-US\"><span style=\"mso-list:Ignore\">•<span style=\"font:7.0pt \" times=\"\" new=\"\" roman\"\"=\"\">                     \r\n</span></span></span><span style=\"font-size:11.0pt;\r\ncolor:#221E1F\" lang=\"EN-US\">Highlight any water-related efficiency impacts issues. </span></p>\r\n\r\n<p class=\"Default\" style=\"margin-top:0in;margin-right:0in;margin-bottom:5.5pt;\r\nmargin-left:0in;text-indent:0in;mso-list:l0 level1 lfo1\"><span style=\"font-size:11.0pt;mso-fareast-font-family:\" goudy=\"\" oldstyle=\"\" std\";=\"\" color:#221e1f\"=\"\" lang=\"EN-US\"><span style=\"mso-list:Ignore\">•<span style=\"font:7.0pt \" times=\"\" new=\"\" roman\"\"=\"\">                     \r\n</span></span></span><span style=\"font-size:11.0pt;\r\ncolor:#221E1F\" lang=\"EN-US\">Provide recommended general O&M activities in the form of\r\nchecklists. </span></p>\r\n\r\n<p class=\"Default\" style=\"margin-left:0in;text-indent:0in;mso-list:l0 level1 lfo1\"><span style=\"font-size:11.0pt;mso-fareast-font-family:\" goudy=\"\" oldstyle=\"\" std\";=\"\" color:#221e1f\"=\"\" lang=\"EN-US\"><span style=\"mso-list:Ignore\">•<span style=\"font:7.0pt \" times=\"\" new=\"\" roman\"\"=\"\">                     \r\n</span></span></span><span style=\"font-size:11.0pt;\r\ncolor:#221E1F\" lang=\"EN-US\">Where possible, provide case studies. </span></p>\r\n\r\n<p class=\"Default\"><span style=\"font-size:11.0pt;mso-fareast-font-family:\" goudy=\"\" oldstyle=\"\" std\";=\"\" color:#221e1f\"=\"\" lang=\"EN-US\"><span style=\"mso-list:Ignore\">•<span style=\"font:7.0pt \" times=\"\" new=\"\" roman\"\"=\"\">                     \r\n</span></span></span><span style=\"font-size:11.0pt;color:#221E1F\" lang=\"EN-US\">Ensure trouble free operation with optimum output as decided by\r\nclients. <br></span></p>\r\n\r\n<p class=\"Default\"><span style=\"font-size:11.0pt;color:#221E1F\" lang=\"EN-US\">Above\r\nconsiderations are the main objectives of O&M services, and with aiming at\r\nthese objectives, our company takes up O&M services and serve customers\r\nwith expertise man power, added with technical knowledge in the fields of\r\nOperation and Maintenance of the equipment. </span></p>\r\n\r\n<p class=\"MsoNormal\"><span lang=\"EN-US\"> </span></p>\r\n\r\n', '', 1566411209, 2, -1);
INSERT INTO `services_list1` (`srv_id`, `srcat_id`, `styp_id`, `name`, `srt_descr`, `descr`, `thumb_img`, `crt_stm`, `crt_by`, `status`) VALUES
(2, 2, 0, '', ' STATIC AND VERIFICATION COMMISSIONING', '<p><!--[if gte mso 9]><xml>\r\n <o:OfficeDocumentSettings>\r\n  <o:AllowPNG/>\r\n </o:OfficeDocumentSettings>\r\n</xml><![endif]--><!--[if gte mso 9]><xml>\r\n <w:WordDocument>\r\n  <w:View>Normal</w:View>\r\n  <w:Zoom>0</w:Zoom>\r\n  <w:TrackMoves/>\r\n  <w:TrackFormatting/>\r\n  <w:PunctuationKerning/>\r\n  <w:ValidateAgainstSchemas/>\r\n  <w:SaveIfXMLInvalid>false</w:SaveIfXMLInvalid>\r\n  <w:IgnoreMixedContent>false</w:IgnoreMixedContent>\r\n  <w:AlwaysShowPlaceholderText>false</w:AlwaysShowPlaceholderText>\r\n  <w:DoNotPromoteQF/>\r\n  <w:LidThemeOther>EN-IN</w:LidThemeOther>\r\n  <w:LidThemeAsian>X-NONE</w:LidThemeAsian>\r\n  <w:LidThemeComplexScript>X-NONE</w:LidThemeComplexScript>\r\n  <w:Compatibility>\r\n   <w:BreakWrappedTables/>\r\n   <w:SnapToGridInCell/>\r\n   <w:WrapTextWithPunct/>\r\n   <w:UseAsianBreakRules/>\r\n   <w:DontGrowAutofit/>\r\n   <w:SplitPgBreakAndParaMark/>\r\n   <w:DontVertAlignCellWithSp/>\r\n   <w:DontBreakConstrainedForcedTables/>\r\n   <w:DontVertAlignInTxbx/>\r\n   <w:Word11KerningPairs/>\r\n   <w:CachedColBalance/>\r\n  </w:Compatibility>\r\n  <m:mathPr>\r\n   <m:mathFont m:val=\"Cambria Math\"/>\r\n   <m:brkBin m:val=\"before\"/>\r\n   <m:brkBinSub m:val=\"--\"/>\r\n   <m:smallFrac m:val=\"off\"/>\r\n   <m:dispDef/>\r\n   <m:lMargin m:val=\"0\"/>\r\n   <m:rMargin m:val=\"0\"/>\r\n   <m:defJc m:val=\"centerGroup\"/>\r\n   <m:wrapIndent m:val=\"1440\"/>\r\n   <m:intLim m:val=\"subSup\"/>\r\n   <m:naryLim m:val=\"undOvr\"/>\r\n  </m:mathPr></w:WordDocument>\r\n</xml><![endif]--><!--[if gte mso 9]><xml>\r\n <w:LatentStyles DefLockedState=\"false\" DefUnhideWhenUsed=\"true\"\r\n  DefSemiHidden=\"true\" DefQFormat=\"false\" DefPriority=\"99\"\r\n  LatentStyleCount=\"267\">\r\n  <w:LsdException Locked=\"false\" Priority=\"0\" SemiHidden=\"false\"\r\n   UnhideWhenUsed=\"false\" QFormat=\"true\" Name=\"Normal\"/>\r\n  <w:LsdException Locked=\"false\" Priority=\"9\" SemiHidden=\"false\"\r\n   UnhideWhenUsed=\"false\" QFormat=\"true\" Name=\"heading 1\"/>\r\n  <w:LsdException Locked=\"false\" Priority=\"9\" QFormat=\"true\" Name=\"heading 2\"/>\r\n  <w:LsdException Locked=\"false\" Priority=\"9\" QFormat=\"true\" Name=\"heading 3\"/>\r\n  <w:LsdException Locked=\"false\" Priority=\"9\" QFormat=\"true\" Name=\"heading 4\"/>\r\n  <w:LsdException Locked=\"false\" Priority=\"9\" QFormat=\"true\" Name=\"heading 5\"/>\r\n  <w:LsdException Locked=\"false\" Priority=\"9\" QFormat=\"true\" Name=\"heading 6\"/>\r\n  <w:LsdException Locked=\"false\" Priority=\"9\" QFormat=\"true\" Name=\"heading 7\"/>\r\n  <w:LsdException Locked=\"false\" Priority=\"9\" QFormat=\"true\" Name=\"heading 8\"/>\r\n  <w:LsdException Locked=\"false\" Priority=\"9\" QFormat=\"true\" Name=\"heading 9\"/>\r\n  <w:LsdException Locked=\"false\" Priority=\"39\" Name=\"toc 1\"/>\r\n  <w:LsdException Locked=\"false\" Priority=\"39\" Name=\"toc 2\"/>\r\n  <w:LsdException Locked=\"false\" Priority=\"39\" Name=\"toc 3\"/>\r\n  <w:LsdException Locked=\"false\" Priority=\"39\" Name=\"toc 4\"/>\r\n  <w:LsdException Locked=\"false\" Priority=\"39\" Name=\"toc 5\"/>\r\n  <w:LsdException Locked=\"false\" Priority=\"39\" Name=\"toc 6\"/>\r\n  <w:LsdException Locked=\"false\" Priority=\"39\" Name=\"toc 7\"/>\r\n  <w:LsdException Locked=\"false\" Priority=\"39\" Name=\"toc 8\"/>\r\n  <w:LsdException Locked=\"false\" Priority=\"39\" Name=\"toc 9\"/>\r\n  <w:LsdException Locked=\"false\" Priority=\"35\" QFormat=\"true\" Name=\"caption\"/>\r\n  <w:LsdException Locked=\"false\" Priority=\"10\" SemiHidden=\"false\"\r\n   UnhideWhenUsed=\"false\" QFormat=\"true\" Name=\"Title\"/>\r\n  <w:LsdException Locked=\"false\" Priority=\"1\" Name=\"Default Paragraph Font\"/>\r\n  <w:LsdException Locked=\"false\" Priority=\"11\" SemiHidden=\"false\"\r\n   UnhideWhenUsed=\"false\" QFormat=\"true\" Name=\"Subtitle\"/>\r\n  <w:LsdException Locked=\"false\" Priority=\"22\" SemiHidden=\"false\"\r\n   UnhideWhenUsed=\"false\" QFormat=\"true\" Name=\"Strong\"/>\r\n  <w:LsdException Locked=\"false\" Priority=\"20\" SemiHidden=\"false\"\r\n   UnhideWhenUsed=\"false\" QFormat=\"true\" Name=\"Emphasis\"/>\r\n  <w:LsdException Locked=\"false\" Priority=\"59\" SemiHidden=\"false\"\r\n   UnhideWhenUsed=\"false\" Name=\"Table Grid\"/>\r\n  <w:LsdException Locked=\"false\" UnhideWhenUsed=\"false\" Name=\"Placeholder Text\"/>\r\n  <w:LsdException Locked=\"false\" Priority=\"1\" SemiHidden=\"false\"\r\n   UnhideWhenUsed=\"false\" QFormat=\"true\" Name=\"No Spacing\"/>\r\n  <w:LsdException Locked=\"false\" Priority=\"60\" SemiHidden=\"false\"\r\n   UnhideWhenUsed=\"false\" Name=\"Light Shading\"/>\r\n  <w:LsdException Locked=\"false\" Priority=\"61\" SemiHidden=\"false\"\r\n   UnhideWhenUsed=\"false\" Name=\"Light List\"/>\r\n  <w:LsdException Locked=\"false\" Priority=\"62\" SemiHidden=\"false\"\r\n   UnhideWhenUsed=\"false\" Name=\"Light Grid\"/>\r\n  <w:LsdException Locked=\"false\" Priority=\"63\" SemiHidden=\"false\"\r\n   UnhideWhenUsed=\"false\" Name=\"Medium Shading 1\"/>\r\n  <w:LsdException Locked=\"false\" Priority=\"64\" SemiHidden=\"false\"\r\n   UnhideWhenUsed=\"false\" Name=\"Medium Shading 2\"/>\r\n  <w:LsdException Locked=\"false\" Priority=\"65\" SemiHidden=\"false\"\r\n   UnhideWhenUsed=\"false\" Name=\"Medium List 1\"/>\r\n  <w:LsdException Locked=\"false\" Priority=\"66\" SemiHidden=\"false\"\r\n   UnhideWhenUsed=\"false\" Name=\"Medium List 2\"/>\r\n  <w:LsdException Locked=\"false\" Priority=\"67\" SemiHidden=\"false\"\r\n   UnhideWhenUsed=\"false\" Name=\"Medium Grid 1\"/>\r\n  <w:LsdException Locked=\"false\" Priority=\"68\" SemiHidden=\"false\"\r\n   UnhideWhenUsed=\"false\" Name=\"Medium Grid 2\"/>\r\n  <w:LsdException Locked=\"false\" Priority=\"69\" SemiHidden=\"false\"\r\n   UnhideWhenUsed=\"false\" Name=\"Medium Grid 3\"/>\r\n  <w:LsdException Locked=\"false\" Priority=\"70\" SemiHidden=\"false\"\r\n   UnhideWhenUsed=\"false\" Name=\"Dark List\"/>\r\n  <w:LsdException Locked=\"false\" Priority=\"71\" SemiHidden=\"false\"\r\n   UnhideWhenUsed=\"false\" Name=\"Colorful Shading\"/>\r\n  <w:LsdException Locked=\"false\" Priority=\"72\" SemiHidden=\"false\"\r\n   UnhideWhenUsed=\"false\" Name=\"Colorful List\"/>\r\n  <w:LsdException Locked=\"false\" Priority=\"73\" SemiHidden=\"false\"\r\n   UnhideWhenUsed=\"false\" Name=\"Colorful Grid\"/>\r\n  <w:LsdException Locked=\"false\" Priority=\"60\" SemiHidden=\"false\"\r\n   UnhideWhenUsed=\"false\" Name=\"Light Shading Accent 1\"/>\r\n  <w:LsdException Locked=\"false\" Priority=\"61\" SemiHidden=\"false\"\r\n   UnhideWhenUsed=\"false\" Name=\"Light List Accent 1\"/>\r\n  <w:LsdException Locked=\"false\" Priority=\"62\" SemiHidden=\"false\"\r\n   UnhideWhenUsed=\"false\" Name=\"Light Grid Accent 1\"/>\r\n  <w:LsdException Locked=\"false\" Priority=\"63\" SemiHidden=\"false\"\r\n   UnhideWhenUsed=\"false\" Name=\"Medium Shading 1 Accent 1\"/>\r\n  <w:LsdException Locked=\"false\" Priority=\"64\" SemiHidden=\"false\"\r\n   UnhideWhenUsed=\"false\" Name=\"Medium Shading 2 Accent 1\"/>\r\n  <w:LsdException Locked=\"false\" Priority=\"65\" SemiHidden=\"false\"\r\n   UnhideWhenUsed=\"false\" Name=\"Medium List 1 Accent 1\"/>\r\n  <w:LsdException Locked=\"false\" UnhideWhenUsed=\"false\" Name=\"Revision\"/>\r\n  <w:LsdException Locked=\"false\" Priority=\"34\" SemiHidden=\"false\"\r\n   UnhideWhenUsed=\"false\" QFormat=\"true\" Name=\"List Paragraph\"/>\r\n  <w:LsdException Locked=\"false\" Priority=\"29\" SemiHidden=\"false\"\r\n   UnhideWhenUsed=\"false\" QFormat=\"true\" Name=\"Quote\"/>\r\n  <w:LsdException Locked=\"false\" Priority=\"30\" SemiHidden=\"false\"\r\n   UnhideWhenUsed=\"false\" QFormat=\"true\" Name=\"Intense Quote\"/>\r\n  <w:LsdException Locked=\"false\" Priority=\"66\" SemiHidden=\"false\"\r\n   UnhideWhenUsed=\"false\" Name=\"Medium List 2 Accent 1\"/>\r\n  <w:LsdException Locked=\"false\" Priority=\"67\" SemiHidden=\"false\"\r\n   UnhideWhenUsed=\"false\" Name=\"Medium Grid 1 Accent 1\"/>\r\n  <w:LsdException Locked=\"false\" Priority=\"68\" SemiHidden=\"false\"\r\n   UnhideWhenUsed=\"false\" Name=\"Medium Grid 2 Accent 1\"/>\r\n  <w:LsdException Locked=\"false\" Priority=\"69\" SemiHidden=\"false\"\r\n   UnhideWhenUsed=\"false\" Name=\"Medium Grid 3 Accent 1\"/>\r\n  <w:LsdException Locked=\"false\" Priority=\"70\" SemiHidden=\"false\"\r\n   UnhideWhenUsed=\"false\" Name=\"Dark List Accent 1\"/>\r\n  <w:LsdException Locked=\"false\" Priority=\"71\" SemiHidden=\"false\"\r\n   UnhideWhenUsed=\"false\" Name=\"Colorful Shading Accent 1\"/>\r\n  <w:LsdException Locked=\"false\" Priority=\"72\" SemiHidden=\"false\"\r\n   UnhideWhenUsed=\"false\" Name=\"Colorful List Accent 1\"/>\r\n  <w:LsdException Locked=\"false\" Priority=\"73\" SemiHidden=\"false\"\r\n   UnhideWhenUsed=\"false\" Name=\"Colorful Grid Accent 1\"/>\r\n  <w:LsdException Locked=\"false\" Priority=\"60\" SemiHidden=\"false\"\r\n   UnhideWhenUsed=\"false\" Name=\"Light Shading Accent 2\"/>\r\n  <w:LsdException Locked=\"false\" Priority=\"61\" SemiHidden=\"false\"\r\n   UnhideWhenUsed=\"false\" Name=\"Light List Accent 2\"/>\r\n  <w:LsdException Locked=\"false\" Priority=\"62\" SemiHidden=\"false\"\r\n   UnhideWhenUsed=\"false\" Name=\"Light Grid Accent 2\"/>\r\n  <w:LsdException Locked=\"false\" Priority=\"63\" SemiHidden=\"false\"\r\n   UnhideWhenUsed=\"false\" Name=\"Medium Shading 1 Accent 2\"/>\r\n  <w:LsdException Locked=\"false\" Priority=\"64\" SemiHidden=\"false\"\r\n   UnhideWhenUsed=\"false\" Name=\"Medium Shading 2 Accent 2\"/>\r\n  <w:LsdException Locked=\"false\" Priority=\"65\" SemiHidden=\"false\"\r\n   UnhideWhenUsed=\"false\" Name=\"Medium List 1 Accent 2\"/>\r\n  <w:LsdException Locked=\"false\" Priority=\"66\" SemiHidden=\"false\"\r\n   UnhideWhenUsed=\"false\" Name=\"Medium List 2 Accent 2\"/>\r\n  <w:LsdException Locked=\"false\" Priority=\"67\" SemiHidden=\"false\"\r\n   UnhideWhenUsed=\"false\" Name=\"Medium Grid 1 Accent 2\"/>\r\n  <w:LsdException Locked=\"false\" Priority=\"68\" SemiHidden=\"false\"\r\n   UnhideWhenUsed=\"false\" Name=\"Medium Grid 2 Accent 2\"/>\r\n  <w:LsdException Locked=\"false\" Priority=\"69\" SemiHidden=\"false\"\r\n   UnhideWhenUsed=\"false\" Name=\"Medium Grid 3 Accent 2\"/>\r\n  <w:LsdException Locked=\"false\" Priority=\"70\" SemiHidden=\"false\"\r\n   UnhideWhenUsed=\"false\" Name=\"Dark List Accent 2\"/>\r\n  <w:LsdException Locked=\"false\" Priority=\"71\" SemiHidden=\"false\"\r\n   UnhideWhenUsed=\"false\" Name=\"Colorful Shading Accent 2\"/>\r\n  <w:LsdException Locked=\"false\" Priority=\"72\" SemiHidden=\"false\"\r\n   UnhideWhenUsed=\"false\" Name=\"Colorful List Accent 2\"/>\r\n  <w:LsdException Locked=\"false\" Priority=\"73\" SemiHidden=\"false\"\r\n   UnhideWhenUsed=\"false\" Name=\"Colorful Grid Accent 2\"/>\r\n  <w:LsdException Locked=\"false\" Priority=\"60\" SemiHidden=\"false\"\r\n   UnhideWhenUsed=\"false\" Name=\"Light Shading Accent 3\"/>\r\n  <w:LsdException Locked=\"false\" Priority=\"61\" SemiHidden=\"false\"\r\n   UnhideWhenUsed=\"false\" Name=\"Light List Accent 3\"/>\r\n  <w:LsdException Locked=\"false\" Priority=\"62\" SemiHidden=\"false\"\r\n   UnhideWhenUsed=\"false\" Name=\"Light Grid Accent 3\"/>\r\n  <w:LsdException Locked=\"false\" Priority=\"63\" SemiHidden=\"false\"\r\n   UnhideWhenUsed=\"false\" Name=\"Medium Shading 1 Accent 3\"/>\r\n  <w:LsdException Locked=\"false\" Priority=\"64\" SemiHidden=\"false\"\r\n   UnhideWhenUsed=\"false\" Name=\"Medium Shading 2 Accent 3\"/>\r\n  <w:LsdException Locked=\"false\" Priority=\"65\" SemiHidden=\"false\"\r\n   UnhideWhenUsed=\"false\" Name=\"Medium List 1 Accent 3\"/>\r\n  <w:LsdException Locked=\"false\" Priority=\"66\" SemiHidden=\"false\"\r\n   UnhideWhenUsed=\"false\" Name=\"Medium List 2 Accent 3\"/>\r\n  <w:LsdException Locked=\"false\" Priority=\"67\" SemiHidden=\"false\"\r\n   UnhideWhenUsed=\"false\" Name=\"Medium Grid 1 Accent 3\"/>\r\n  <w:LsdException Locked=\"false\" Priority=\"68\" SemiHidden=\"false\"\r\n   UnhideWhenUsed=\"false\" Name=\"Medium Grid 2 Accent 3\"/>\r\n  <w:LsdException Locked=\"false\" Priority=\"69\" SemiHidden=\"false\"\r\n   UnhideWhenUsed=\"false\" Name=\"Medium Grid 3 Accent 3\"/>\r\n  <w:LsdException Locked=\"false\" Priority=\"70\" SemiHidden=\"false\"\r\n   UnhideWhenUsed=\"false\" Name=\"Dark List Accent 3\"/>\r\n  <w:LsdException Locked=\"false\" Priority=\"71\" SemiHidden=\"false\"\r\n   UnhideWhenUsed=\"false\" Name=\"Colorful Shading Accent 3\"/>\r\n  <w:LsdException Locked=\"false\" Priority=\"72\" SemiHidden=\"false\"\r\n   UnhideWhenUsed=\"false\" Name=\"Colorful List Accent 3\"/>\r\n  <w:LsdException Locked=\"false\" Priority=\"73\" SemiHidden=\"false\"\r\n   UnhideWhenUsed=\"false\" Name=\"Colorful Grid Accent 3\"/>\r\n  <w:LsdException Locked=\"false\" Priority=\"60\" SemiHidden=\"false\"\r\n   UnhideWhenUsed=\"false\" Name=\"Light Shading Accent 4\"/>\r\n  <w:LsdException Locked=\"false\" Priority=\"61\" SemiHidden=\"false\"\r\n   UnhideWhenUsed=\"false\" Name=\"Light List Accent 4\"/>\r\n  <w:LsdException Locked=\"false\" Priority=\"62\" SemiHidden=\"false\"\r\n   UnhideWhenUsed=\"false\" Name=\"Light Grid Accent 4\"/>\r\n  <w:LsdException Locked=\"false\" Priority=\"63\" SemiHidden=\"false\"\r\n   UnhideWhenUsed=\"false\" Name=\"Medium Shading 1 Accent 4\"/>\r\n  <w:LsdException Locked=\"false\" Priority=\"64\" SemiHidden=\"false\"\r\n   UnhideWhenUsed=\"false\" Name=\"Medium Shading 2 Accent 4\"/>\r\n  <w:LsdException Locked=\"false\" Priority=\"65\" SemiHidden=\"false\"\r\n   UnhideWhenUsed=\"false\" Name=\"Medium List 1 Accent 4\"/>\r\n  <w:LsdException Locked=\"false\" Priority=\"66\" SemiHidden=\"false\"\r\n   UnhideWhenUsed=\"false\" Name=\"Medium List 2 Accent 4\"/>\r\n  <w:LsdException Locked=\"false\" Priority=\"67\" SemiHidden=\"false\"\r\n   UnhideWhenUsed=\"false\" Name=\"Medium Grid 1 Accent 4\"/>\r\n  <w:LsdException Locked=\"false\" Priority=\"68\" SemiHidden=\"false\"\r\n   UnhideWhenUsed=\"false\" Name=\"Medium Grid 2 Accent 4\"/>\r\n  <w:LsdException Locked=\"false\" Priority=\"69\" SemiHidden=\"false\"\r\n   UnhideWhenUsed=\"false\" Name=\"Medium Grid 3 Accent 4\"/>\r\n  <w:LsdException Locked=\"false\" Priority=\"70\" SemiHidden=\"false\"\r\n   UnhideWhenUsed=\"false\" Name=\"Dark List Accent 4\"/>\r\n  <w:LsdException Locked=\"false\" Priority=\"71\" SemiHidden=\"false\"\r\n   UnhideWhenUsed=\"false\" Name=\"Colorful Shading Accent 4\"/>\r\n  <w:LsdException Locked=\"false\" Priority=\"72\" SemiHidden=\"false\"\r\n   UnhideWhenUsed=\"false\" Name=\"Colorful List Accent 4\"/>\r\n  <w:LsdException Locked=\"false\" Priority=\"73\" SemiHidden=\"false\"\r\n   UnhideWhenUsed=\"false\" Name=\"Colorful Grid Accent 4\"/>\r\n  <w:LsdException Locked=\"false\" Priority=\"60\" SemiHidden=\"false\"\r\n   UnhideWhenUsed=\"false\" Name=\"Light Shading Accent 5\"/>\r\n  <w:LsdException Locked=\"false\" Priority=\"61\" SemiHidden=\"false\"\r\n   UnhideWhenUsed=\"false\" Name=\"Light List Accent 5\"/>\r\n  <w:LsdException Locked=\"false\" Priority=\"62\" SemiHidden=\"false\"\r\n   UnhideWhenUsed=\"false\" Name=\"Light Grid Accent 5\"/>\r\n  <w:LsdException Locked=\"false\" Priority=\"63\" SemiHidden=\"false\"\r\n   UnhideWhenUsed=\"false\" Name=\"Medium Shading 1 Accent 5\"/>\r\n  <w:LsdException Locked=\"false\" Priority=\"64\" SemiHidden=\"false\"\r\n   UnhideWhenUsed=\"false\" Name=\"Medium Shading 2 Accent 5\"/>\r\n  <w:LsdException Locked=\"false\" Priority=\"65\" SemiHidden=\"false\"\r\n   UnhideWhenUsed=\"false\" Name=\"Medium List 1 Accent 5\"/>\r\n  <w:LsdException Locked=\"false\" Priority=\"66\" SemiHidden=\"false\"\r\n   UnhideWhenUsed=\"false\" Name=\"Medium List 2 Accent 5\"/>\r\n  <w:LsdException Locked=\"false\" Priority=\"67\" SemiHidden=\"false\"\r\n   UnhideWhenUsed=\"false\" Name=\"Medium Grid 1 Accent 5\"/>\r\n  <w:LsdException Locked=\"false\" Priority=\"68\" SemiHidden=\"false\"\r\n   UnhideWhenUsed=\"false\" Name=\"Medium Grid 2 Accent 5\"/>\r\n  <w:LsdException Locked=\"false\" Priority=\"69\" SemiHidden=\"false\"\r\n   UnhideWhenUsed=\"false\" Name=\"Medium Grid 3 Accent 5\"/>\r\n  <w:LsdException Locked=\"false\" Priority=\"70\" SemiHidden=\"false\"\r\n   UnhideWhenUsed=\"false\" Name=\"Dark List Accent 5\"/>\r\n  <w:LsdException Locked=\"false\" Priority=\"71\" SemiHidden=\"false\"\r\n   UnhideWhenUsed=\"false\" Name=\"Colorful Shading Accent 5\"/>\r\n  <w:LsdException Locked=\"false\" Priority=\"72\" SemiHidden=\"false\"\r\n   UnhideWhenUsed=\"false\" Name=\"Colorful List Accent 5\"/>\r\n  <w:LsdException Locked=\"false\" Priority=\"73\" SemiHidden=\"false\"\r\n   UnhideWhenUsed=\"false\" Name=\"Colorful Grid Accent 5\"/>\r\n  <w:LsdException Locked=\"false\" Priority=\"60\" SemiHidden=\"false\"\r\n   UnhideWhenUsed=\"false\" Name=\"Light Shading Accent 6\"/>\r\n  <w:LsdException Locked=\"false\" Priority=\"61\" SemiHidden=\"false\"\r\n   UnhideWhenUsed=\"false\" Name=\"Light List Accent 6\"/>\r\n  <w:LsdException Locked=\"false\" Priority=\"62\" SemiHidden=\"false\"\r\n   UnhideWhenUsed=\"false\" Name=\"Light Grid Accent 6\"/>\r\n  <w:LsdException Locked=\"false\" Priority=\"63\" SemiHidden=\"false\"\r\n   UnhideWhenUsed=\"false\" Name=\"Medium Shading 1 Accent 6\"/>\r\n  <w:LsdException Locked=\"false\" Priority=\"64\" SemiHidden=\"false\"\r\n   UnhideWhenUsed=\"false\" Name=\"Medium Shading 2 Accent 6\"/>\r\n  <w:LsdException Locked=\"false\" Priority=\"65\" SemiHidden=\"false\"\r\n   UnhideWhenUsed=\"false\" Name=\"Medium List 1 Accent 6\"/>\r\n  <w:LsdException Locked=\"false\" Priority=\"66\" SemiHidden=\"false\"\r\n   UnhideWhenUsed=\"false\" Name=\"Medium List 2 Accent 6\"/>\r\n  <w:LsdException Locked=\"false\" Priority=\"67\" SemiHidden=\"false\"\r\n   UnhideWhenUsed=\"false\" Name=\"Medium Grid 1 Accent 6\"/>\r\n  <w:LsdException Locked=\"false\" Priority=\"68\" SemiHidden=\"false\"\r\n   UnhideWhenUsed=\"false\" Name=\"Medium Grid 2 Accent 6\"/>\r\n  <w:LsdException Locked=\"false\" Priority=\"69\" SemiHidden=\"false\"\r\n   UnhideWhenUsed=\"false\" Name=\"Medium Grid 3 Accent 6\"/>\r\n  <w:LsdException Locked=\"false\" Priority=\"70\" SemiHidden=\"false\"\r\n   UnhideWhenUsed=\"false\" Name=\"Dark List Accent 6\"/>\r\n  <w:LsdException Locked=\"false\" Priority=\"71\" SemiHidden=\"false\"\r\n   UnhideWhenUsed=\"false\" Name=\"Colorful Shading Accent 6\"/>\r\n  <w:LsdException Locked=\"false\" Priority=\"72\" SemiHidden=\"false\"\r\n   UnhideWhenUsed=\"false\" Name=\"Colorful List Accent 6\"/>\r\n  <w:LsdException Locked=\"false\" Priority=\"73\" SemiHidden=\"false\"\r\n   UnhideWhenUsed=\"false\" Name=\"Colorful Grid Accent 6\"/>\r\n  <w:LsdException Locked=\"false\" Priority=\"19\" SemiHidden=\"false\"\r\n   UnhideWhenUsed=\"false\" QFormat=\"true\" Name=\"Subtle Emphasis\"/>\r\n  <w:LsdException Locked=\"false\" Priority=\"21\" SemiHidden=\"false\"\r\n   UnhideWhenUsed=\"false\" QFormat=\"true\" Name=\"Intense Emphasis\"/>\r\n  <w:LsdException Locked=\"false\" Priority=\"31\" SemiHidden=\"false\"\r\n   UnhideWhenUsed=\"false\" QFormat=\"true\" Name=\"Subtle Reference\"/>\r\n  <w:LsdException Locked=\"false\" Priority=\"32\" SemiHidden=\"false\"\r\n   UnhideWhenUsed=\"false\" QFormat=\"true\" Name=\"Intense Reference\"/>\r\n  <w:LsdException Locked=\"false\" Priority=\"33\" SemiHidden=\"false\"\r\n   UnhideWhenUsed=\"false\" QFormat=\"true\" Name=\"Book Title\"/>\r\n  <w:LsdException Locked=\"false\" Priority=\"37\" Name=\"Bibliography\"/>\r\n  <w:LsdException Locked=\"false\" Priority=\"39\" QFormat=\"true\" Name=\"TOC Heading\"/>\r\n </w:LatentStyles>\r\n</xml><![endif]--><!--[if gte mso 10]>\r\n<style>\r\n /* Style Definitions */\r\n table.MsoNormalTable\r\n	{mso-style-name:\"Table Normal\";\r\n	mso-tstyle-rowband-size:0;\r\n	mso-tstyle-colband-size:0;\r\n	mso-style-noshow:yes;\r\n	mso-style-priority:99;\r\n	mso-style-qformat:yes;\r\n	mso-style-parent:\"\";\r\n	mso-padding-alt:0in 5.4pt 0in 5.4pt;\r\n	mso-para-margin:0in;\r\n	mso-para-margin-bottom:.0001pt;\r\n	mso-pagination:widow-orphan;\r\n	font-size:10.0pt;\r\n	font-family:\"Calibri\",\"sans-serif\";}\r\n</style>\r\n<![endif]-->\r\n\r\n</p><p class=\"MsoNormal\"><span style=\"font-weight: bold;\"><span style=\"color: rgb(8, 82, 148);\"><span lang=\"EN-US\">PRE COMMISSIONING AND COMMISSIONING\r\nSERVICES</span></span></span></p>\r\n\r\n<p class=\"MsoNormal\"><span style=\"font-weight: bold;\"><span style=\"color: rgb(57, 132, 198);\"><span style=\"mso-bidi-font-weight:normal\"><span lang=\"EN-US\">Pre\r\nCommissioning</span></span></span></span></p>\r\n\r\n<p class=\"MsoNormal\"><span lang=\"EN-US\">Pre Commissioning, also referred to as\r\nstatic commissioning, starts when a system or subsystem achieves Mechanical\r\nCompletion. The safety monitoring activities will change at this transition as\r\nfluids (water, air, nitrogen, hydrocarbons, etc.) are introduced into sections\r\nof the facility to support testing, cleaning, flushing, and other\r\npre-commissioning activities. Pre-Commissioning activities are items that are\r\ndone following Mechanical Completion. Attached is a typical list of\r\nPre-Commissioning Items: </span></p>\r\n\r\n<p class=\"MsoNormal\"><span lang=\"EN-US\">1. Temporary Screens, Strainers and Blinds\r\n– Doing walk down checks, witnessing </span></p>\r\n\r\n<p class=\"MsoNormal\"><span lang=\"EN-US\">2. Air and Steam Blowing – Cleaning the\r\nsystems</span></p>\r\n\r\n<p class=\"MsoNormal\"><span lang=\"EN-US\">3. Flushing, Chemical and Mechanical\r\nCleaning </span></p>\r\n\r\n<p class=\"MsoNormal\"><span lang=\"EN-US\">4. Cleaning and Passivation – Ensure 100%\r\ncleaning</span></p>\r\n\r\n<p class=\"MsoNormal\"><span lang=\"EN-US\">5. Electrical System Energizing – Essential\r\npre commissioning of equipment</span></p>\r\n\r\n<p class=\"MsoNormal\"><span lang=\"EN-US\">6. Instrumentation Verification – A must of\r\ntotal system readiness for commissioning.</span></p>\r\n\r\n<p class=\"MsoNormal\"><span style=\"color: rgb(57, 132, 198);\"><b style=\"mso-bidi-font-weight:normal\"><span lang=\"EN-US\">Commissioning\r\n</span></b></span></p>\r\n\r\n<p class=\"MsoNormal\"><span lang=\"EN-US\">Commissioning is a verification process\r\nused to confirm that a facility has been designed, procured, fabricated,\r\ninstalled, tested, and prepared for operation in accordance with design\r\ndrawings and specifications. </span></p>\r\n\r\n<p class=\"MsoNormal\"><span lang=\"EN-US\">Commissioning Items are: </span></p>\r\n\r\n<p class=\"MsoNormal\"><span lang=\"EN-US\">1. Operational Tightness Testing </span></p>\r\n\r\n<p class=\"MsoNormal\"><span lang=\"EN-US\">2. Oil Systems Flushing </span></p>\r\n\r\n<p class=\"MsoNormal\"><span lang=\"EN-US\">3. Loading of desiccants/burning fuels and\r\ncatalysts </span></p>\r\n\r\n<p class=\"MsoNormal\"><span lang=\"EN-US\">4. Refractory dry out 5. Run in of rotating\r\nequipment </span></p>\r\n\r\n<p class=\"MsoNormal\"><span lang=\"EN-US\">6. Drying Out and inerting </span></p>\r\n\r\n<p class=\"MsoNormal\"><span lang=\"EN-US\">7. Instrument and electrical function\r\ntesting </span></p>\r\n\r\n<p class=\"MsoNormal\"><span lang=\"EN-US\">8. Function testing of safety systems</span></p>\r\n\r\n<p class=\"MsoNormal\"><span lang=\"EN-US\">9. Function testing of installed equipment\r\nto its full capacity.</span></p>\r\n\r\n', '', 1566411420, 2, -1),
(3, 3, 0, '', 'PURELY TO PROVE THE GUARANTEE OF THE CONTRACT     ', '<p><!--[if gte mso 9]><xml>\r\n <o:OfficeDocumentSettings>\r\n  <o:AllowPNG/>\r\n </o:OfficeDocumentSettings>\r\n</xml><![endif]--><!--[if gte mso 9]><xml>\r\n <w:WordDocument>\r\n  <w:View>Normal</w:View>\r\n  <w:Zoom>0</w:Zoom>\r\n  <w:TrackMoves/>\r\n  <w:TrackFormatting/>\r\n  <w:PunctuationKerning/>\r\n  <w:ValidateAgainstSchemas/>\r\n  <w:SaveIfXMLInvalid>false</w:SaveIfXMLInvalid>\r\n  <w:IgnoreMixedContent>false</w:IgnoreMixedContent>\r\n  <w:AlwaysShowPlaceholderText>false</w:AlwaysShowPlaceholderText>\r\n  <w:DoNotPromoteQF/>\r\n  <w:LidThemeOther>EN-IN</w:LidThemeOther>\r\n  <w:LidThemeAsian>X-NONE</w:LidThemeAsian>\r\n  <w:LidThemeComplexScript>X-NONE</w:LidThemeComplexScript>\r\n  <w:Compatibility>\r\n   <w:BreakWrappedTables/>\r\n   <w:SnapToGridInCell/>\r\n   <w:WrapTextWithPunct/>\r\n   <w:UseAsianBreakRules/>\r\n   <w:DontGrowAutofit/>\r\n   <w:SplitPgBreakAndParaMark/>\r\n   <w:DontVertAlignCellWithSp/>\r\n   <w:DontBreakConstrainedForcedTables/>\r\n   <w:DontVertAlignInTxbx/>\r\n   <w:Word11KerningPairs/>\r\n   <w:CachedColBalance/>\r\n  </w:Compatibility>\r\n  <m:mathPr>\r\n   <m:mathFont m:val=\"Cambria Math\"/>\r\n   <m:brkBin m:val=\"before\"/>\r\n   <m:brkBinSub m:val=\"--\"/>\r\n   <m:smallFrac m:val=\"off\"/>\r\n   <m:dispDef/>\r\n   <m:lMargin m:val=\"0\"/>\r\n   <m:rMargin m:val=\"0\"/>\r\n   <m:defJc m:val=\"centerGroup\"/>\r\n   <m:wrapIndent m:val=\"1440\"/>\r\n   <m:intLim m:val=\"subSup\"/>\r\n   <m:naryLim m:val=\"undOvr\"/>\r\n  </m:mathPr></w:WordDocument>\r\n</xml><![endif]--><!--[if gte mso 9]><xml>\r\n <w:LatentStyles DefLockedState=\"false\" DefUnhideWhenUsed=\"true\"\r\n  DefSemiHidden=\"true\" DefQFormat=\"false\" DefPriority=\"99\"\r\n  LatentStyleCount=\"267\">\r\n  <w:LsdException Locked=\"false\" Priority=\"0\" SemiHidden=\"false\"\r\n   UnhideWhenUsed=\"false\" QFormat=\"true\" Name=\"Normal\"/>\r\n  <w:LsdException Locked=\"false\" Priority=\"9\" SemiHidden=\"false\"\r\n   UnhideWhenUsed=\"false\" QFormat=\"true\" Name=\"heading 1\"/>\r\n  <w:LsdException Locked=\"false\" Priority=\"9\" QFormat=\"true\" Name=\"heading 2\"/>\r\n  <w:LsdException Locked=\"false\" Priority=\"9\" QFormat=\"true\" Name=\"heading 3\"/>\r\n  <w:LsdException Locked=\"false\" Priority=\"9\" QFormat=\"true\" Name=\"heading 4\"/>\r\n  <w:LsdException Locked=\"false\" Priority=\"9\" QFormat=\"true\" Name=\"heading 5\"/>\r\n  <w:LsdException Locked=\"false\" Priority=\"9\" QFormat=\"true\" Name=\"heading 6\"/>\r\n  <w:LsdException Locked=\"false\" Priority=\"9\" QFormat=\"true\" Name=\"heading 7\"/>\r\n  <w:LsdException Locked=\"false\" Priority=\"9\" QFormat=\"true\" Name=\"heading 8\"/>\r\n  <w:LsdException Locked=\"false\" Priority=\"9\" QFormat=\"true\" Name=\"heading 9\"/>\r\n  <w:LsdException Locked=\"false\" Priority=\"39\" Name=\"toc 1\"/>\r\n  <w:LsdException Locked=\"false\" Priority=\"39\" Name=\"toc 2\"/>\r\n  <w:LsdException Locked=\"false\" Priority=\"39\" Name=\"toc 3\"/>\r\n  <w:LsdException Locked=\"false\" Priority=\"39\" Name=\"toc 4\"/>\r\n  <w:LsdException Locked=\"false\" Priority=\"39\" Name=\"toc 5\"/>\r\n  <w:LsdException Locked=\"false\" Priority=\"39\" Name=\"toc 6\"/>\r\n  <w:LsdException Locked=\"false\" Priority=\"39\" Name=\"toc 7\"/>\r\n  <w:LsdException Locked=\"false\" Priority=\"39\" Name=\"toc 8\"/>\r\n  <w:LsdException Locked=\"false\" Priority=\"39\" Name=\"toc 9\"/>\r\n  <w:LsdException Locked=\"false\" Priority=\"35\" QFormat=\"true\" Name=\"caption\"/>\r\n  <w:LsdException Locked=\"false\" Priority=\"10\" SemiHidden=\"false\"\r\n   UnhideWhenUsed=\"false\" QFormat=\"true\" Name=\"Title\"/>\r\n  <w:LsdException Locked=\"false\" Priority=\"1\" Name=\"Default Paragraph Font\"/>\r\n  <w:LsdException Locked=\"false\" Priority=\"11\" SemiHidden=\"false\"\r\n   UnhideWhenUsed=\"false\" QFormat=\"true\" Name=\"Subtitle\"/>\r\n  <w:LsdException Locked=\"false\" Priority=\"22\" SemiHidden=\"false\"\r\n   UnhideWhenUsed=\"false\" QFormat=\"true\" Name=\"Strong\"/>\r\n  <w:LsdException Locked=\"false\" Priority=\"20\" SemiHidden=\"false\"\r\n   UnhideWhenUsed=\"false\" QFormat=\"true\" Name=\"Emphasis\"/>\r\n  <w:LsdException Locked=\"false\" Priority=\"59\" SemiHidden=\"false\"\r\n   UnhideWhenUsed=\"false\" Name=\"Table Grid\"/>\r\n  <w:LsdException Locked=\"false\" UnhideWhenUsed=\"false\" Name=\"Placeholder Text\"/>\r\n  <w:LsdException Locked=\"false\" Priority=\"1\" SemiHidden=\"false\"\r\n   UnhideWhenUsed=\"false\" QFormat=\"true\" Name=\"No Spacing\"/>\r\n  <w:LsdException Locked=\"false\" Priority=\"60\" SemiHidden=\"false\"\r\n   UnhideWhenUsed=\"false\" Name=\"Light Shading\"/>\r\n  <w:LsdException Locked=\"false\" Priority=\"61\" SemiHidden=\"false\"\r\n   UnhideWhenUsed=\"false\" Name=\"Light List\"/>\r\n  <w:LsdException Locked=\"false\" Priority=\"62\" SemiHidden=\"false\"\r\n   UnhideWhenUsed=\"false\" Name=\"Light Grid\"/>\r\n  <w:LsdException Locked=\"false\" Priority=\"63\" SemiHidden=\"false\"\r\n   UnhideWhenUsed=\"false\" Name=\"Medium Shading 1\"/>\r\n  <w:LsdException Locked=\"false\" Priority=\"64\" SemiHidden=\"false\"\r\n   UnhideWhenUsed=\"false\" Name=\"Medium Shading 2\"/>\r\n  <w:LsdException Locked=\"false\" Priority=\"65\" SemiHidden=\"false\"\r\n   UnhideWhenUsed=\"false\" Name=\"Medium List 1\"/>\r\n  <w:LsdException Locked=\"false\" Priority=\"66\" SemiHidden=\"false\"\r\n   UnhideWhenUsed=\"false\" Name=\"Medium List 2\"/>\r\n  <w:LsdException Locked=\"false\" Priority=\"67\" SemiHidden=\"false\"\r\n   UnhideWhenUsed=\"false\" Name=\"Medium Grid 1\"/>\r\n  <w:LsdException Locked=\"false\" Priority=\"68\" SemiHidden=\"false\"\r\n   UnhideWhenUsed=\"false\" Name=\"Medium Grid 2\"/>\r\n  <w:LsdException Locked=\"false\" Priority=\"69\" SemiHidden=\"false\"\r\n   UnhideWhenUsed=\"false\" Name=\"Medium Grid 3\"/>\r\n  <w:LsdException Locked=\"false\" Priority=\"70\" SemiHidden=\"false\"\r\n   UnhideWhenUsed=\"false\" Name=\"Dark List\"/>\r\n  <w:LsdException Locked=\"false\" Priority=\"71\" SemiHidden=\"false\"\r\n   UnhideWhenUsed=\"false\" Name=\"Colorful Shading\"/>\r\n  <w:LsdException Locked=\"false\" Priority=\"72\" SemiHidden=\"false\"\r\n   UnhideWhenUsed=\"false\" Name=\"Colorful List\"/>\r\n  <w:LsdException Locked=\"false\" Priority=\"73\" SemiHidden=\"false\"\r\n   UnhideWhenUsed=\"false\" Name=\"Colorful Grid\"/>\r\n  <w:LsdException Locked=\"false\" Priority=\"60\" SemiHidden=\"false\"\r\n   UnhideWhenUsed=\"false\" Name=\"Light Shading Accent 1\"/>\r\n  <w:LsdException Locked=\"false\" Priority=\"61\" SemiHidden=\"false\"\r\n   UnhideWhenUsed=\"false\" Name=\"Light List Accent 1\"/>\r\n  <w:LsdException Locked=\"false\" Priority=\"62\" SemiHidden=\"false\"\r\n   UnhideWhenUsed=\"false\" Name=\"Light Grid Accent 1\"/>\r\n  <w:LsdException Locked=\"false\" Priority=\"63\" SemiHidden=\"false\"\r\n   UnhideWhenUsed=\"false\" Name=\"Medium Shading 1 Accent 1\"/>\r\n  <w:LsdException Locked=\"false\" Priority=\"64\" SemiHidden=\"false\"\r\n   UnhideWhenUsed=\"false\" Name=\"Medium Shading 2 Accent 1\"/>\r\n  <w:LsdException Locked=\"false\" Priority=\"65\" SemiHidden=\"false\"\r\n   UnhideWhenUsed=\"false\" Name=\"Medium List 1 Accent 1\"/>\r\n  <w:LsdException Locked=\"false\" UnhideWhenUsed=\"false\" Name=\"Revision\"/>\r\n  <w:LsdException Locked=\"false\" Priority=\"34\" SemiHidden=\"false\"\r\n   UnhideWhenUsed=\"false\" QFormat=\"true\" Name=\"List Paragraph\"/>\r\n  <w:LsdException Locked=\"false\" Priority=\"29\" SemiHidden=\"false\"\r\n   UnhideWhenUsed=\"false\" QFormat=\"true\" Name=\"Quote\"/>\r\n  <w:LsdException Locked=\"false\" Priority=\"30\" SemiHidden=\"false\"\r\n   UnhideWhenUsed=\"false\" QFormat=\"true\" Name=\"Intense Quote\"/>\r\n  <w:LsdException Locked=\"false\" Priority=\"66\" SemiHidden=\"false\"\r\n   UnhideWhenUsed=\"false\" Name=\"Medium List 2 Accent 1\"/>\r\n  <w:LsdException Locked=\"false\" Priority=\"67\" SemiHidden=\"false\"\r\n   UnhideWhenUsed=\"false\" Name=\"Medium Grid 1 Accent 1\"/>\r\n  <w:LsdException Locked=\"false\" Priority=\"68\" SemiHidden=\"false\"\r\n   UnhideWhenUsed=\"false\" Name=\"Medium Grid 2 Accent 1\"/>\r\n  <w:LsdException Locked=\"false\" Priority=\"69\" SemiHidden=\"false\"\r\n   UnhideWhenUsed=\"false\" Name=\"Medium Grid 3 Accent 1\"/>\r\n  <w:LsdException Locked=\"false\" Priority=\"70\" SemiHidden=\"false\"\r\n   UnhideWhenUsed=\"false\" Name=\"Dark List Accent 1\"/>\r\n  <w:LsdException Locked=\"false\" Priority=\"71\" SemiHidden=\"false\"\r\n   UnhideWhenUsed=\"false\" Name=\"Colorful Shading Accent 1\"/>\r\n  <w:LsdException Locked=\"false\" Priority=\"72\" SemiHidden=\"false\"\r\n   UnhideWhenUsed=\"false\" Name=\"Colorful List Accent 1\"/>\r\n  <w:LsdException Locked=\"false\" Priority=\"73\" SemiHidden=\"false\"\r\n   UnhideWhenUsed=\"false\" Name=\"Colorful Grid Accent 1\"/>\r\n  <w:LsdException Locked=\"false\" Priority=\"60\" SemiHidden=\"false\"\r\n   UnhideWhenUsed=\"false\" Name=\"Light Shading Accent 2\"/>\r\n  <w:LsdException Locked=\"false\" Priority=\"61\" SemiHidden=\"false\"\r\n   UnhideWhenUsed=\"false\" Name=\"Light List Accent 2\"/>\r\n  <w:LsdException Locked=\"false\" Priority=\"62\" SemiHidden=\"false\"\r\n   UnhideWhenUsed=\"false\" Name=\"Light Grid Accent 2\"/>\r\n  <w:LsdException Locked=\"false\" Priority=\"63\" SemiHidden=\"false\"\r\n   UnhideWhenUsed=\"false\" Name=\"Medium Shading 1 Accent 2\"/>\r\n  <w:LsdException Locked=\"false\" Priority=\"64\" SemiHidden=\"false\"\r\n   UnhideWhenUsed=\"false\" Name=\"Medium Shading 2 Accent 2\"/>\r\n  <w:LsdException Locked=\"false\" Priority=\"65\" SemiHidden=\"false\"\r\n   UnhideWhenUsed=\"false\" Name=\"Medium List 1 Accent 2\"/>\r\n  <w:LsdException Locked=\"false\" Priority=\"66\" SemiHidden=\"false\"\r\n   UnhideWhenUsed=\"false\" Name=\"Medium List 2 Accent 2\"/>\r\n  <w:LsdException Locked=\"false\" Priority=\"67\" SemiHidden=\"false\"\r\n   UnhideWhenUsed=\"false\" Name=\"Medium Grid 1 Accent 2\"/>\r\n  <w:LsdException Locked=\"false\" Priority=\"68\" SemiHidden=\"false\"\r\n   UnhideWhenUsed=\"false\" Name=\"Medium Grid 2 Accent 2\"/>\r\n  <w:LsdException Locked=\"false\" Priority=\"69\" SemiHidden=\"false\"\r\n   UnhideWhenUsed=\"false\" Name=\"Medium Grid 3 Accent 2\"/>\r\n  <w:LsdException Locked=\"false\" Priority=\"70\" SemiHidden=\"false\"\r\n   UnhideWhenUsed=\"false\" Name=\"Dark List Accent 2\"/>\r\n  <w:LsdException Locked=\"false\" Priority=\"71\" SemiHidden=\"false\"\r\n   UnhideWhenUsed=\"false\" Name=\"Colorful Shading Accent 2\"/>\r\n  <w:LsdException Locked=\"false\" Priority=\"72\" SemiHidden=\"false\"\r\n   UnhideWhenUsed=\"false\" Name=\"Colorful List Accent 2\"/>\r\n  <w:LsdException Locked=\"false\" Priority=\"73\" SemiHidden=\"false\"\r\n   UnhideWhenUsed=\"false\" Name=\"Colorful Grid Accent 2\"/>\r\n  <w:LsdException Locked=\"false\" Priority=\"60\" SemiHidden=\"false\"\r\n   UnhideWhenUsed=\"false\" Name=\"Light Shading Accent 3\"/>\r\n  <w:LsdException Locked=\"false\" Priority=\"61\" SemiHidden=\"false\"\r\n   UnhideWhenUsed=\"false\" Name=\"Light List Accent 3\"/>\r\n  <w:LsdException Locked=\"false\" Priority=\"62\" SemiHidden=\"false\"\r\n   UnhideWhenUsed=\"false\" Name=\"Light Grid Accent 3\"/>\r\n  <w:LsdException Locked=\"false\" Priority=\"63\" SemiHidden=\"false\"\r\n   UnhideWhenUsed=\"false\" Name=\"Medium Shading 1 Accent 3\"/>\r\n  <w:LsdException Locked=\"false\" Priority=\"64\" SemiHidden=\"false\"\r\n   UnhideWhenUsed=\"false\" Name=\"Medium Shading 2 Accent 3\"/>\r\n  <w:LsdException Locked=\"false\" Priority=\"65\" SemiHidden=\"false\"\r\n   UnhideWhenUsed=\"false\" Name=\"Medium List 1 Accent 3\"/>\r\n  <w:LsdException Locked=\"false\" Priority=\"66\" SemiHidden=\"false\"\r\n   UnhideWhenUsed=\"false\" Name=\"Medium List 2 Accent 3\"/>\r\n  <w:LsdException Locked=\"false\" Priority=\"67\" SemiHidden=\"false\"\r\n   UnhideWhenUsed=\"false\" Name=\"Medium Grid 1 Accent 3\"/>\r\n  <w:LsdException Locked=\"false\" Priority=\"68\" SemiHidden=\"false\"\r\n   UnhideWhenUsed=\"false\" Name=\"Medium Grid 2 Accent 3\"/>\r\n  <w:LsdException Locked=\"false\" Priority=\"69\" SemiHidden=\"false\"\r\n   UnhideWhenUsed=\"false\" Name=\"Medium Grid 3 Accent 3\"/>\r\n  <w:LsdException Locked=\"false\" Priority=\"70\" SemiHidden=\"false\"\r\n   UnhideWhenUsed=\"false\" Name=\"Dark List Accent 3\"/>\r\n  <w:LsdException Locked=\"false\" Priority=\"71\" SemiHidden=\"false\"\r\n   UnhideWhenUsed=\"false\" Name=\"Colorful Shading Accent 3\"/>\r\n  <w:LsdException Locked=\"false\" Priority=\"72\" SemiHidden=\"false\"\r\n   UnhideWhenUsed=\"false\" Name=\"Colorful List Accent 3\"/>\r\n  <w:LsdException Locked=\"false\" Priority=\"73\" SemiHidden=\"false\"\r\n   UnhideWhenUsed=\"false\" Name=\"Colorful Grid Accent 3\"/>\r\n  <w:LsdException Locked=\"false\" Priority=\"60\" SemiHidden=\"false\"\r\n   UnhideWhenUsed=\"false\" Name=\"Light Shading Accent 4\"/>\r\n  <w:LsdException Locked=\"false\" Priority=\"61\" SemiHidden=\"false\"\r\n   UnhideWhenUsed=\"false\" Name=\"Light List Accent 4\"/>\r\n  <w:LsdException Locked=\"false\" Priority=\"62\" SemiHidden=\"false\"\r\n   UnhideWhenUsed=\"false\" Name=\"Light Grid Accent 4\"/>\r\n  <w:LsdException Locked=\"false\" Priority=\"63\" SemiHidden=\"false\"\r\n   UnhideWhenUsed=\"false\" Name=\"Medium Shading 1 Accent 4\"/>\r\n  <w:LsdException Locked=\"false\" Priority=\"64\" SemiHidden=\"false\"\r\n   UnhideWhenUsed=\"false\" Name=\"Medium Shading 2 Accent 4\"/>\r\n  <w:LsdException Locked=\"false\" Priority=\"65\" SemiHidden=\"false\"\r\n   UnhideWhenUsed=\"false\" Name=\"Medium List 1 Accent 4\"/>\r\n  <w:LsdException Locked=\"false\" Priority=\"66\" SemiHidden=\"false\"\r\n   UnhideWhenUsed=\"false\" Name=\"Medium List 2 Accent 4\"/>\r\n  <w:LsdException Locked=\"false\" Priority=\"67\" SemiHidden=\"false\"\r\n   UnhideWhenUsed=\"false\" Name=\"Medium Grid 1 Accent 4\"/>\r\n  <w:LsdException Locked=\"false\" Priority=\"68\" SemiHidden=\"false\"\r\n   UnhideWhenUsed=\"false\" Name=\"Medium Grid 2 Accent 4\"/>\r\n  <w:LsdException Locked=\"false\" Priority=\"69\" SemiHidden=\"false\"\r\n   UnhideWhenUsed=\"false\" Name=\"Medium Grid 3 Accent 4\"/>\r\n  <w:LsdException Locked=\"false\" Priority=\"70\" SemiHidden=\"false\"\r\n   UnhideWhenUsed=\"false\" Name=\"Dark List Accent 4\"/>\r\n  <w:LsdException Locked=\"false\" Priority=\"71\" SemiHidden=\"false\"\r\n   UnhideWhenUsed=\"false\" Name=\"Colorful Shading Accent 4\"/>\r\n  <w:LsdException Locked=\"false\" Priority=\"72\" SemiHidden=\"false\"\r\n   UnhideWhenUsed=\"false\" Name=\"Colorful List Accent 4\"/>\r\n  <w:LsdException Locked=\"false\" Priority=\"73\" SemiHidden=\"false\"\r\n   UnhideWhenUsed=\"false\" Name=\"Colorful Grid Accent 4\"/>\r\n  <w:LsdException Locked=\"false\" Priority=\"60\" SemiHidden=\"false\"\r\n   UnhideWhenUsed=\"false\" Name=\"Light Shading Accent 5\"/>\r\n  <w:LsdException Locked=\"false\" Priority=\"61\" SemiHidden=\"false\"\r\n   UnhideWhenUsed=\"false\" Name=\"Light List Accent 5\"/>\r\n  <w:LsdException Locked=\"false\" Priority=\"62\" SemiHidden=\"false\"\r\n   UnhideWhenUsed=\"false\" Name=\"Light Grid Accent 5\"/>\r\n  <w:LsdException Locked=\"false\" Priority=\"63\" SemiHidden=\"false\"\r\n   UnhideWhenUsed=\"false\" Name=\"Medium Shading 1 Accent 5\"/>\r\n  <w:LsdException Locked=\"false\" Priority=\"64\" SemiHidden=\"false\"\r\n   UnhideWhenUsed=\"false\" Name=\"Medium Shading 2 Accent 5\"/>\r\n  <w:LsdException Locked=\"false\" Priority=\"65\" SemiHidden=\"false\"\r\n   UnhideWhenUsed=\"false\" Name=\"Medium List 1 Accent 5\"/>\r\n  <w:LsdException Locked=\"false\" Priority=\"66\" SemiHidden=\"false\"\r\n   UnhideWhenUsed=\"false\" Name=\"Medium List 2 Accent 5\"/>\r\n  <w:LsdException Locked=\"false\" Priority=\"67\" SemiHidden=\"false\"\r\n   UnhideWhenUsed=\"false\" Name=\"Medium Grid 1 Accent 5\"/>\r\n  <w:LsdException Locked=\"false\" Priority=\"68\" SemiHidden=\"false\"\r\n   UnhideWhenUsed=\"false\" Name=\"Medium Grid 2 Accent 5\"/>\r\n  <w:LsdException Locked=\"false\" Priority=\"69\" SemiHidden=\"false\"\r\n   UnhideWhenUsed=\"false\" Name=\"Medium Grid 3 Accent 5\"/>\r\n  <w:LsdException Locked=\"false\" Priority=\"70\" SemiHidden=\"false\"\r\n   UnhideWhenUsed=\"false\" Name=\"Dark List Accent 5\"/>\r\n  <w:LsdException Locked=\"false\" Priority=\"71\" SemiHidden=\"false\"\r\n   UnhideWhenUsed=\"false\" Name=\"Colorful Shading Accent 5\"/>\r\n  <w:LsdException Locked=\"false\" Priority=\"72\" SemiHidden=\"false\"\r\n   UnhideWhenUsed=\"false\" Name=\"Colorful List Accent 5\"/>\r\n  <w:LsdException Locked=\"false\" Priority=\"73\" SemiHidden=\"false\"\r\n   UnhideWhenUsed=\"false\" Name=\"Colorful Grid Accent 5\"/>\r\n  <w:LsdException Locked=\"false\" Priority=\"60\" SemiHidden=\"false\"\r\n   UnhideWhenUsed=\"false\" Name=\"Light Shading Accent 6\"/>\r\n  <w:LsdException Locked=\"false\" Priority=\"61\" SemiHidden=\"false\"\r\n   UnhideWhenUsed=\"false\" Name=\"Light List Accent 6\"/>\r\n  <w:LsdException Locked=\"false\" Priority=\"62\" SemiHidden=\"false\"\r\n   UnhideWhenUsed=\"false\" Name=\"Light Grid Accent 6\"/>\r\n  <w:LsdException Locked=\"false\" Priority=\"63\" SemiHidden=\"false\"\r\n   UnhideWhenUsed=\"false\" Name=\"Medium Shading 1 Accent 6\"/>\r\n  <w:LsdException Locked=\"false\" Priority=\"64\" SemiHidden=\"false\"\r\n   UnhideWhenUsed=\"false\" Name=\"Medium Shading 2 Accent 6\"/>\r\n  <w:LsdException Locked=\"false\" Priority=\"65\" SemiHidden=\"false\"\r\n   UnhideWhenUsed=\"false\" Name=\"Medium List 1 Accent 6\"/>\r\n  <w:LsdException Locked=\"false\" Priority=\"66\" SemiHidden=\"false\"\r\n   UnhideWhenUsed=\"false\" Name=\"Medium List 2 Accent 6\"/>\r\n  <w:LsdException Locked=\"false\" Priority=\"67\" SemiHidden=\"false\"\r\n   UnhideWhenUsed=\"false\" Name=\"Medium Grid 1 Accent 6\"/>\r\n  <w:LsdException Locked=\"false\" Priority=\"68\" SemiHidden=\"false\"\r\n   UnhideWhenUsed=\"false\" Name=\"Medium Grid 2 Accent 6\"/>\r\n  <w:LsdException Locked=\"false\" Priority=\"69\" SemiHidden=\"false\"\r\n   UnhideWhenUsed=\"false\" Name=\"Medium Grid 3 Accent 6\"/>\r\n  <w:LsdException Locked=\"false\" Priority=\"70\" SemiHidden=\"false\"\r\n   UnhideWhenUsed=\"false\" Name=\"Dark List Accent 6\"/>\r\n  <w:LsdException Locked=\"false\" Priority=\"71\" SemiHidden=\"false\"\r\n   UnhideWhenUsed=\"false\" Name=\"Colorful Shading Accent 6\"/>\r\n  <w:LsdException Locked=\"false\" Priority=\"72\" SemiHidden=\"false\"\r\n   UnhideWhenUsed=\"false\" Name=\"Colorful List Accent 6\"/>\r\n  <w:LsdException Locked=\"false\" Priority=\"73\" SemiHidden=\"false\"\r\n   UnhideWhenUsed=\"false\" Name=\"Colorful Grid Accent 6\"/>\r\n  <w:LsdException Locked=\"false\" Priority=\"19\" SemiHidden=\"false\"\r\n   UnhideWhenUsed=\"false\" QFormat=\"true\" Name=\"Subtle Emphasis\"/>\r\n  <w:LsdException Locked=\"false\" Priority=\"21\" SemiHidden=\"false\"\r\n   UnhideWhenUsed=\"false\" QFormat=\"true\" Name=\"Intense Emphasis\"/>\r\n  <w:LsdException Locked=\"false\" Priority=\"31\" SemiHidden=\"false\"\r\n   UnhideWhenUsed=\"false\" QFormat=\"true\" Name=\"Subtle Reference\"/>\r\n  <w:LsdException Locked=\"false\" Priority=\"32\" SemiHidden=\"false\"\r\n   UnhideWhenUsed=\"false\" QFormat=\"true\" Name=\"Intense Reference\"/>\r\n  <w:LsdException Locked=\"false\" Priority=\"33\" SemiHidden=\"false\"\r\n   UnhideWhenUsed=\"false\" QFormat=\"true\" Name=\"Book Title\"/>\r\n  <w:LsdException Locked=\"false\" Priority=\"37\" Name=\"Bibliography\"/>\r\n  <w:LsdException Locked=\"false\" Priority=\"39\" QFormat=\"true\" Name=\"TOC Heading\"/>\r\n </w:LatentStyles>\r\n</xml><![endif]--><!--[if gte mso 10]>\r\n<style>\r\n /* Style Definitions */\r\n table.MsoNormalTable\r\n	{mso-style-name:\"Table Normal\";\r\n	mso-tstyle-rowband-size:0;\r\n	mso-tstyle-colband-size:0;\r\n	mso-style-noshow:yes;\r\n	mso-style-priority:99;\r\n	mso-style-qformat:yes;\r\n	mso-style-parent:\"\";\r\n	mso-padding-alt:0in 5.4pt 0in 5.4pt;\r\n	mso-para-margin:0in;\r\n	mso-para-margin-bottom:.0001pt;\r\n	mso-pagination:widow-orphan;\r\n	font-size:10.0pt;\r\n	font-family:\"Calibri\",\"sans-serif\";}\r\n</style>\r\n<![endif]-->\r\n\r\n</p><p class=\"MsoNormal\"><span style=\"font-weight: bold;\"><span style=\"color: rgb(8, 82, 148);\"><span lang=\"EN-US\">PERFORMANCE TEST</span></span></span></p>\r\n\r\n<p class=\"MsoNormal\"><span lang=\"EN-US\">The Acceptance Test Run OR the performance\r\ntest will be held after commissioning by the OEM,s representative engineers in\r\nthe presence of customer engineers or a third party as in agreement in the\r\ncontract guarantee clause. The equipment’s capability of delivering the output\r\nas designed and guaranteed is proved by conductance of the tests. Prior\r\napproval on the method and procedures are obtained from client or client’s\r\nauthorized representative by the supplier. This is purely to prove the\r\nguarantee of the contract.</span></p>\r\n\r\n', '', 1566411497, 2, -1);
INSERT INTO `services_list1` (`srv_id`, `srcat_id`, `styp_id`, `name`, `srt_descr`, `descr`, `thumb_img`, `crt_stm`, `crt_by`, `status`) VALUES
(4, 4, 0, '', 'ENERGY CONSUMPTION OF TOTAL EQUIPMENT IS RECORDED', '<p><!--[if gte mso 9]><xml>\r\n <o:OfficeDocumentSettings>\r\n  <o:AllowPNG/>\r\n </o:OfficeDocumentSettings>\r\n</xml><![endif]--><!--[if gte mso 9]><xml>\r\n <w:WordDocument>\r\n  <w:View>Normal</w:View>\r\n  <w:Zoom>0</w:Zoom>\r\n  <w:TrackMoves/>\r\n  <w:TrackFormatting/>\r\n  <w:PunctuationKerning/>\r\n  <w:ValidateAgainstSchemas/>\r\n  <w:SaveIfXMLInvalid>false</w:SaveIfXMLInvalid>\r\n  <w:IgnoreMixedContent>false</w:IgnoreMixedContent>\r\n  <w:AlwaysShowPlaceholderText>false</w:AlwaysShowPlaceholderText>\r\n  <w:DoNotPromoteQF/>\r\n  <w:LidThemeOther>EN-IN</w:LidThemeOther>\r\n  <w:LidThemeAsian>X-NONE</w:LidThemeAsian>\r\n  <w:LidThemeComplexScript>X-NONE</w:LidThemeComplexScript>\r\n  <w:Compatibility>\r\n   <w:BreakWrappedTables/>\r\n   <w:SnapToGridInCell/>\r\n   <w:WrapTextWithPunct/>\r\n   <w:UseAsianBreakRules/>\r\n   <w:DontGrowAutofit/>\r\n   <w:SplitPgBreakAndParaMark/>\r\n   <w:DontVertAlignCellWithSp/>\r\n   <w:DontBreakConstrainedForcedTables/>\r\n   <w:DontVertAlignInTxbx/>\r\n   <w:Word11KerningPairs/>\r\n   <w:CachedColBalance/>\r\n  </w:Compatibility>\r\n  <m:mathPr>\r\n   <m:mathFont m:val=\"Cambria Math\"/>\r\n   <m:brkBin m:val=\"before\"/>\r\n   <m:brkBinSub m:val=\"--\"/>\r\n   <m:smallFrac m:val=\"off\"/>\r\n   <m:dispDef/>\r\n   <m:lMargin m:val=\"0\"/>\r\n   <m:rMargin m:val=\"0\"/>\r\n   <m:defJc m:val=\"centerGroup\"/>\r\n   <m:wrapIndent m:val=\"1440\"/>\r\n   <m:intLim m:val=\"subSup\"/>\r\n   <m:naryLim m:val=\"undOvr\"/>\r\n  </m:mathPr></w:WordDocument>\r\n</xml><![endif]--><!--[if gte mso 9]><xml>\r\n <w:LatentStyles DefLockedState=\"false\" DefUnhideWhenUsed=\"true\"\r\n  DefSemiHidden=\"true\" DefQFormat=\"false\" DefPriority=\"99\"\r\n  LatentStyleCount=\"267\">\r\n  <w:LsdException Locked=\"false\" Priority=\"0\" SemiHidden=\"false\"\r\n   UnhideWhenUsed=\"false\" QFormat=\"true\" Name=\"Normal\"/>\r\n  <w:LsdException Locked=\"false\" Priority=\"9\" SemiHidden=\"false\"\r\n   UnhideWhenUsed=\"false\" QFormat=\"true\" Name=\"heading 1\"/>\r\n  <w:LsdException Locked=\"false\" Priority=\"9\" QFormat=\"true\" Name=\"heading 2\"/>\r\n  <w:LsdException Locked=\"false\" Priority=\"9\" QFormat=\"true\" Name=\"heading 3\"/>\r\n  <w:LsdException Locked=\"false\" Priority=\"9\" QFormat=\"true\" Name=\"heading 4\"/>\r\n  <w:LsdException Locked=\"false\" Priority=\"9\" QFormat=\"true\" Name=\"heading 5\"/>\r\n  <w:LsdException Locked=\"false\" Priority=\"9\" QFormat=\"true\" Name=\"heading 6\"/>\r\n  <w:LsdException Locked=\"false\" Priority=\"9\" QFormat=\"true\" Name=\"heading 7\"/>\r\n  <w:LsdException Locked=\"false\" Priority=\"9\" QFormat=\"true\" Name=\"heading 8\"/>\r\n  <w:LsdException Locked=\"false\" Priority=\"9\" QFormat=\"true\" Name=\"heading 9\"/>\r\n  <w:LsdException Locked=\"false\" Priority=\"39\" Name=\"toc 1\"/>\r\n  <w:LsdException Locked=\"false\" Priority=\"39\" Name=\"toc 2\"/>\r\n  <w:LsdException Locked=\"false\" Priority=\"39\" Name=\"toc 3\"/>\r\n  <w:LsdException Locked=\"false\" Priority=\"39\" Name=\"toc 4\"/>\r\n  <w:LsdException Locked=\"false\" Priority=\"39\" Name=\"toc 5\"/>\r\n  <w:LsdException Locked=\"false\" Priority=\"39\" Name=\"toc 6\"/>\r\n  <w:LsdException Locked=\"false\" Priority=\"39\" Name=\"toc 7\"/>\r\n  <w:LsdException Locked=\"false\" Priority=\"39\" Name=\"toc 8\"/>\r\n  <w:LsdException Locked=\"false\" Priority=\"39\" Name=\"toc 9\"/>\r\n  <w:LsdException Locked=\"false\" Priority=\"35\" QFormat=\"true\" Name=\"caption\"/>\r\n  <w:LsdException Locked=\"false\" Priority=\"10\" SemiHidden=\"false\"\r\n   UnhideWhenUsed=\"false\" QFormat=\"true\" Name=\"Title\"/>\r\n  <w:LsdException Locked=\"false\" Priority=\"1\" Name=\"Default Paragraph Font\"/>\r\n  <w:LsdException Locked=\"false\" Priority=\"11\" SemiHidden=\"false\"\r\n   UnhideWhenUsed=\"false\" QFormat=\"true\" Name=\"Subtitle\"/>\r\n  <w:LsdException Locked=\"false\" Priority=\"22\" SemiHidden=\"false\"\r\n   UnhideWhenUsed=\"false\" QFormat=\"true\" Name=\"Strong\"/>\r\n  <w:LsdException Locked=\"false\" Priority=\"20\" SemiHidden=\"false\"\r\n   UnhideWhenUsed=\"false\" QFormat=\"true\" Name=\"Emphasis\"/>\r\n  <w:LsdException Locked=\"false\" Priority=\"59\" SemiHidden=\"false\"\r\n   UnhideWhenUsed=\"false\" Name=\"Table Grid\"/>\r\n  <w:LsdException Locked=\"false\" UnhideWhenUsed=\"false\" Name=\"Placeholder Text\"/>\r\n  <w:LsdException Locked=\"false\" Priority=\"1\" SemiHidden=\"false\"\r\n   UnhideWhenUsed=\"false\" QFormat=\"true\" Name=\"No Spacing\"/>\r\n  <w:LsdException Locked=\"false\" Priority=\"60\" SemiHidden=\"false\"\r\n   UnhideWhenUsed=\"false\" Name=\"Light Shading\"/>\r\n  <w:LsdException Locked=\"false\" Priority=\"61\" SemiHidden=\"false\"\r\n   UnhideWhenUsed=\"false\" Name=\"Light List\"/>\r\n  <w:LsdException Locked=\"false\" Priority=\"62\" SemiHidden=\"false\"\r\n   UnhideWhenUsed=\"false\" Name=\"Light Grid\"/>\r\n  <w:LsdException Locked=\"false\" Priority=\"63\" SemiHidden=\"false\"\r\n   UnhideWhenUsed=\"false\" Name=\"Medium Shading 1\"/>\r\n  <w:LsdException Locked=\"false\" Priority=\"64\" SemiHidden=\"false\"\r\n   UnhideWhenUsed=\"false\" Name=\"Medium Shading 2\"/>\r\n  <w:LsdException Locked=\"false\" Priority=\"65\" SemiHidden=\"false\"\r\n   UnhideWhenUsed=\"false\" Name=\"Medium List 1\"/>\r\n  <w:LsdException Locked=\"false\" Priority=\"66\" SemiHidden=\"false\"\r\n   UnhideWhenUsed=\"false\" Name=\"Medium List 2\"/>\r\n  <w:LsdException Locked=\"false\" Priority=\"67\" SemiHidden=\"false\"\r\n   UnhideWhenUsed=\"false\" Name=\"Medium Grid 1\"/>\r\n  <w:LsdException Locked=\"false\" Priority=\"68\" SemiHidden=\"false\"\r\n   UnhideWhenUsed=\"false\" Name=\"Medium Grid 2\"/>\r\n  <w:LsdException Locked=\"false\" Priority=\"69\" SemiHidden=\"false\"\r\n   UnhideWhenUsed=\"false\" Name=\"Medium Grid 3\"/>\r\n  <w:LsdException Locked=\"false\" Priority=\"70\" SemiHidden=\"false\"\r\n   UnhideWhenUsed=\"false\" Name=\"Dark List\"/>\r\n  <w:LsdException Locked=\"false\" Priority=\"71\" SemiHidden=\"false\"\r\n   UnhideWhenUsed=\"false\" Name=\"Colorful Shading\"/>\r\n  <w:LsdException Locked=\"false\" Priority=\"72\" SemiHidden=\"false\"\r\n   UnhideWhenUsed=\"false\" Name=\"Colorful List\"/>\r\n  <w:LsdException Locked=\"false\" Priority=\"73\" SemiHidden=\"false\"\r\n   UnhideWhenUsed=\"false\" Name=\"Colorful Grid\"/>\r\n  <w:LsdException Locked=\"false\" Priority=\"60\" SemiHidden=\"false\"\r\n   UnhideWhenUsed=\"false\" Name=\"Light Shading Accent 1\"/>\r\n  <w:LsdException Locked=\"false\" Priority=\"61\" SemiHidden=\"false\"\r\n   UnhideWhenUsed=\"false\" Name=\"Light List Accent 1\"/>\r\n  <w:LsdException Locked=\"false\" Priority=\"62\" SemiHidden=\"false\"\r\n   UnhideWhenUsed=\"false\" Name=\"Light Grid Accent 1\"/>\r\n  <w:LsdException Locked=\"false\" Priority=\"63\" SemiHidden=\"false\"\r\n   UnhideWhenUsed=\"false\" Name=\"Medium Shading 1 Accent 1\"/>\r\n  <w:LsdException Locked=\"false\" Priority=\"64\" SemiHidden=\"false\"\r\n   UnhideWhenUsed=\"false\" Name=\"Medium Shading 2 Accent 1\"/>\r\n  <w:LsdException Locked=\"false\" Priority=\"65\" SemiHidden=\"false\"\r\n   UnhideWhenUsed=\"false\" Name=\"Medium List 1 Accent 1\"/>\r\n  <w:LsdException Locked=\"false\" UnhideWhenUsed=\"false\" Name=\"Revision\"/>\r\n  <w:LsdException Locked=\"false\" Priority=\"34\" SemiHidden=\"false\"\r\n   UnhideWhenUsed=\"false\" QFormat=\"true\" Name=\"List Paragraph\"/>\r\n  <w:LsdException Locked=\"false\" Priority=\"29\" SemiHidden=\"false\"\r\n   UnhideWhenUsed=\"false\" QFormat=\"true\" Name=\"Quote\"/>\r\n  <w:LsdException Locked=\"false\" Priority=\"30\" SemiHidden=\"false\"\r\n   UnhideWhenUsed=\"false\" QFormat=\"true\" Name=\"Intense Quote\"/>\r\n  <w:LsdException Locked=\"false\" Priority=\"66\" SemiHidden=\"false\"\r\n   UnhideWhenUsed=\"false\" Name=\"Medium List 2 Accent 1\"/>\r\n  <w:LsdException Locked=\"false\" Priority=\"67\" SemiHidden=\"false\"\r\n   UnhideWhenUsed=\"false\" Name=\"Medium Grid 1 Accent 1\"/>\r\n  <w:LsdException Locked=\"false\" Priority=\"68\" SemiHidden=\"false\"\r\n   UnhideWhenUsed=\"false\" Name=\"Medium Grid 2 Accent 1\"/>\r\n  <w:LsdException Locked=\"false\" Priority=\"69\" SemiHidden=\"false\"\r\n   UnhideWhenUsed=\"false\" Name=\"Medium Grid 3 Accent 1\"/>\r\n  <w:LsdException Locked=\"false\" Priority=\"70\" SemiHidden=\"false\"\r\n   UnhideWhenUsed=\"false\" Name=\"Dark List Accent 1\"/>\r\n  <w:LsdException Locked=\"false\" Priority=\"71\" SemiHidden=\"false\"\r\n   UnhideWhenUsed=\"false\" Name=\"Colorful Shading Accent 1\"/>\r\n  <w:LsdException Locked=\"false\" Priority=\"72\" SemiHidden=\"false\"\r\n   UnhideWhenUsed=\"false\" Name=\"Colorful List Accent 1\"/>\r\n  <w:LsdException Locked=\"false\" Priority=\"73\" SemiHidden=\"false\"\r\n   UnhideWhenUsed=\"false\" Name=\"Colorful Grid Accent 1\"/>\r\n  <w:LsdException Locked=\"false\" Priority=\"60\" SemiHidden=\"false\"\r\n   UnhideWhenUsed=\"false\" Name=\"Light Shading Accent 2\"/>\r\n  <w:LsdException Locked=\"false\" Priority=\"61\" SemiHidden=\"false\"\r\n   UnhideWhenUsed=\"false\" Name=\"Light List Accent 2\"/>\r\n  <w:LsdException Locked=\"false\" Priority=\"62\" SemiHidden=\"false\"\r\n   UnhideWhenUsed=\"false\" Name=\"Light Grid Accent 2\"/>\r\n  <w:LsdException Locked=\"false\" Priority=\"63\" SemiHidden=\"false\"\r\n   UnhideWhenUsed=\"false\" Name=\"Medium Shading 1 Accent 2\"/>\r\n  <w:LsdException Locked=\"false\" Priority=\"64\" SemiHidden=\"false\"\r\n   UnhideWhenUsed=\"false\" Name=\"Medium Shading 2 Accent 2\"/>\r\n  <w:LsdException Locked=\"false\" Priority=\"65\" SemiHidden=\"false\"\r\n   UnhideWhenUsed=\"false\" Name=\"Medium List 1 Accent 2\"/>\r\n  <w:LsdException Locked=\"false\" Priority=\"66\" SemiHidden=\"false\"\r\n   UnhideWhenUsed=\"false\" Name=\"Medium List 2 Accent 2\"/>\r\n  <w:LsdException Locked=\"false\" Priority=\"67\" SemiHidden=\"false\"\r\n   UnhideWhenUsed=\"false\" Name=\"Medium Grid 1 Accent 2\"/>\r\n  <w:LsdException Locked=\"false\" Priority=\"68\" SemiHidden=\"false\"\r\n   UnhideWhenUsed=\"false\" Name=\"Medium Grid 2 Accent 2\"/>\r\n  <w:LsdException Locked=\"false\" Priority=\"69\" SemiHidden=\"false\"\r\n   UnhideWhenUsed=\"false\" Name=\"Medium Grid 3 Accent 2\"/>\r\n  <w:LsdException Locked=\"false\" Priority=\"70\" SemiHidden=\"false\"\r\n   UnhideWhenUsed=\"false\" Name=\"Dark List Accent 2\"/>\r\n  <w:LsdException Locked=\"false\" Priority=\"71\" SemiHidden=\"false\"\r\n   UnhideWhenUsed=\"false\" Name=\"Colorful Shading Accent 2\"/>\r\n  <w:LsdException Locked=\"false\" Priority=\"72\" SemiHidden=\"false\"\r\n   UnhideWhenUsed=\"false\" Name=\"Colorful List Accent 2\"/>\r\n  <w:LsdException Locked=\"false\" Priority=\"73\" SemiHidden=\"false\"\r\n   UnhideWhenUsed=\"false\" Name=\"Colorful Grid Accent 2\"/>\r\n  <w:LsdException Locked=\"false\" Priority=\"60\" SemiHidden=\"false\"\r\n   UnhideWhenUsed=\"false\" Name=\"Light Shading Accent 3\"/>\r\n  <w:LsdException Locked=\"false\" Priority=\"61\" SemiHidden=\"false\"\r\n   UnhideWhenUsed=\"false\" Name=\"Light List Accent 3\"/>\r\n  <w:LsdException Locked=\"false\" Priority=\"62\" SemiHidden=\"false\"\r\n   UnhideWhenUsed=\"false\" Name=\"Light Grid Accent 3\"/>\r\n  <w:LsdException Locked=\"false\" Priority=\"63\" SemiHidden=\"false\"\r\n   UnhideWhenUsed=\"false\" Name=\"Medium Shading 1 Accent 3\"/>\r\n  <w:LsdException Locked=\"false\" Priority=\"64\" SemiHidden=\"false\"\r\n   UnhideWhenUsed=\"false\" Name=\"Medium Shading 2 Accent 3\"/>\r\n  <w:LsdException Locked=\"false\" Priority=\"65\" SemiHidden=\"false\"\r\n   UnhideWhenUsed=\"false\" Name=\"Medium List 1 Accent 3\"/>\r\n  <w:LsdException Locked=\"false\" Priority=\"66\" SemiHidden=\"false\"\r\n   UnhideWhenUsed=\"false\" Name=\"Medium List 2 Accent 3\"/>\r\n  <w:LsdException Locked=\"false\" Priority=\"67\" SemiHidden=\"false\"\r\n   UnhideWhenUsed=\"false\" Name=\"Medium Grid 1 Accent 3\"/>\r\n  <w:LsdException Locked=\"false\" Priority=\"68\" SemiHidden=\"false\"\r\n   UnhideWhenUsed=\"false\" Name=\"Medium Grid 2 Accent 3\"/>\r\n  <w:LsdException Locked=\"false\" Priority=\"69\" SemiHidden=\"false\"\r\n   UnhideWhenUsed=\"false\" Name=\"Medium Grid 3 Accent 3\"/>\r\n  <w:LsdException Locked=\"false\" Priority=\"70\" SemiHidden=\"false\"\r\n   UnhideWhenUsed=\"false\" Name=\"Dark List Accent 3\"/>\r\n  <w:LsdException Locked=\"false\" Priority=\"71\" SemiHidden=\"false\"\r\n   UnhideWhenUsed=\"false\" Name=\"Colorful Shading Accent 3\"/>\r\n  <w:LsdException Locked=\"false\" Priority=\"72\" SemiHidden=\"false\"\r\n   UnhideWhenUsed=\"false\" Name=\"Colorful List Accent 3\"/>\r\n  <w:LsdException Locked=\"false\" Priority=\"73\" SemiHidden=\"false\"\r\n   UnhideWhenUsed=\"false\" Name=\"Colorful Grid Accent 3\"/>\r\n  <w:LsdException Locked=\"false\" Priority=\"60\" SemiHidden=\"false\"\r\n   UnhideWhenUsed=\"false\" Name=\"Light Shading Accent 4\"/>\r\n  <w:LsdException Locked=\"false\" Priority=\"61\" SemiHidden=\"false\"\r\n   UnhideWhenUsed=\"false\" Name=\"Light List Accent 4\"/>\r\n  <w:LsdException Locked=\"false\" Priority=\"62\" SemiHidden=\"false\"\r\n   UnhideWhenUsed=\"false\" Name=\"Light Grid Accent 4\"/>\r\n  <w:LsdException Locked=\"false\" Priority=\"63\" SemiHidden=\"false\"\r\n   UnhideWhenUsed=\"false\" Name=\"Medium Shading 1 Accent 4\"/>\r\n  <w:LsdException Locked=\"false\" Priority=\"64\" SemiHidden=\"false\"\r\n   UnhideWhenUsed=\"false\" Name=\"Medium Shading 2 Accent 4\"/>\r\n  <w:LsdException Locked=\"false\" Priority=\"65\" SemiHidden=\"false\"\r\n   UnhideWhenUsed=\"false\" Name=\"Medium List 1 Accent 4\"/>\r\n  <w:LsdException Locked=\"false\" Priority=\"66\" SemiHidden=\"false\"\r\n   UnhideWhenUsed=\"false\" Name=\"Medium List 2 Accent 4\"/>\r\n  <w:LsdException Locked=\"false\" Priority=\"67\" SemiHidden=\"false\"\r\n   UnhideWhenUsed=\"false\" Name=\"Medium Grid 1 Accent 4\"/>\r\n  <w:LsdException Locked=\"false\" Priority=\"68\" SemiHidden=\"false\"\r\n   UnhideWhenUsed=\"false\" Name=\"Medium Grid 2 Accent 4\"/>\r\n  <w:LsdException Locked=\"false\" Priority=\"69\" SemiHidden=\"false\"\r\n   UnhideWhenUsed=\"false\" Name=\"Medium Grid 3 Accent 4\"/>\r\n  <w:LsdException Locked=\"false\" Priority=\"70\" SemiHidden=\"false\"\r\n   UnhideWhenUsed=\"false\" Name=\"Dark List Accent 4\"/>\r\n  <w:LsdException Locked=\"false\" Priority=\"71\" SemiHidden=\"false\"\r\n   UnhideWhenUsed=\"false\" Name=\"Colorful Shading Accent 4\"/>\r\n  <w:LsdException Locked=\"false\" Priority=\"72\" SemiHidden=\"false\"\r\n   UnhideWhenUsed=\"false\" Name=\"Colorful List Accent 4\"/>\r\n  <w:LsdException Locked=\"false\" Priority=\"73\" SemiHidden=\"false\"\r\n   UnhideWhenUsed=\"false\" Name=\"Colorful Grid Accent 4\"/>\r\n  <w:LsdException Locked=\"false\" Priority=\"60\" SemiHidden=\"false\"\r\n   UnhideWhenUsed=\"false\" Name=\"Light Shading Accent 5\"/>\r\n  <w:LsdException Locked=\"false\" Priority=\"61\" SemiHidden=\"false\"\r\n   UnhideWhenUsed=\"false\" Name=\"Light List Accent 5\"/>\r\n  <w:LsdException Locked=\"false\" Priority=\"62\" SemiHidden=\"false\"\r\n   UnhideWhenUsed=\"false\" Name=\"Light Grid Accent 5\"/>\r\n  <w:LsdException Locked=\"false\" Priority=\"63\" SemiHidden=\"false\"\r\n   UnhideWhenUsed=\"false\" Name=\"Medium Shading 1 Accent 5\"/>\r\n  <w:LsdException Locked=\"false\" Priority=\"64\" SemiHidden=\"false\"\r\n   UnhideWhenUsed=\"false\" Name=\"Medium Shading 2 Accent 5\"/>\r\n  <w:LsdException Locked=\"false\" Priority=\"65\" SemiHidden=\"false\"\r\n   UnhideWhenUsed=\"false\" Name=\"Medium List 1 Accent 5\"/>\r\n  <w:LsdException Locked=\"false\" Priority=\"66\" SemiHidden=\"false\"\r\n   UnhideWhenUsed=\"false\" Name=\"Medium List 2 Accent 5\"/>\r\n  <w:LsdException Locked=\"false\" Priority=\"67\" SemiHidden=\"false\"\r\n   UnhideWhenUsed=\"false\" Name=\"Medium Grid 1 Accent 5\"/>\r\n  <w:LsdException Locked=\"false\" Priority=\"68\" SemiHidden=\"false\"\r\n   UnhideWhenUsed=\"false\" Name=\"Medium Grid 2 Accent 5\"/>\r\n  <w:LsdException Locked=\"false\" Priority=\"69\" SemiHidden=\"false\"\r\n   UnhideWhenUsed=\"false\" Name=\"Medium Grid 3 Accent 5\"/>\r\n  <w:LsdException Locked=\"false\" Priority=\"70\" SemiHidden=\"false\"\r\n   UnhideWhenUsed=\"false\" Name=\"Dark List Accent 5\"/>\r\n  <w:LsdException Locked=\"false\" Priority=\"71\" SemiHidden=\"false\"\r\n   UnhideWhenUsed=\"false\" Name=\"Colorful Shading Accent 5\"/>\r\n  <w:LsdException Locked=\"false\" Priority=\"72\" SemiHidden=\"false\"\r\n   UnhideWhenUsed=\"false\" Name=\"Colorful List Accent 5\"/>\r\n  <w:LsdException Locked=\"false\" Priority=\"73\" SemiHidden=\"false\"\r\n   UnhideWhenUsed=\"false\" Name=\"Colorful Grid Accent 5\"/>\r\n  <w:LsdException Locked=\"false\" Priority=\"60\" SemiHidden=\"false\"\r\n   UnhideWhenUsed=\"false\" Name=\"Light Shading Accent 6\"/>\r\n  <w:LsdException Locked=\"false\" Priority=\"61\" SemiHidden=\"false\"\r\n   UnhideWhenUsed=\"false\" Name=\"Light List Accent 6\"/>\r\n  <w:LsdException Locked=\"false\" Priority=\"62\" SemiHidden=\"false\"\r\n   UnhideWhenUsed=\"false\" Name=\"Light Grid Accent 6\"/>\r\n  <w:LsdException Locked=\"false\" Priority=\"63\" SemiHidden=\"false\"\r\n   UnhideWhenUsed=\"false\" Name=\"Medium Shading 1 Accent 6\"/>\r\n  <w:LsdException Locked=\"false\" Priority=\"64\" SemiHidden=\"false\"\r\n   UnhideWhenUsed=\"false\" Name=\"Medium Shading 2 Accent 6\"/>\r\n  <w:LsdException Locked=\"false\" Priority=\"65\" SemiHidden=\"false\"\r\n   UnhideWhenUsed=\"false\" Name=\"Medium List 1 Accent 6\"/>\r\n  <w:LsdException Locked=\"false\" Priority=\"66\" SemiHidden=\"false\"\r\n   UnhideWhenUsed=\"false\" Name=\"Medium List 2 Accent 6\"/>\r\n  <w:LsdException Locked=\"false\" Priority=\"67\" SemiHidden=\"false\"\r\n   UnhideWhenUsed=\"false\" Name=\"Medium Grid 1 Accent 6\"/>\r\n  <w:LsdException Locked=\"false\" Priority=\"68\" SemiHidden=\"false\"\r\n   UnhideWhenUsed=\"false\" Name=\"Medium Grid 2 Accent 6\"/>\r\n  <w:LsdException Locked=\"false\" Priority=\"69\" SemiHidden=\"false\"\r\n   UnhideWhenUsed=\"false\" Name=\"Medium Grid 3 Accent 6\"/>\r\n  <w:LsdException Locked=\"false\" Priority=\"70\" SemiHidden=\"false\"\r\n   UnhideWhenUsed=\"false\" Name=\"Dark List Accent 6\"/>\r\n  <w:LsdException Locked=\"false\" Priority=\"71\" SemiHidden=\"false\"\r\n   UnhideWhenUsed=\"false\" Name=\"Colorful Shading Accent 6\"/>\r\n  <w:LsdException Locked=\"false\" Priority=\"72\" SemiHidden=\"false\"\r\n   UnhideWhenUsed=\"false\" Name=\"Colorful List Accent 6\"/>\r\n  <w:LsdException Locked=\"false\" Priority=\"73\" SemiHidden=\"false\"\r\n   UnhideWhenUsed=\"false\" Name=\"Colorful Grid Accent 6\"/>\r\n  <w:LsdException Locked=\"false\" Priority=\"19\" SemiHidden=\"false\"\r\n   UnhideWhenUsed=\"false\" QFormat=\"true\" Name=\"Subtle Emphasis\"/>\r\n  <w:LsdException Locked=\"false\" Priority=\"21\" SemiHidden=\"false\"\r\n   UnhideWhenUsed=\"false\" QFormat=\"true\" Name=\"Intense Emphasis\"/>\r\n  <w:LsdException Locked=\"false\" Priority=\"31\" SemiHidden=\"false\"\r\n   UnhideWhenUsed=\"false\" QFormat=\"true\" Name=\"Subtle Reference\"/>\r\n  <w:LsdException Locked=\"false\" Priority=\"32\" SemiHidden=\"false\"\r\n   UnhideWhenUsed=\"false\" QFormat=\"true\" Name=\"Intense Reference\"/>\r\n  <w:LsdException Locked=\"false\" Priority=\"33\" SemiHidden=\"false\"\r\n   UnhideWhenUsed=\"false\" QFormat=\"true\" Name=\"Book Title\"/>\r\n  <w:LsdException Locked=\"false\" Priority=\"37\" Name=\"Bibliography\"/>\r\n  <w:LsdException Locked=\"false\" Priority=\"39\" QFormat=\"true\" Name=\"TOC Heading\"/>\r\n </w:LatentStyles>\r\n</xml><![endif]--><!--[if gte mso 10]>\r\n<style>\r\n /* Style Definitions */\r\n table.MsoNormalTable\r\n	{mso-style-name:\"Table Normal\";\r\n	mso-tstyle-rowband-size:0;\r\n	mso-tstyle-colband-size:0;\r\n	mso-style-noshow:yes;\r\n	mso-style-priority:99;\r\n	mso-style-qformat:yes;\r\n	mso-style-parent:\"\";\r\n	mso-padding-alt:0in 5.4pt 0in 5.4pt;\r\n	mso-para-margin:0in;\r\n	mso-para-margin-bottom:.0001pt;\r\n	mso-pagination:widow-orphan;\r\n	font-size:10.0pt;\r\n	font-family:\"Calibri\",\"sans-serif\";}\r\n</style>\r\n<![endif]-->\r\n\r\n</p><p class=\"MsoNormal\"><span style=\"font-weight: bold;\"><span style=\"color: rgb(8, 82, 148);\"><span lang=\"EN-US\">ENERGY AUDIT</span></span></span></p>\r\n\r\n<p class=\"MsoNormal\"><span lang=\"EN-US\">Various power consuming equipment installed\r\nfor the purpose of meeting the outcome of the installation may or may not\r\nfunction individually or in total and may consume power more or less as\r\npredicted by the designers and suppliers of the equipment. This phenomenon is\r\ntested by running the equipment at their full / partial loads at the case may\r\nbe and the energy consumption of individual as well total equipment is\r\nrecorded. Various aspects of improvements are suggested to meet the target in\r\nline with the design and to achieve optimum operating cost. Expertise man power\r\nalong with adequate instruments with calibration are utilized during the audit\r\nand the audit findings are reported for efficient running of the plant. With\r\nthe expertise available with us, our company shall readily take up such\r\nstudies. </span></p>\r\n\r\n', '', 1566411551, 2, -1),
(5, 5, 0, '', ' TO IMPROVE THE INSTALLED CAPACITY OF THE PLANT', '<p><!--[if gte mso 9]><xml>\r\n <o:OfficeDocumentSettings>\r\n  <o:AllowPNG></o:AllowPNG>\r\n </o:OfficeDocumentSettings>\r\n</xml><![endif]--><!--[if gte mso 9]><xml>\r\n <w:WordDocument>\r\n  <w:View>Normal</w:View>\r\n  <w:Zoom>0</w:Zoom>\r\n  <w:TrackMoves></w:TrackMoves>\r\n  <w:TrackFormatting></w:TrackFormatting>\r\n  <w:PunctuationKerning></w:PunctuationKerning>\r\n  <w:ValidateAgainstSchemas></w:ValidateAgainstSchemas>\r\n  <w:SaveIfXMLInvalid>false</w:SaveIfXMLInvalid>\r\n  <w:IgnoreMixedContent>false</w:IgnoreMixedContent>\r\n  <w:AlwaysShowPlaceholderText>false</w:AlwaysShowPlaceholderText>\r\n  <w:DoNotPromoteQF></w:DoNotPromoteQF>\r\n  <w:LidThemeOther>EN-IN</w:LidThemeOther>\r\n  <w:LidThemeAsian>X-NONE</w:LidThemeAsian>\r\n  <w:LidThemeComplexScript>X-NONE</w:LidThemeComplexScript>\r\n  <w:Compatibility>\r\n   <w:BreakWrappedTables></w:BreakWrappedTables>\r\n   <w:SnapToGridInCell></w:SnapToGridInCell>\r\n   <w:WrapTextWithPunct></w:WrapTextWithPunct>\r\n   <w:UseAsianBreakRules></w:UseAsianBreakRules>\r\n   <w:DontGrowAutofit></w:DontGrowAutofit>\r\n   <w:SplitPgBreakAndParaMark></w:SplitPgBreakAndParaMark>\r\n   <w:DontVertAlignCellWithSp></w:DontVertAlignCellWithSp>\r\n   <w:DontBreakConstrainedForcedTables></w:DontBreakConstrainedForcedTables>\r\n   <w:DontVertAlignInTxbx></w:DontVertAlignInTxbx>\r\n   <w:Word11KerningPairs></w:Word11KerningPairs>\r\n   <w:CachedColBalance></w:CachedColBalance>\r\n  </w:Compatibility>\r\n  <m:mathPr>\r\n   <m:mathFont m:val=\"Cambria Math\"></m:mathFont>\r\n   <m:brkBin m:val=\"before\"></m:brkBin>\r\n   <m:brkBinSub m:val=\"--\"></m:brkBinSub>\r\n   <m:smallFrac m:val=\"off\"></m:smallFrac>\r\n   <m:dispDef></m:dispDef>\r\n   <m:lMargin m:val=\"0\"></m:lMargin>\r\n   <m:rMargin m:val=\"0\"></m:rMargin>\r\n   <m:defJc m:val=\"centerGroup\"></m:defJc>\r\n   <m:wrapIndent m:val=\"1440\"></m:wrapIndent>\r\n   <m:intLim m:val=\"subSup\"></m:intLim>\r\n   <m:naryLim m:val=\"undOvr\"></m:naryLim>\r\n  </m:mathPr></w:WordDocument>\r\n</xml><![endif]--><!--[if gte mso 9]><xml>\r\n <w:LatentStyles DefLockedState=\"false\" DefUnhideWhenUsed=\"true\"\r\n  DefSemiHidden=\"true\" DefQFormat=\"false\" DefPriority=\"99\"\r\n  LatentStyleCount=\"267\">\r\n  <w:LsdException Locked=\"false\" Priority=\"0\" SemiHidden=\"false\"\r\n   UnhideWhenUsed=\"false\" QFormat=\"true\" Name=\"Normal\"></w:LsdException>\r\n  <w:LsdException Locked=\"false\" Priority=\"9\" SemiHidden=\"false\"\r\n   UnhideWhenUsed=\"false\" QFormat=\"true\" Name=\"heading 1\"></w:LsdException>\r\n  <w:LsdException Locked=\"false\" Priority=\"9\" QFormat=\"true\" Name=\"heading 2\"></w:LsdException>\r\n  <w:LsdException Locked=\"false\" Priority=\"9\" QFormat=\"true\" Name=\"heading 3\"></w:LsdException>\r\n  <w:LsdException Locked=\"false\" Priority=\"9\" QFormat=\"true\" Name=\"heading 4\"></w:LsdException>\r\n  <w:LsdException Locked=\"false\" Priority=\"9\" QFormat=\"true\" Name=\"heading 5\"></w:LsdException>\r\n  <w:LsdException Locked=\"false\" Priority=\"9\" QFormat=\"true\" Name=\"heading 6\"></w:LsdException>\r\n  <w:LsdException Locked=\"false\" Priority=\"9\" QFormat=\"true\" Name=\"heading 7\"></w:LsdException>\r\n  <w:LsdException Locked=\"false\" Priority=\"9\" QFormat=\"true\" Name=\"heading 8\"></w:LsdException>\r\n  <w:LsdException Locked=\"false\" Priority=\"9\" QFormat=\"true\" Name=\"heading 9\"></w:LsdException>\r\n  <w:LsdException Locked=\"false\" Priority=\"39\" Name=\"toc 1\"></w:LsdException>\r\n  <w:LsdException Locked=\"false\" Priority=\"39\" Name=\"toc 2\"></w:LsdException>\r\n  <w:LsdException Locked=\"false\" Priority=\"39\" Name=\"toc 3\"></w:LsdException>\r\n  <w:LsdException Locked=\"false\" Priority=\"39\" Name=\"toc 4\"></w:LsdException>\r\n  <w:LsdException Locked=\"false\" Priority=\"39\" Name=\"toc 5\"></w:LsdException>\r\n  <w:LsdException Locked=\"false\" Priority=\"39\" Name=\"toc 6\"></w:LsdException>\r\n  <w:LsdException Locked=\"false\" Priority=\"39\" Name=\"toc 7\"></w:LsdException>\r\n  <w:LsdException Locked=\"false\" Priority=\"39\" Name=\"toc 8\"></w:LsdException>\r\n  <w:LsdException Locked=\"false\" Priority=\"39\" Name=\"toc 9\"></w:LsdException>\r\n  <w:LsdException Locked=\"false\" Priority=\"35\" QFormat=\"true\" Name=\"caption\"></w:LsdException>\r\n  <w:LsdException Locked=\"false\" Priority=\"10\" SemiHidden=\"false\"\r\n   UnhideWhenUsed=\"false\" QFormat=\"true\" Name=\"Title\"></w:LsdException>\r\n  <w:LsdException Locked=\"false\" Priority=\"1\" Name=\"Default Paragraph Font\"></w:LsdException>\r\n  <w:LsdException Locked=\"false\" Priority=\"11\" SemiHidden=\"false\"\r\n   UnhideWhenUsed=\"false\" QFormat=\"true\" Name=\"Subtitle\"></w:LsdException>\r\n  <w:LsdException Locked=\"false\" Priority=\"22\" SemiHidden=\"false\"\r\n   UnhideWhenUsed=\"false\" QFormat=\"true\" Name=\"Strong\"></w:LsdException>\r\n  <w:LsdException Locked=\"false\" Priority=\"20\" SemiHidden=\"false\"\r\n   UnhideWhenUsed=\"false\" QFormat=\"true\" Name=\"Emphasis\"></w:LsdException>\r\n  <w:LsdException Locked=\"false\" Priority=\"59\" SemiHidden=\"false\"\r\n   UnhideWhenUsed=\"false\" Name=\"Table Grid\"></w:LsdException>\r\n  <w:LsdException Locked=\"false\" UnhideWhenUsed=\"false\" Name=\"Placeholder Text\"></w:LsdException>\r\n  <w:LsdException Locked=\"false\" Priority=\"1\" SemiHidden=\"false\"\r\n   UnhideWhenUsed=\"false\" QFormat=\"true\" Name=\"No Spacing\"></w:LsdException>\r\n  <w:LsdException Locked=\"false\" Priority=\"60\" SemiHidden=\"false\"\r\n   UnhideWhenUsed=\"false\" Name=\"Light Shading\"></w:LsdException>\r\n  <w:LsdException Locked=\"false\" Priority=\"61\" SemiHidden=\"false\"\r\n   UnhideWhenUsed=\"false\" Name=\"Light List\"></w:LsdException>\r\n  <w:LsdException Locked=\"false\" Priority=\"62\" SemiHidden=\"false\"\r\n   UnhideWhenUsed=\"false\" Name=\"Light Grid\"></w:LsdException>\r\n  <w:LsdException Locked=\"false\" Priority=\"63\" SemiHidden=\"false\"\r\n   UnhideWhenUsed=\"false\" Name=\"Medium Shading 1\"></w:LsdException>\r\n  <w:LsdException Locked=\"false\" Priority=\"64\" SemiHidden=\"false\"\r\n   UnhideWhenUsed=\"false\" Name=\"Medium Shading 2\"></w:LsdException>\r\n  <w:LsdException Locked=\"false\" Priority=\"65\" SemiHidden=\"false\"\r\n   UnhideWhenUsed=\"false\" Name=\"Medium List 1\"></w:LsdException>\r\n  <w:LsdException Locked=\"false\" Priority=\"66\" SemiHidden=\"false\"\r\n   UnhideWhenUsed=\"false\" Name=\"Medium List 2\"></w:LsdException>\r\n  <w:LsdException Locked=\"false\" Priority=\"67\" SemiHidden=\"false\"\r\n   UnhideWhenUsed=\"false\" Name=\"Medium Grid 1\"></w:LsdException>\r\n  <w:LsdException Locked=\"false\" Priority=\"68\" SemiHidden=\"false\"\r\n   UnhideWhenUsed=\"false\" Name=\"Medium Grid 2\"></w:LsdException>\r\n  <w:LsdException Locked=\"false\" Priority=\"69\" SemiHidden=\"false\"\r\n   UnhideWhenUsed=\"false\" Name=\"Medium Grid 3\"></w:LsdException>\r\n  <w:LsdException Locked=\"false\" Priority=\"70\" SemiHidden=\"false\"\r\n   UnhideWhenUsed=\"false\" Name=\"Dark List\"></w:LsdException>\r\n  <w:LsdException Locked=\"false\" Priority=\"71\" SemiHidden=\"false\"\r\n   UnhideWhenUsed=\"false\" Name=\"Colorful Shading\"></w:LsdException>\r\n  <w:LsdException Locked=\"false\" Priority=\"72\" SemiHidden=\"false\"\r\n   UnhideWhenUsed=\"false\" Name=\"Colorful List\"></w:LsdException>\r\n  <w:LsdException Locked=\"false\" Priority=\"73\" SemiHidden=\"false\"\r\n   UnhideWhenUsed=\"false\" Name=\"Colorful Grid\"></w:LsdException>\r\n  <w:LsdException Locked=\"false\" Priority=\"60\" SemiHidden=\"false\"\r\n   UnhideWhenUsed=\"false\" Name=\"Light Shading Accent 1\"></w:LsdException>\r\n  <w:LsdException Locked=\"false\" Priority=\"61\" SemiHidden=\"false\"\r\n   UnhideWhenUsed=\"false\" Name=\"Light List Accent 1\"></w:LsdException>\r\n  <w:LsdException Locked=\"false\" Priority=\"62\" SemiHidden=\"false\"\r\n   UnhideWhenUsed=\"false\" Name=\"Light Grid Accent 1\"></w:LsdException>\r\n  <w:LsdException Locked=\"false\" Priority=\"63\" SemiHidden=\"false\"\r\n   UnhideWhenUsed=\"false\" Name=\"Medium Shading 1 Accent 1\"></w:LsdException>\r\n  <w:LsdException Locked=\"false\" Priority=\"64\" SemiHidden=\"false\"\r\n   UnhideWhenUsed=\"false\" Name=\"Medium Shading 2 Accent 1\"></w:LsdException>\r\n  <w:LsdException Locked=\"false\" Priority=\"65\" SemiHidden=\"false\"\r\n   UnhideWhenUsed=\"false\" Name=\"Medium List 1 Accent 1\"></w:LsdException>\r\n  <w:LsdException Locked=\"false\" UnhideWhenUsed=\"false\" Name=\"Revision\"></w:LsdException>\r\n  <w:LsdException Locked=\"false\" Priority=\"34\" SemiHidden=\"false\"\r\n   UnhideWhenUsed=\"false\" QFormat=\"true\" Name=\"List Paragraph\"></w:LsdException>\r\n  <w:LsdException Locked=\"false\" Priority=\"29\" SemiHidden=\"false\"\r\n   UnhideWhenUsed=\"false\" QFormat=\"true\" Name=\"Quote\"></w:LsdException>\r\n  <w:LsdException Locked=\"false\" Priority=\"30\" SemiHidden=\"false\"\r\n   UnhideWhenUsed=\"false\" QFormat=\"true\" Name=\"Intense Quote\"></w:LsdException>\r\n  <w:LsdException Locked=\"false\" Priority=\"66\" SemiHidden=\"false\"\r\n   UnhideWhenUsed=\"false\" Name=\"Medium List 2 Accent 1\"></w:LsdException>\r\n  <w:LsdException Locked=\"false\" Priority=\"67\" SemiHidden=\"false\"\r\n   UnhideWhenUsed=\"false\" Name=\"Medium Grid 1 Accent 1\"></w:LsdException>\r\n  <w:LsdException Locked=\"false\" Priority=\"68\" SemiHidden=\"false\"\r\n   UnhideWhenUsed=\"false\" Name=\"Medium Grid 2 Accent 1\"></w:LsdException>\r\n  <w:LsdException Locked=\"false\" Priority=\"69\" SemiHidden=\"false\"\r\n   UnhideWhenUsed=\"false\" Name=\"Medium Grid 3 Accent 1\"></w:LsdException>\r\n  <w:LsdException Locked=\"false\" Priority=\"70\" SemiHidden=\"false\"\r\n   UnhideWhenUsed=\"false\" Name=\"Dark List Accent 1\"></w:LsdException>\r\n  <w:LsdException Locked=\"false\" Priority=\"71\" SemiHidden=\"false\"\r\n   UnhideWhenUsed=\"false\" Name=\"Colorful Shading Accent 1\"></w:LsdException>\r\n  <w:LsdException Locked=\"false\" Priority=\"72\" SemiHidden=\"false\"\r\n   UnhideWhenUsed=\"false\" Name=\"Colorful List Accent 1\"></w:LsdException>\r\n  <w:LsdException Locked=\"false\" Priority=\"73\" SemiHidden=\"false\"\r\n   UnhideWhenUsed=\"false\" Name=\"Colorful Grid Accent 1\"></w:LsdException>\r\n  <w:LsdException Locked=\"false\" Priority=\"60\" SemiHidden=\"false\"\r\n   UnhideWhenUsed=\"false\" Name=\"Light Shading Accent 2\"></w:LsdException>\r\n  <w:LsdException Locked=\"false\" Priority=\"61\" SemiHidden=\"false\"\r\n   UnhideWhenUsed=\"false\" Name=\"Light List Accent 2\"></w:LsdException>\r\n  <w:LsdException Locked=\"false\" Priority=\"62\" SemiHidden=\"false\"\r\n   UnhideWhenUsed=\"false\" Name=\"Light Grid Accent 2\"></w:LsdException>\r\n  <w:LsdException Locked=\"false\" Priority=\"63\" SemiHidden=\"false\"\r\n   UnhideWhenUsed=\"false\" Name=\"Medium Shading 1 Accent 2\"></w:LsdException>\r\n  <w:LsdException Locked=\"false\" Priority=\"64\" SemiHidden=\"false\"\r\n   UnhideWhenUsed=\"false\" Name=\"Medium Shading 2 Accent 2\"></w:LsdException>\r\n  <w:LsdException Locked=\"false\" Priority=\"65\" SemiHidden=\"false\"\r\n   UnhideWhenUsed=\"false\" Name=\"Medium List 1 Accent 2\"></w:LsdException>\r\n  <w:LsdException Locked=\"false\" Priority=\"66\" SemiHidden=\"false\"\r\n   UnhideWhenUsed=\"false\" Name=\"Medium List 2 Accent 2\"></w:LsdException>\r\n  <w:LsdException Locked=\"false\" Priority=\"67\" SemiHidden=\"false\"\r\n   UnhideWhenUsed=\"false\" Name=\"Medium Grid 1 Accent 2\"></w:LsdException>\r\n  <w:LsdException Locked=\"false\" Priority=\"68\" SemiHidden=\"false\"\r\n   UnhideWhenUsed=\"false\" Name=\"Medium Grid 2 Accent 2\"></w:LsdException>\r\n  <w:LsdException Locked=\"false\" Priority=\"69\" SemiHidden=\"false\"\r\n   UnhideWhenUsed=\"false\" Name=\"Medium Grid 3 Accent 2\"></w:LsdException>\r\n  <w:LsdException Locked=\"false\" Priority=\"70\" SemiHidden=\"false\"\r\n   UnhideWhenUsed=\"false\" Name=\"Dark List Accent 2\"></w:LsdException>\r\n  <w:LsdException Locked=\"false\" Priority=\"71\" SemiHidden=\"false\"\r\n   UnhideWhenUsed=\"false\" Name=\"Colorful Shading Accent 2\"></w:LsdException>\r\n  <w:LsdException Locked=\"false\" Priority=\"72\" SemiHidden=\"false\"\r\n   UnhideWhenUsed=\"false\" Name=\"Colorful List Accent 2\"></w:LsdException>\r\n  <w:LsdException Locked=\"false\" Priority=\"73\" SemiHidden=\"false\"\r\n   UnhideWhenUsed=\"false\" Name=\"Colorful Grid Accent 2\"></w:LsdException>\r\n  <w:LsdException Locked=\"false\" Priority=\"60\" SemiHidden=\"false\"\r\n   UnhideWhenUsed=\"false\" Name=\"Light Shading Accent 3\"></w:LsdException>\r\n  <w:LsdException Locked=\"false\" Priority=\"61\" SemiHidden=\"false\"\r\n   UnhideWhenUsed=\"false\" Name=\"Light List Accent 3\"></w:LsdException>\r\n  <w:LsdException Locked=\"false\" Priority=\"62\" SemiHidden=\"false\"\r\n   UnhideWhenUsed=\"false\" Name=\"Light Grid Accent 3\"></w:LsdException>\r\n  <w:LsdException Locked=\"false\" Priority=\"63\" SemiHidden=\"false\"\r\n   UnhideWhenUsed=\"false\" Name=\"Medium Shading 1 Accent 3\"></w:LsdException>\r\n  <w:LsdException Locked=\"false\" Priority=\"64\" SemiHidden=\"false\"\r\n   UnhideWhenUsed=\"false\" Name=\"Medium Shading 2 Accent 3\"></w:LsdException>\r\n  <w:LsdException Locked=\"false\" Priority=\"65\" SemiHidden=\"false\"\r\n   UnhideWhenUsed=\"false\" Name=\"Medium List 1 Accent 3\"></w:LsdException>\r\n  <w:LsdException Locked=\"false\" Priority=\"66\" SemiHidden=\"false\"\r\n   UnhideWhenUsed=\"false\" Name=\"Medium List 2 Accent 3\"></w:LsdException>\r\n  <w:LsdException Locked=\"false\" Priority=\"67\" SemiHidden=\"false\"\r\n   UnhideWhenUsed=\"false\" Name=\"Medium Grid 1 Accent 3\"></w:LsdException>\r\n  <w:LsdException Locked=\"false\" Priority=\"68\" SemiHidden=\"false\"\r\n   UnhideWhenUsed=\"false\" Name=\"Medium Grid 2 Accent 3\"></w:LsdException>\r\n  <w:LsdException Locked=\"false\" Priority=\"69\" SemiHidden=\"false\"\r\n   UnhideWhenUsed=\"false\" Name=\"Medium Grid 3 Accent 3\"></w:LsdException>\r\n  <w:LsdException Locked=\"false\" Priority=\"70\" SemiHidden=\"false\"\r\n   UnhideWhenUsed=\"false\" Name=\"Dark List Accent 3\"></w:LsdException>\r\n  <w:LsdException Locked=\"false\" Priority=\"71\" SemiHidden=\"false\"\r\n   UnhideWhenUsed=\"false\" Name=\"Colorful Shading Accent 3\"></w:LsdException>\r\n  <w:LsdException Locked=\"false\" Priority=\"72\" SemiHidden=\"false\"\r\n   UnhideWhenUsed=\"false\" Name=\"Colorful List Accent 3\"></w:LsdException>\r\n  <w:LsdException Locked=\"false\" Priority=\"73\" SemiHidden=\"false\"\r\n   UnhideWhenUsed=\"false\" Name=\"Colorful Grid Accent 3\"></w:LsdException>\r\n  <w:LsdException Locked=\"false\" Priority=\"60\" SemiHidden=\"false\"\r\n   UnhideWhenUsed=\"false\" Name=\"Light Shading Accent 4\"></w:LsdException>\r\n  <w:LsdException Locked=\"false\" Priority=\"61\" SemiHidden=\"false\"\r\n   UnhideWhenUsed=\"false\" Name=\"Light List Accent 4\"></w:LsdException>\r\n  <w:LsdException Locked=\"false\" Priority=\"62\" SemiHidden=\"false\"\r\n   UnhideWhenUsed=\"false\" Name=\"Light Grid Accent 4\"></w:LsdException>\r\n  <w:LsdException Locked=\"false\" Priority=\"63\" SemiHidden=\"false\"\r\n   UnhideWhenUsed=\"false\" Name=\"Medium Shading 1 Accent 4\"></w:LsdException>\r\n  <w:LsdException Locked=\"false\" Priority=\"64\" SemiHidden=\"false\"\r\n   UnhideWhenUsed=\"false\" Name=\"Medium Shading 2 Accent 4\"></w:LsdException>\r\n  <w:LsdException Locked=\"false\" Priority=\"65\" SemiHidden=\"false\"\r\n   UnhideWhenUsed=\"false\" Name=\"Medium List 1 Accent 4\"></w:LsdException>\r\n  <w:LsdException Locked=\"false\" Priority=\"66\" SemiHidden=\"false\"\r\n   UnhideWhenUsed=\"false\" Name=\"Medium List 2 Accent 4\"></w:LsdException>\r\n  <w:LsdException Locked=\"false\" Priority=\"67\" SemiHidden=\"false\"\r\n   UnhideWhenUsed=\"false\" Name=\"Medium Grid 1 Accent 4\"></w:LsdException>\r\n  <w:LsdException Locked=\"false\" Priority=\"68\" SemiHidden=\"false\"\r\n   UnhideWhenUsed=\"false\" Name=\"Medium Grid 2 Accent 4\"></w:LsdException>\r\n  <w:LsdException Locked=\"false\" Priority=\"69\" SemiHidden=\"false\"\r\n   UnhideWhenUsed=\"false\" Name=\"Medium Grid 3 Accent 4\"></w:LsdException>\r\n  <w:LsdException Locked=\"false\" Priority=\"70\" SemiHidden=\"false\"\r\n   UnhideWhenUsed=\"false\" Name=\"Dark List Accent 4\"></w:LsdException>\r\n  <w:LsdException Locked=\"false\" Priority=\"71\" SemiHidden=\"false\"\r\n   UnhideWhenUsed=\"false\" Name=\"Colorful Shading Accent 4\"></w:LsdException>\r\n  <w:LsdException Locked=\"false\" Priority=\"72\" SemiHidden=\"false\"\r\n   UnhideWhenUsed=\"false\" Name=\"Colorful List Accent 4\"></w:LsdException>\r\n  <w:LsdException Locked=\"false\" Priority=\"73\" SemiHidden=\"false\"\r\n   UnhideWhenUsed=\"false\" Name=\"Colorful Grid Accent 4\"></w:LsdException>\r\n  <w:LsdException Locked=\"false\" Priority=\"60\" SemiHidden=\"false\"\r\n   UnhideWhenUsed=\"false\" Name=\"Light Shading Accent 5\"></w:LsdException>\r\n  <w:LsdException Locked=\"false\" Priority=\"61\" SemiHidden=\"false\"\r\n   UnhideWhenUsed=\"false\" Name=\"Light List Accent 5\"></w:LsdException>\r\n  <w:LsdException Locked=\"false\" Priority=\"62\" SemiHidden=\"false\"\r\n   UnhideWhenUsed=\"false\" Name=\"Light Grid Accent 5\"></w:LsdException>\r\n  <w:LsdException Locked=\"false\" Priority=\"63\" SemiHidden=\"false\"\r\n   UnhideWhenUsed=\"false\" Name=\"Medium Shading 1 Accent 5\"></w:LsdException>\r\n  <w:LsdException Locked=\"false\" Priority=\"64\" SemiHidden=\"false\"\r\n   UnhideWhenUsed=\"false\" Name=\"Medium Shading 2 Accent 5\"></w:LsdException>\r\n  <w:LsdException Locked=\"false\" Priority=\"65\" SemiHidden=\"false\"\r\n   UnhideWhenUsed=\"false\" Name=\"Medium List 1 Accent 5\"></w:LsdException>\r\n  <w:LsdException Locked=\"false\" Priority=\"66\" SemiHidden=\"false\"\r\n   UnhideWhenUsed=\"false\" Name=\"Medium List 2 Accent 5\"></w:LsdException>\r\n  <w:LsdException Locked=\"false\" Priority=\"67\" SemiHidden=\"false\"\r\n   UnhideWhenUsed=\"false\" Name=\"Medium Grid 1 Accent 5\"></w:LsdException>\r\n  <w:LsdException Locked=\"false\" Priority=\"68\" SemiHidden=\"false\"\r\n   UnhideWhenUsed=\"false\" Name=\"Medium Grid 2 Accent 5\"></w:LsdException>\r\n  <w:LsdException Locked=\"false\" Priority=\"69\" SemiHidden=\"false\"\r\n   UnhideWhenUsed=\"false\" Name=\"Medium Grid 3 Accent 5\"></w:LsdException>\r\n  <w:LsdException Locked=\"false\" Priority=\"70\" SemiHidden=\"false\"\r\n   UnhideWhenUsed=\"false\" Name=\"Dark List Accent 5\"></w:LsdException>\r\n  <w:LsdException Locked=\"false\" Priority=\"71\" SemiHidden=\"false\"\r\n   UnhideWhenUsed=\"false\" Name=\"Colorful Shading Accent 5\"></w:LsdException>\r\n  <w:LsdException Locked=\"false\" Priority=\"72\" SemiHidden=\"false\"\r\n   UnhideWhenUsed=\"false\" Name=\"Colorful List Accent 5\"></w:LsdException>\r\n  <w:LsdException Locked=\"false\" Priority=\"73\" SemiHidden=\"false\"\r\n   UnhideWhenUsed=\"false\" Name=\"Colorful Grid Accent 5\"></w:LsdException>\r\n  <w:LsdException Locked=\"false\" Priority=\"60\" SemiHidden=\"false\"\r\n   UnhideWhenUsed=\"false\" Name=\"Light Shading Accent 6\"></w:LsdException>\r\n  <w:LsdException Locked=\"false\" Priority=\"61\" SemiHidden=\"false\"\r\n   UnhideWhenUsed=\"false\" Name=\"Light List Accent 6\"></w:LsdException>\r\n  <w:LsdException Locked=\"false\" Priority=\"62\" SemiHidden=\"false\"\r\n   UnhideWhenUsed=\"false\" Name=\"Light Grid Accent 6\"></w:LsdException>\r\n  <w:LsdException Locked=\"false\" Priority=\"63\" SemiHidden=\"false\"\r\n   UnhideWhenUsed=\"false\" Name=\"Medium Shading 1 Accent 6\"></w:LsdException>\r\n  <w:LsdException Locked=\"false\" Priority=\"64\" SemiHidden=\"false\"\r\n   UnhideWhenUsed=\"false\" Name=\"Medium Shading 2 Accent 6\"></w:LsdException>\r\n  <w:LsdException Locked=\"false\" Priority=\"65\" SemiHidden=\"false\"\r\n   UnhideWhenUsed=\"false\" Name=\"Medium List 1 Accent 6\"></w:LsdException>\r\n  <w:LsdException Locked=\"false\" Priority=\"66\" SemiHidden=\"false\"\r\n   UnhideWhenUsed=\"false\" Name=\"Medium List 2 Accent 6\"></w:LsdException>\r\n  <w:LsdException Locked=\"false\" Priority=\"67\" SemiHidden=\"false\"\r\n   UnhideWhenUsed=\"false\" Name=\"Medium Grid 1 Accent 6\"></w:LsdException>\r\n  <w:LsdException Locked=\"false\" Priority=\"68\" SemiHidden=\"false\"\r\n   UnhideWhenUsed=\"false\" Name=\"Medium Grid 2 Accent 6\"></w:LsdException>\r\n  <w:LsdException Locked=\"false\" Priority=\"69\" SemiHidden=\"false\"\r\n   UnhideWhenUsed=\"false\" Name=\"Medium Grid 3 Accent 6\"></w:LsdException>\r\n  <w:LsdException Locked=\"false\" Priority=\"70\" SemiHidden=\"false\"\r\n   UnhideWhenUsed=\"false\" Name=\"Dark List Accent 6\"></w:LsdException>\r\n  <w:LsdException Locked=\"false\" Priority=\"71\" SemiHidden=\"false\"\r\n   UnhideWhenUsed=\"false\" Name=\"Colorful Shading Accent 6\"></w:LsdException>\r\n  <w:LsdException Locked=\"false\" Priority=\"72\" SemiHidden=\"false\"\r\n   UnhideWhenUsed=\"false\" Name=\"Colorful List Accent 6\"></w:LsdException>\r\n  <w:LsdException Locked=\"false\" Priority=\"73\" SemiHidden=\"false\"\r\n   UnhideWhenUsed=\"false\" Name=\"Colorful Grid Accent 6\"></w:LsdException>\r\n  <w:LsdException Locked=\"false\" Priority=\"19\" SemiHidden=\"false\"\r\n   UnhideWhenUsed=\"false\" QFormat=\"true\" Name=\"Subtle Emphasis\"></w:LsdException>\r\n  <w:LsdException Locked=\"false\" Priority=\"21\" SemiHidden=\"false\"\r\n   UnhideWhenUsed=\"false\" QFormat=\"true\" Name=\"Intense Emphasis\"></w:LsdException>\r\n  <w:LsdException Locked=\"false\" Priority=\"31\" SemiHidden=\"false\"\r\n   UnhideWhenUsed=\"false\" QFormat=\"true\" Name=\"Subtle Reference\"></w:LsdException>\r\n  <w:LsdException Locked=\"false\" Priority=\"32\" SemiHidden=\"false\"\r\n   UnhideWhenUsed=\"false\" QFormat=\"true\" Name=\"Intense Reference\"></w:LsdException>\r\n  <w:LsdException Locked=\"false\" Priority=\"33\" SemiHidden=\"false\"\r\n   UnhideWhenUsed=\"false\" QFormat=\"true\" Name=\"Book Title\"></w:LsdException>\r\n  <w:LsdException Locked=\"false\" Priority=\"37\" Name=\"Bibliography\"></w:LsdException>\r\n  <w:LsdException Locked=\"false\" Priority=\"39\" QFormat=\"true\" Name=\"TOC Heading\"></w:LsdException>\r\n </w:LatentStyles>\r\n</xml><![endif]--><!--[if gte mso 10]>\r\n<style>\r\n /* Style Definitions */\r\n table.MsoNormalTable\r\n	{mso-style-name:\"Table Normal\";\r\n	mso-tstyle-rowband-size:0;\r\n	mso-tstyle-colband-size:0;\r\n	mso-style-noshow:yes;\r\n	mso-style-priority:99;\r\n	mso-style-qformat:yes;\r\n	mso-style-parent:\"\";\r\n	mso-padding-alt:0in 5.4pt 0in 5.4pt;\r\n	mso-para-margin:0in;\r\n	mso-para-margin-bottom:.0001pt;\r\n	mso-pagination:widow-orphan;\r\n	font-size:10.0pt;\r\n	font-family:\"Calibri\",\"sans-serif\";}\r\n</style>\r\n<![endif]-->\r\n\r\n</p><p class=\"MsoNormal\"><b><span style=\"color: rgb(8, 82, 148);\"><span lang=\"EN-US\">DISMANTLING AND ERECTION SERVICES</span></span></b></p>\r\n\r\n<p class=\"MsoNormal\"><span lang=\"EN-US\">When there is a need for improvement as\r\nwell trouble free operation, based on the history of operation, failure\r\nhistory, inadequate performance of individual equipment or to improve the installed\r\ncapacity of the plant equipment, many times dismantling of equipment and\r\nfurther assembling back, or some time retrofitting major modified equipment are\r\nnecessary. Expertise man power, tools and tackles, with prior experience of\r\nerection are the requirement. Such services are often requested by many clients\r\nfor which we can readily take up the service jobs of power plants.</span></p>\r\n\r\n', '', 1566411821, 2, -1);
INSERT INTO `services_list1` (`srv_id`, `srcat_id`, `styp_id`, `name`, `srt_descr`, `descr`, `thumb_img`, `crt_stm`, `crt_by`, `status`) VALUES
(6, 6, 0, '', ' Our Experts only will handle Specialised Services', '<p><!--[if gte mso 9]><xml>\r\n <o:OfficeDocumentSettings>\r\n  <o:AllowPNG/>\r\n </o:OfficeDocumentSettings>\r\n</xml><![endif]--><!--[if gte mso 9]><xml>\r\n <w:WordDocument>\r\n  <w:View>Normal</w:View>\r\n  <w:Zoom>0</w:Zoom>\r\n  <w:TrackMoves/>\r\n  <w:TrackFormatting/>\r\n  <w:PunctuationKerning/>\r\n  <w:ValidateAgainstSchemas/>\r\n  <w:SaveIfXMLInvalid>false</w:SaveIfXMLInvalid>\r\n  <w:IgnoreMixedContent>false</w:IgnoreMixedContent>\r\n  <w:AlwaysShowPlaceholderText>false</w:AlwaysShowPlaceholderText>\r\n  <w:DoNotPromoteQF/>\r\n  <w:LidThemeOther>EN-IN</w:LidThemeOther>\r\n  <w:LidThemeAsian>X-NONE</w:LidThemeAsian>\r\n  <w:LidThemeComplexScript>X-NONE</w:LidThemeComplexScript>\r\n  <w:Compatibility>\r\n   <w:BreakWrappedTables/>\r\n   <w:SnapToGridInCell/>\r\n   <w:WrapTextWithPunct/>\r\n   <w:UseAsianBreakRules/>\r\n   <w:DontGrowAutofit/>\r\n   <w:SplitPgBreakAndParaMark/>\r\n   <w:DontVertAlignCellWithSp/>\r\n   <w:DontBreakConstrainedForcedTables/>\r\n   <w:DontVertAlignInTxbx/>\r\n   <w:Word11KerningPairs/>\r\n   <w:CachedColBalance/>\r\n  </w:Compatibility>\r\n  <m:mathPr>\r\n   <m:mathFont m:val=\"Cambria Math\"/>\r\n   <m:brkBin m:val=\"before\"/>\r\n   <m:brkBinSub m:val=\"--\"/>\r\n   <m:smallFrac m:val=\"off\"/>\r\n   <m:dispDef/>\r\n   <m:lMargin m:val=\"0\"/>\r\n   <m:rMargin m:val=\"0\"/>\r\n   <m:defJc m:val=\"centerGroup\"/>\r\n   <m:wrapIndent m:val=\"1440\"/>\r\n   <m:intLim m:val=\"subSup\"/>\r\n   <m:naryLim m:val=\"undOvr\"/>\r\n  </m:mathPr></w:WordDocument>\r\n</xml><![endif]--><!--[if gte mso 9]><xml>\r\n <w:LatentStyles DefLockedState=\"false\" DefUnhideWhenUsed=\"true\"\r\n  DefSemiHidden=\"true\" DefQFormat=\"false\" DefPriority=\"99\"\r\n  LatentStyleCount=\"267\">\r\n  <w:LsdException Locked=\"false\" Priority=\"0\" SemiHidden=\"false\"\r\n   UnhideWhenUsed=\"false\" QFormat=\"true\" Name=\"Normal\"/>\r\n  <w:LsdException Locked=\"false\" Priority=\"9\" SemiHidden=\"false\"\r\n   UnhideWhenUsed=\"false\" QFormat=\"true\" Name=\"heading 1\"/>\r\n  <w:LsdException Locked=\"false\" Priority=\"9\" QFormat=\"true\" Name=\"heading 2\"/>\r\n  <w:LsdException Locked=\"false\" Priority=\"9\" QFormat=\"true\" Name=\"heading 3\"/>\r\n  <w:LsdException Locked=\"false\" Priority=\"9\" QFormat=\"true\" Name=\"heading 4\"/>\r\n  <w:LsdException Locked=\"false\" Priority=\"9\" QFormat=\"true\" Name=\"heading 5\"/>\r\n  <w:LsdException Locked=\"false\" Priority=\"9\" QFormat=\"true\" Name=\"heading 6\"/>\r\n  <w:LsdException Locked=\"false\" Priority=\"9\" QFormat=\"true\" Name=\"heading 7\"/>\r\n  <w:LsdException Locked=\"false\" Priority=\"9\" QFormat=\"true\" Name=\"heading 8\"/>\r\n  <w:LsdException Locked=\"false\" Priority=\"9\" QFormat=\"true\" Name=\"heading 9\"/>\r\n  <w:LsdException Locked=\"false\" Priority=\"39\" Name=\"toc 1\"/>\r\n  <w:LsdException Locked=\"false\" Priority=\"39\" Name=\"toc 2\"/>\r\n  <w:LsdException Locked=\"false\" Priority=\"39\" Name=\"toc 3\"/>\r\n  <w:LsdException Locked=\"false\" Priority=\"39\" Name=\"toc 4\"/>\r\n  <w:LsdException Locked=\"false\" Priority=\"39\" Name=\"toc 5\"/>\r\n  <w:LsdException Locked=\"false\" Priority=\"39\" Name=\"toc 6\"/>\r\n  <w:LsdException Locked=\"false\" Priority=\"39\" Name=\"toc 7\"/>\r\n  <w:LsdException Locked=\"false\" Priority=\"39\" Name=\"toc 8\"/>\r\n  <w:LsdException Locked=\"false\" Priority=\"39\" Name=\"toc 9\"/>\r\n  <w:LsdException Locked=\"false\" Priority=\"35\" QFormat=\"true\" Name=\"caption\"/>\r\n  <w:LsdException Locked=\"false\" Priority=\"10\" SemiHidden=\"false\"\r\n   UnhideWhenUsed=\"false\" QFormat=\"true\" Name=\"Title\"/>\r\n  <w:LsdException Locked=\"false\" Priority=\"1\" Name=\"Default Paragraph Font\"/>\r\n  <w:LsdException Locked=\"false\" Priority=\"11\" SemiHidden=\"false\"\r\n   UnhideWhenUsed=\"false\" QFormat=\"true\" Name=\"Subtitle\"/>\r\n  <w:LsdException Locked=\"false\" Priority=\"22\" SemiHidden=\"false\"\r\n   UnhideWhenUsed=\"false\" QFormat=\"true\" Name=\"Strong\"/>\r\n  <w:LsdException Locked=\"false\" Priority=\"20\" SemiHidden=\"false\"\r\n   UnhideWhenUsed=\"false\" QFormat=\"true\" Name=\"Emphasis\"/>\r\n  <w:LsdException Locked=\"false\" Priority=\"59\" SemiHidden=\"false\"\r\n   UnhideWhenUsed=\"false\" Name=\"Table Grid\"/>\r\n  <w:LsdException Locked=\"false\" UnhideWhenUsed=\"false\" Name=\"Placeholder Text\"/>\r\n  <w:LsdException Locked=\"false\" Priority=\"1\" SemiHidden=\"false\"\r\n   UnhideWhenUsed=\"false\" QFormat=\"true\" Name=\"No Spacing\"/>\r\n  <w:LsdException Locked=\"false\" Priority=\"60\" SemiHidden=\"false\"\r\n   UnhideWhenUsed=\"false\" Name=\"Light Shading\"/>\r\n  <w:LsdException Locked=\"false\" Priority=\"61\" SemiHidden=\"false\"\r\n   UnhideWhenUsed=\"false\" Name=\"Light List\"/>\r\n  <w:LsdException Locked=\"false\" Priority=\"62\" SemiHidden=\"false\"\r\n   UnhideWhenUsed=\"false\" Name=\"Light Grid\"/>\r\n  <w:LsdException Locked=\"false\" Priority=\"63\" SemiHidden=\"false\"\r\n   UnhideWhenUsed=\"false\" Name=\"Medium Shading 1\"/>\r\n  <w:LsdException Locked=\"false\" Priority=\"64\" SemiHidden=\"false\"\r\n   UnhideWhenUsed=\"false\" Name=\"Medium Shading 2\"/>\r\n  <w:LsdException Locked=\"false\" Priority=\"65\" SemiHidden=\"false\"\r\n   UnhideWhenUsed=\"false\" Name=\"Medium List 1\"/>\r\n  <w:LsdException Locked=\"false\" Priority=\"66\" SemiHidden=\"false\"\r\n   UnhideWhenUsed=\"false\" Name=\"Medium List 2\"/>\r\n  <w:LsdException Locked=\"false\" Priority=\"67\" SemiHidden=\"false\"\r\n   UnhideWhenUsed=\"false\" Name=\"Medium Grid 1\"/>\r\n  <w:LsdException Locked=\"false\" Priority=\"68\" SemiHidden=\"false\"\r\n   UnhideWhenUsed=\"false\" Name=\"Medium Grid 2\"/>\r\n  <w:LsdException Locked=\"false\" Priority=\"69\" SemiHidden=\"false\"\r\n   UnhideWhenUsed=\"false\" Name=\"Medium Grid 3\"/>\r\n  <w:LsdException Locked=\"false\" Priority=\"70\" SemiHidden=\"false\"\r\n   UnhideWhenUsed=\"false\" Name=\"Dark List\"/>\r\n  <w:LsdException Locked=\"false\" Priority=\"71\" SemiHidden=\"false\"\r\n   UnhideWhenUsed=\"false\" Name=\"Colorful Shading\"/>\r\n  <w:LsdException Locked=\"false\" Priority=\"72\" SemiHidden=\"false\"\r\n   UnhideWhenUsed=\"false\" Name=\"Colorful List\"/>\r\n  <w:LsdException Locked=\"false\" Priority=\"73\" SemiHidden=\"false\"\r\n   UnhideWhenUsed=\"false\" Name=\"Colorful Grid\"/>\r\n  <w:LsdException Locked=\"false\" Priority=\"60\" SemiHidden=\"false\"\r\n   UnhideWhenUsed=\"false\" Name=\"Light Shading Accent 1\"/>\r\n  <w:LsdException Locked=\"false\" Priority=\"61\" SemiHidden=\"false\"\r\n   UnhideWhenUsed=\"false\" Name=\"Light List Accent 1\"/>\r\n  <w:LsdException Locked=\"false\" Priority=\"62\" SemiHidden=\"false\"\r\n   UnhideWhenUsed=\"false\" Name=\"Light Grid Accent 1\"/>\r\n  <w:LsdException Locked=\"false\" Priority=\"63\" SemiHidden=\"false\"\r\n   UnhideWhenUsed=\"false\" Name=\"Medium Shading 1 Accent 1\"/>\r\n  <w:LsdException Locked=\"false\" Priority=\"64\" SemiHidden=\"false\"\r\n   UnhideWhenUsed=\"false\" Name=\"Medium Shading 2 Accent 1\"/>\r\n  <w:LsdException Locked=\"false\" Priority=\"65\" SemiHidden=\"false\"\r\n   UnhideWhenUsed=\"false\" Name=\"Medium List 1 Accent 1\"/>\r\n  <w:LsdException Locked=\"false\" UnhideWhenUsed=\"false\" Name=\"Revision\"/>\r\n  <w:LsdException Locked=\"false\" Priority=\"34\" SemiHidden=\"false\"\r\n   UnhideWhenUsed=\"false\" QFormat=\"true\" Name=\"List Paragraph\"/>\r\n  <w:LsdException Locked=\"false\" Priority=\"29\" SemiHidden=\"false\"\r\n   UnhideWhenUsed=\"false\" QFormat=\"true\" Name=\"Quote\"/>\r\n  <w:LsdException Locked=\"false\" Priority=\"30\" SemiHidden=\"false\"\r\n   UnhideWhenUsed=\"false\" QFormat=\"true\" Name=\"Intense Quote\"/>\r\n  <w:LsdException Locked=\"false\" Priority=\"66\" SemiHidden=\"false\"\r\n   UnhideWhenUsed=\"false\" Name=\"Medium List 2 Accent 1\"/>\r\n  <w:LsdException Locked=\"false\" Priority=\"67\" SemiHidden=\"false\"\r\n   UnhideWhenUsed=\"false\" Name=\"Medium Grid 1 Accent 1\"/>\r\n  <w:LsdException Locked=\"false\" Priority=\"68\" SemiHidden=\"false\"\r\n   UnhideWhenUsed=\"false\" Name=\"Medium Grid 2 Accent 1\"/>\r\n  <w:LsdException Locked=\"false\" Priority=\"69\" SemiHidden=\"false\"\r\n   UnhideWhenUsed=\"false\" Name=\"Medium Grid 3 Accent 1\"/>\r\n  <w:LsdException Locked=\"false\" Priority=\"70\" SemiHidden=\"false\"\r\n   UnhideWhenUsed=\"false\" Name=\"Dark List Accent 1\"/>\r\n  <w:LsdException Locked=\"false\" Priority=\"71\" SemiHidden=\"false\"\r\n   UnhideWhenUsed=\"false\" Name=\"Colorful Shading Accent 1\"/>\r\n  <w:LsdException Locked=\"false\" Priority=\"72\" SemiHidden=\"false\"\r\n   UnhideWhenUsed=\"false\" Name=\"Colorful List Accent 1\"/>\r\n  <w:LsdException Locked=\"false\" Priority=\"73\" SemiHidden=\"false\"\r\n   UnhideWhenUsed=\"false\" Name=\"Colorful Grid Accent 1\"/>\r\n  <w:LsdException Locked=\"false\" Priority=\"60\" SemiHidden=\"false\"\r\n   UnhideWhenUsed=\"false\" Name=\"Light Shading Accent 2\"/>\r\n  <w:LsdException Locked=\"false\" Priority=\"61\" SemiHidden=\"false\"\r\n   UnhideWhenUsed=\"false\" Name=\"Light List Accent 2\"/>\r\n  <w:LsdException Locked=\"false\" Priority=\"62\" SemiHidden=\"false\"\r\n   UnhideWhenUsed=\"false\" Name=\"Light Grid Accent 2\"/>\r\n  <w:LsdException Locked=\"false\" Priority=\"63\" SemiHidden=\"false\"\r\n   UnhideWhenUsed=\"false\" Name=\"Medium Shading 1 Accent 2\"/>\r\n  <w:LsdException Locked=\"false\" Priority=\"64\" SemiHidden=\"false\"\r\n   UnhideWhenUsed=\"false\" Name=\"Medium Shading 2 Accent 2\"/>\r\n  <w:LsdException Locked=\"false\" Priority=\"65\" SemiHidden=\"false\"\r\n   UnhideWhenUsed=\"false\" Name=\"Medium List 1 Accent 2\"/>\r\n  <w:LsdException Locked=\"false\" Priority=\"66\" SemiHidden=\"false\"\r\n   UnhideWhenUsed=\"false\" Name=\"Medium List 2 Accent 2\"/>\r\n  <w:LsdException Locked=\"false\" Priority=\"67\" SemiHidden=\"false\"\r\n   UnhideWhenUsed=\"false\" Name=\"Medium Grid 1 Accent 2\"/>\r\n  <w:LsdException Locked=\"false\" Priority=\"68\" SemiHidden=\"false\"\r\n   UnhideWhenUsed=\"false\" Name=\"Medium Grid 2 Accent 2\"/>\r\n  <w:LsdException Locked=\"false\" Priority=\"69\" SemiHidden=\"false\"\r\n   UnhideWhenUsed=\"false\" Name=\"Medium Grid 3 Accent 2\"/>\r\n  <w:LsdException Locked=\"false\" Priority=\"70\" SemiHidden=\"false\"\r\n   UnhideWhenUsed=\"false\" Name=\"Dark List Accent 2\"/>\r\n  <w:LsdException Locked=\"false\" Priority=\"71\" SemiHidden=\"false\"\r\n   UnhideWhenUsed=\"false\" Name=\"Colorful Shading Accent 2\"/>\r\n  <w:LsdException Locked=\"false\" Priority=\"72\" SemiHidden=\"false\"\r\n   UnhideWhenUsed=\"false\" Name=\"Colorful List Accent 2\"/>\r\n  <w:LsdException Locked=\"false\" Priority=\"73\" SemiHidden=\"false\"\r\n   UnhideWhenUsed=\"false\" Name=\"Colorful Grid Accent 2\"/>\r\n  <w:LsdException Locked=\"false\" Priority=\"60\" SemiHidden=\"false\"\r\n   UnhideWhenUsed=\"false\" Name=\"Light Shading Accent 3\"/>\r\n  <w:LsdException Locked=\"false\" Priority=\"61\" SemiHidden=\"false\"\r\n   UnhideWhenUsed=\"false\" Name=\"Light List Accent 3\"/>\r\n  <w:LsdException Locked=\"false\" Priority=\"62\" SemiHidden=\"false\"\r\n   UnhideWhenUsed=\"false\" Name=\"Light Grid Accent 3\"/>\r\n  <w:LsdException Locked=\"false\" Priority=\"63\" SemiHidden=\"false\"\r\n   UnhideWhenUsed=\"false\" Name=\"Medium Shading 1 Accent 3\"/>\r\n  <w:LsdException Locked=\"false\" Priority=\"64\" SemiHidden=\"false\"\r\n   UnhideWhenUsed=\"false\" Name=\"Medium Shading 2 Accent 3\"/>\r\n  <w:LsdException Locked=\"false\" Priority=\"65\" SemiHidden=\"false\"\r\n   UnhideWhenUsed=\"false\" Name=\"Medium List 1 Accent 3\"/>\r\n  <w:LsdException Locked=\"false\" Priority=\"66\" SemiHidden=\"false\"\r\n   UnhideWhenUsed=\"false\" Name=\"Medium List 2 Accent 3\"/>\r\n  <w:LsdException Locked=\"false\" Priority=\"67\" SemiHidden=\"false\"\r\n   UnhideWhenUsed=\"false\" Name=\"Medium Grid 1 Accent 3\"/>\r\n  <w:LsdException Locked=\"false\" Priority=\"68\" SemiHidden=\"false\"\r\n   UnhideWhenUsed=\"false\" Name=\"Medium Grid 2 Accent 3\"/>\r\n  <w:LsdException Locked=\"false\" Priority=\"69\" SemiHidden=\"false\"\r\n   UnhideWhenUsed=\"false\" Name=\"Medium Grid 3 Accent 3\"/>\r\n  <w:LsdException Locked=\"false\" Priority=\"70\" SemiHidden=\"false\"\r\n   UnhideWhenUsed=\"false\" Name=\"Dark List Accent 3\"/>\r\n  <w:LsdException Locked=\"false\" Priority=\"71\" SemiHidden=\"false\"\r\n   UnhideWhenUsed=\"false\" Name=\"Colorful Shading Accent 3\"/>\r\n  <w:LsdException Locked=\"false\" Priority=\"72\" SemiHidden=\"false\"\r\n   UnhideWhenUsed=\"false\" Name=\"Colorful List Accent 3\"/>\r\n  <w:LsdException Locked=\"false\" Priority=\"73\" SemiHidden=\"false\"\r\n   UnhideWhenUsed=\"false\" Name=\"Colorful Grid Accent 3\"/>\r\n  <w:LsdException Locked=\"false\" Priority=\"60\" SemiHidden=\"false\"\r\n   UnhideWhenUsed=\"false\" Name=\"Light Shading Accent 4\"/>\r\n  <w:LsdException Locked=\"false\" Priority=\"61\" SemiHidden=\"false\"\r\n   UnhideWhenUsed=\"false\" Name=\"Light List Accent 4\"/>\r\n  <w:LsdException Locked=\"false\" Priority=\"62\" SemiHidden=\"false\"\r\n   UnhideWhenUsed=\"false\" Name=\"Light Grid Accent 4\"/>\r\n  <w:LsdException Locked=\"false\" Priority=\"63\" SemiHidden=\"false\"\r\n   UnhideWhenUsed=\"false\" Name=\"Medium Shading 1 Accent 4\"/>\r\n  <w:LsdException Locked=\"false\" Priority=\"64\" SemiHidden=\"false\"\r\n   UnhideWhenUsed=\"false\" Name=\"Medium Shading 2 Accent 4\"/>\r\n  <w:LsdException Locked=\"false\" Priority=\"65\" SemiHidden=\"false\"\r\n   UnhideWhenUsed=\"false\" Name=\"Medium List 1 Accent 4\"/>\r\n  <w:LsdException Locked=\"false\" Priority=\"66\" SemiHidden=\"false\"\r\n   UnhideWhenUsed=\"false\" Name=\"Medium List 2 Accent 4\"/>\r\n  <w:LsdException Locked=\"false\" Priority=\"67\" SemiHidden=\"false\"\r\n   UnhideWhenUsed=\"false\" Name=\"Medium Grid 1 Accent 4\"/>\r\n  <w:LsdException Locked=\"false\" Priority=\"68\" SemiHidden=\"false\"\r\n   UnhideWhenUsed=\"false\" Name=\"Medium Grid 2 Accent 4\"/>\r\n  <w:LsdException Locked=\"false\" Priority=\"69\" SemiHidden=\"false\"\r\n   UnhideWhenUsed=\"false\" Name=\"Medium Grid 3 Accent 4\"/>\r\n  <w:LsdException Locked=\"false\" Priority=\"70\" SemiHidden=\"false\"\r\n   UnhideWhenUsed=\"false\" Name=\"Dark List Accent 4\"/>\r\n  <w:LsdException Locked=\"false\" Priority=\"71\" SemiHidden=\"false\"\r\n   UnhideWhenUsed=\"false\" Name=\"Colorful Shading Accent 4\"/>\r\n  <w:LsdException Locked=\"false\" Priority=\"72\" SemiHidden=\"false\"\r\n   UnhideWhenUsed=\"false\" Name=\"Colorful List Accent 4\"/>\r\n  <w:LsdException Locked=\"false\" Priority=\"73\" SemiHidden=\"false\"\r\n   UnhideWhenUsed=\"false\" Name=\"Colorful Grid Accent 4\"/>\r\n  <w:LsdException Locked=\"false\" Priority=\"60\" SemiHidden=\"false\"\r\n   UnhideWhenUsed=\"false\" Name=\"Light Shading Accent 5\"/>\r\n  <w:LsdException Locked=\"false\" Priority=\"61\" SemiHidden=\"false\"\r\n   UnhideWhenUsed=\"false\" Name=\"Light List Accent 5\"/>\r\n  <w:LsdException Locked=\"false\" Priority=\"62\" SemiHidden=\"false\"\r\n   UnhideWhenUsed=\"false\" Name=\"Light Grid Accent 5\"/>\r\n  <w:LsdException Locked=\"false\" Priority=\"63\" SemiHidden=\"false\"\r\n   UnhideWhenUsed=\"false\" Name=\"Medium Shading 1 Accent 5\"/>\r\n  <w:LsdException Locked=\"false\" Priority=\"64\" SemiHidden=\"false\"\r\n   UnhideWhenUsed=\"false\" Name=\"Medium Shading 2 Accent 5\"/>\r\n  <w:LsdException Locked=\"false\" Priority=\"65\" SemiHidden=\"false\"\r\n   UnhideWhenUsed=\"false\" Name=\"Medium List 1 Accent 5\"/>\r\n  <w:LsdException Locked=\"false\" Priority=\"66\" SemiHidden=\"false\"\r\n   UnhideWhenUsed=\"false\" Name=\"Medium List 2 Accent 5\"/>\r\n  <w:LsdException Locked=\"false\" Priority=\"67\" SemiHidden=\"false\"\r\n   UnhideWhenUsed=\"false\" Name=\"Medium Grid 1 Accent 5\"/>\r\n  <w:LsdException Locked=\"false\" Priority=\"68\" SemiHidden=\"false\"\r\n   UnhideWhenUsed=\"false\" Name=\"Medium Grid 2 Accent 5\"/>\r\n  <w:LsdException Locked=\"false\" Priority=\"69\" SemiHidden=\"false\"\r\n   UnhideWhenUsed=\"false\" Name=\"Medium Grid 3 Accent 5\"/>\r\n  <w:LsdException Locked=\"false\" Priority=\"70\" SemiHidden=\"false\"\r\n   UnhideWhenUsed=\"false\" Name=\"Dark List Accent 5\"/>\r\n  <w:LsdException Locked=\"false\" Priority=\"71\" SemiHidden=\"false\"\r\n   UnhideWhenUsed=\"false\" Name=\"Colorful Shading Accent 5\"/>\r\n  <w:LsdException Locked=\"false\" Priority=\"72\" SemiHidden=\"false\"\r\n   UnhideWhenUsed=\"false\" Name=\"Colorful List Accent 5\"/>\r\n  <w:LsdException Locked=\"false\" Priority=\"73\" SemiHidden=\"false\"\r\n   UnhideWhenUsed=\"false\" Name=\"Colorful Grid Accent 5\"/>\r\n  <w:LsdException Locked=\"false\" Priority=\"60\" SemiHidden=\"false\"\r\n   UnhideWhenUsed=\"false\" Name=\"Light Shading Accent 6\"/>\r\n  <w:LsdException Locked=\"false\" Priority=\"61\" SemiHidden=\"false\"\r\n   UnhideWhenUsed=\"false\" Name=\"Light List Accent 6\"/>\r\n  <w:LsdException Locked=\"false\" Priority=\"62\" SemiHidden=\"false\"\r\n   UnhideWhenUsed=\"false\" Name=\"Light Grid Accent 6\"/>\r\n  <w:LsdException Locked=\"false\" Priority=\"63\" SemiHidden=\"false\"\r\n   UnhideWhenUsed=\"false\" Name=\"Medium Shading 1 Accent 6\"/>\r\n  <w:LsdException Locked=\"false\" Priority=\"64\" SemiHidden=\"false\"\r\n   UnhideWhenUsed=\"false\" Name=\"Medium Shading 2 Accent 6\"/>\r\n  <w:LsdException Locked=\"false\" Priority=\"65\" SemiHidden=\"false\"\r\n   UnhideWhenUsed=\"false\" Name=\"Medium List 1 Accent 6\"/>\r\n  <w:LsdException Locked=\"false\" Priority=\"66\" SemiHidden=\"false\"\r\n   UnhideWhenUsed=\"false\" Name=\"Medium List 2 Accent 6\"/>\r\n  <w:LsdException Locked=\"false\" Priority=\"67\" SemiHidden=\"false\"\r\n   UnhideWhenUsed=\"false\" Name=\"Medium Grid 1 Accent 6\"/>\r\n  <w:LsdException Locked=\"false\" Priority=\"68\" SemiHidden=\"false\"\r\n   UnhideWhenUsed=\"false\" Name=\"Medium Grid 2 Accent 6\"/>\r\n  <w:LsdException Locked=\"false\" Priority=\"69\" SemiHidden=\"false\"\r\n   UnhideWhenUsed=\"false\" Name=\"Medium Grid 3 Accent 6\"/>\r\n  <w:LsdException Locked=\"false\" Priority=\"70\" SemiHidden=\"false\"\r\n   UnhideWhenUsed=\"false\" Name=\"Dark List Accent 6\"/>\r\n  <w:LsdException Locked=\"false\" Priority=\"71\" SemiHidden=\"false\"\r\n   UnhideWhenUsed=\"false\" Name=\"Colorful Shading Accent 6\"/>\r\n  <w:LsdException Locked=\"false\" Priority=\"72\" SemiHidden=\"false\"\r\n   UnhideWhenUsed=\"false\" Name=\"Colorful List Accent 6\"/>\r\n  <w:LsdException Locked=\"false\" Priority=\"73\" SemiHidden=\"false\"\r\n   UnhideWhenUsed=\"false\" Name=\"Colorful Grid Accent 6\"/>\r\n  <w:LsdException Locked=\"false\" Priority=\"19\" SemiHidden=\"false\"\r\n   UnhideWhenUsed=\"false\" QFormat=\"true\" Name=\"Subtle Emphasis\"/>\r\n  <w:LsdException Locked=\"false\" Priority=\"21\" SemiHidden=\"false\"\r\n   UnhideWhenUsed=\"false\" QFormat=\"true\" Name=\"Intense Emphasis\"/>\r\n  <w:LsdException Locked=\"false\" Priority=\"31\" SemiHidden=\"false\"\r\n   UnhideWhenUsed=\"false\" QFormat=\"true\" Name=\"Subtle Reference\"/>\r\n  <w:LsdException Locked=\"false\" Priority=\"32\" SemiHidden=\"false\"\r\n   UnhideWhenUsed=\"false\" QFormat=\"true\" Name=\"Intense Reference\"/>\r\n  <w:LsdException Locked=\"false\" Priority=\"33\" SemiHidden=\"false\"\r\n   UnhideWhenUsed=\"false\" QFormat=\"true\" Name=\"Book Title\"/>\r\n  <w:LsdException Locked=\"false\" Priority=\"37\" Name=\"Bibliography\"/>\r\n  <w:LsdException Locked=\"false\" Priority=\"39\" QFormat=\"true\" Name=\"TOC Heading\"/>\r\n </w:LatentStyles>\r\n</xml><![endif]--><!--[if gte mso 10]>\r\n<style>\r\n /* Style Definitions */\r\n table.MsoNormalTable\r\n	{mso-style-name:\"Table Normal\";\r\n	mso-tstyle-rowband-size:0;\r\n	mso-tstyle-colband-size:0;\r\n	mso-style-noshow:yes;\r\n	mso-style-priority:99;\r\n	mso-style-qformat:yes;\r\n	mso-style-parent:\"\";\r\n	mso-padding-alt:0in 5.4pt 0in 5.4pt;\r\n	mso-para-margin:0in;\r\n	mso-para-margin-bottom:.0001pt;\r\n	mso-pagination:widow-orphan;\r\n	font-size:10.0pt;\r\n	font-family:\"Calibri\",\"sans-serif\";}\r\n</style>\r\n<![endif]-->\r\n\r\n</p><p class=\"MsoNormal\"><span style=\"color: rgb(8, 82, 148);\"><b><span lang=\"EN-US\">SPECIALIZED SERVICES</span></b></span></p>\r\n\r\n<p class=\"MsoNormal\"><span lang=\"EN-US\">Many utilities and Industries, owing to\r\ntheir preoccupation, continue to run their plant and equipment with deficiency\r\nin operation, frequent failures, varied operating procedures which resulted in\r\noperational losses, decreased profit, stress to the management as well the\r\noperators. Such type of operational issues, failures and difficulty in\r\nsustained operation of the equipment call for specialized experts’ study on the\r\nplant. Vast experienced experts available with us can study the issues and\r\nsuggest improvements to avoid operational losses on frequent failures, tripping\r\nof equipment and so on.</span></p>\r\n\r\n', '', 1566411914, 2, -1),
(7, 10, 0, '', '', '<p>Troubleshooting Services are done by our expert Team of Engineers in SPEL.Troubleshooting Services are done by our expert Team of Engineers in SPEL. Troubleshooting Services are done by our expert Team of Engineers in SPEL. Troubleshooting Services are done by our expert Team of Engineers in SPEL. Troubleshooting Services are done by our expert Team of Engineers in SPEL.</p>', '', 1570040173, 2, -1);

-- --------------------------------------------------------

--
-- Table structure for table `service_capabilities`
--

CREATE TABLE `service_capabilities` (
  `scp_id` int(11) NOT NULL,
  `srcat_id` int(11) NOT NULL,
  `srsbcat_id` int(11) NOT NULL,
  `pjt_cnt` int(11) NOT NULL,
  `plant_capacity` varchar(50) NOT NULL,
  `boil_capacity` varchar(100) NOT NULL,
  `boil_typ` varchar(100) NOT NULL,
  `boil_mnf` varchar(100) NOT NULL,
  `turbine_mnf` varchar(100) NOT NULL,
  `status` int(11) NOT NULL,
  `crt_by` int(11) NOT NULL,
  `crt_stm` int(11) NOT NULL
) ENGINE=InnoDB DEFAULT CHARSET=latin1;

--
-- Dumping data for table `service_capabilities`
--

INSERT INTO `service_capabilities` (`scp_id`, `srcat_id`, `srsbcat_id`, `pjt_cnt`, `plant_capacity`, `boil_capacity`, `boil_typ`, `boil_mnf`, `turbine_mnf`, `status`, `crt_by`, `crt_stm`) VALUES
(1, 1, 0, 17, '10 MW', '110 TPH', 'Coal Fired', 'Cethar', 'Cethar', -1, 2, 1565591462),
(2, 1, 0, 17, '3 MW to 60 MW', '11 TPH - 230 TPH', ' AFBC / CFBC / Oil & Gas fired / Travelling Grate / WHRB', ' Cethar / IJT/ Thermax / Thermodyne / Veesons / Zheng Zhou Boiler(Chinese)', ' Siemens / Triveni / BHEL / Qingdao Jieneg Steam Turbine Co. Ltd / Shin ', -1, 2, 1565860966),
(3, 5, 0, 30, '1.25 MW to 350 MW', '5 TPH to 1160 TPH', 'AFBC / CFBC / Oil & Gas fired / Pulverised Coal Fired / Travelling Grate / WHRB', 'Cethar / IJT / Thermax / Thermodyne / Veesons / Zheng Zhou Boiler(China) / KCP Limited / Jianghi Jia', 'Siemens / Triveni / BHEL / HTC(China) / Qingdao Jieneg Steam Turbine Co. Ltd', -1, 2, 1566384279),
(4, 4, 0, 23, '3 MW to 60 MW', '18 TPH to 230 TPH', 'AFBC / CFBC / Travelling Grate / WHRB', 'Cethar / IJT / Thermax / Thermodyne / Veesons / Wuxi(China) ', 'Siemens / Triveni / BHEL / Shin Nippon', -1, 2, 1566384427),
(5, 3, 0, 11, '2.1 MW - 350 MW', '25 TPH - 1180 TPH', ' AFBC / CFBC / Pulverised Coal Fired / Travelling Grate / Stroker fire / WHRB', ' -', ' -', -1, 2, 1566384606),
(6, 6, 0, 9, '3 MW - 65 MW', '15 TPH – 240 TPH', ' AFBC / CFBC / Travelling Grate / WHRB\r\n', ' Not Available', ' Not Available', -1, 2, 1566384814),
(7, 2, 0, 30, '1.25 MW – 350 MW', '5 TPH – 1160 TPH', 'AFBC / CFBC / Oil & Gas fired / Pulverised Coal Fired / Travelling Grate / WHRB', 'Cethar / IJT / Thermax / Thermodyne / Veesons / Zheng Zhou Boiler(China) / KCP Limited / Jianghi Jia', 'Siemens / Triveni / BHEL / HTC(China) / Qingdao Jieneg Steam Turbine Co. Ltd', -1, 2, 1566497878),
(8, 1, 0, 23, '3 MW – 60 MW', '11 TPH – 230 TPH', 'AFBC / CFBC / Oil & Gas fired / Travelling Grate / WHRB', 'Cethar / IJT/ Thermax / Thermodyne / Veesons / Zheng Zhou Boiler(Chinese)', 'Siemens / Triveni / BHEL / Qingdao Jieneg Steam Turbine Co. Ltd / Shin Nippon', -1, 2, 1571311889),
(9, 4, 0, 24, '3 MW – 60 MW', '18 TPH – 230 TPH', 'AFBC / CFBC / Travelling Grate / WHRB', 'Cethar / IJT / Thermax / Thermodyne / Veesons / Wuxi(China)', 'Siemens / Triveni / BHEL / Shin Nippon', -1, 2, 1571312189),
(10, 4, 0, 24, '3 MW – 60 MW', '18 TPH – 230 TPH', 'AFBC / CFBC / Travelling Grate / WHRB', 'Cethar / IJT / Thermax / Thermodyne / Veesons / Wuxi(China)', 'Siemens / Triveni / BHEL / Shin Nippon', -1, 2, 1571312750),
(11, 6, 2, 11, '1.25 MW – 350 MW1', '93 TPH1', '   FDGFH1', '   FGHGFHFG1', '   FGHFGHGFH1', -1, 2, 1573571799),
(12, 1, 0, 24, '3 MW – 60 MW', '11 TPH – 240 TPH', 'AFBC / CFBC / Oil & Gas fired / Travelling Grate / WHRB', 'Cethar / IJT/ Thermax / Thermodyne / Veesons / Zheng Zhou (Chinese)', 'Siemens / Triveni / BHEL / Qingdao Jieneg Steam Turbine Co. Ltd / Shin Nippon', 1, 2, 1584764586),
(13, 2, 0, 37, '1.25 MW – 350 MW', '5 TPH – 1160 TPH', 'AFBC / CFBC / Oil & Gas fired / Pulverised Coal Fired / Travelling Grate / WHRB', 'Cethar / IJT / Thermax / Thermodyne / Veesons / Zheng Zhou Boiler(China) / KCP Limited / Jianghi Jia', 'Siemens / Triveni / BHEL / HTC(China) / Qingdao Jieneg Steam Turbine Co. Ltd', 1, 2, 1589435565),
(14, 4, 0, 24, '3 MW – 60 MW', '18 TPH – 230 TPH', 'AFBC / CFBC / Travelling Grate / WHRB', 'Cethar / IJT / Thermax / Thermodyne / Veesons / Wuxi (China)', 'Siemens / Triveni / BHEL / Shin Nippon', -1, 2, 1589435808),
(15, 4, 0, 24, '3 MW – 60 MW', '18 TPH – 230 TPH', 'AFBC / CFBC / Travelling Grate / WHRB', 'Cethar / IJT / Thermax / Thermodyne / Veesons / Wuxi (China)', 'Siemens / Triveni / BHEL / Shin Nippon', 1, 2, 1589435931);

-- --------------------------------------------------------

--
-- Table structure for table `service_categories`
--

CREATE TABLE `service_categories` (
  `srcat_id` int(11) NOT NULL,
  `name` varchar(50) NOT NULL,
  `descr` varchar(150) NOT NULL,
  `icon_img` text NOT NULL,
  `srv_order` int(11) NOT NULL,
  `upd_dt` text NOT NULL,
  `upd_by` int(11) NOT NULL,
  `status` int(11) NOT NULL
) ENGINE=InnoDB DEFAULT CHARSET=latin1;

--
-- Dumping data for table `service_categories`
--

INSERT INTO `service_categories` (`srcat_id`, `name`, `descr`, `icon_img`, `srv_order`, `upd_dt`, `upd_by`, `status`) VALUES
(1, 'O & M Services', 'Expertise, Knowledgeable & Experience Men Power', 'O &-1_5s1.jpg', 1, '2019/08/21', 2, 0),
(2, 'Pre Commissioning & Commissioning Services', 'System completion Inspection, Preparation of Equipment for Pre Commissioning & Commissioning.', 'PRE-2_hand shake.jpg', 2, '2019/08/21', 2, 0),
(3, 'PERFORMANCE TEST', 'PURELY TO PROVE THE GUARANTEE OF THE CONTRACT', 'PER-3_perfomancetest.png', 0, '2019/08/21', 2, -1),
(4, 'Performance Test and Energy Audit', 'Performance assessment, Short fall identification and Remedial solution.', 'PER-4_Energy Saving Logo Euro.jpg', 3, '2019/08/21', 2, 0),
(5, 'DISMANTLING AND ERRECTION SERVICES', 'TO IMPROVE THE INSTALLED CAPACITY OF THE PLANT', 'DIS-5_dismantle.png', 0, '2019/08/21', 2, -1),
(6, 'PERFORMANCE RELATED TROUBLE SHOOTING', 'DIAGNOSE OF PROBLEMS, RECOMMENDATION, IMPLEMENTATION, EVALUATION, SYSTEM READINESS.', 'SPE-6_Specialised Services ICON.png', 4, '2019/08/21', 2, -1),
(7, 'PRE COMMISSIONING & COMMISSIONING - OEM', 'UNDEFINED', 'PRE-7._.pre-comission.png', 0, '2019/08/23', 2, -1),
(8, 'AMC SERVICES ', '', '', 0, '2019/09/22', 2, -1),
(9, 'AMC SERVICES ', 'Annual Maintenance Services', 'AMC-9_Products_-_Beam_Work,_Eversenda1i.jpg', 0, '2019/09/23', 2, -1),
(10, 'TROUBLESHOOTING SERVICES', 'Troubleshooting Services are done by our expert Engineering Team', 'Tro-10_Icon_for_Specialised_Services1.jpg', 0, '2019/10/02', 2, -1),
(11, 'BOILER START-UP SERVICES', 'PREPARATION FOR START-UP, BOILER START-UP, AUTO CONTROLS, TRAINING AND HANDING OVER.', 'WAT-11_IMG_2245.JPG', 0, '2019/12/28', 2, -1),
(12, 'ERECTION SUPERVISION', 'INSPECTION OF SUPPLY CHAIN, DOCUMENTATION VERIFICATION, ERECTION PROCEDURE EVALUATION, ERECTION SUPERVISION, SYSTEM COMPLETION.', 'STA-12_IMAG0574.jpg', 0, '2019/12/28', 2, -1),
(13, 'Specialized Services', '', 'SPE-13_6.jpg', 0, '2020/08/24', 2, 0),
(14, 'BOILER START-UP SERVICES', 'PREPARATION FOR START-UP, BOILER START-UP, AUTO CONTROLS, TRAINING AND HANDING OVER.', 'BOI-14_Dummy.jpg', 0, '2020/08/24', 2, -1),
(15, 'ERECTION SUPERVISION', 'INSPECTION OF SUPPLY CHAIN, DOCUMENTATION VERIFICATION, ERECTION PROCEDURE EVALUATION, ERECTION SUPERVISION, SYSTEM COMPLETION.', 'ERE-15_Dummy.jpg', 0, '2020/08/24', 2, -1),
(16, 'BOILER EFFICIENCY ', 'aaa', 'boi-16_IMG-20200828-WA0002.jpg', 0, '2020/09/05', 2, -1),
(17, 'PERFORMANCE RELATED TROUBLE SHOOTING', 'Diagnose of problems, Recommendation, Implementation, Evaluation, System readiness', 'PER-17_Dummy.jpg', 0, '2020/09/07', 2, -1);

-- --------------------------------------------------------

--
-- Table structure for table `service_subcategories`
--

CREATE TABLE `service_subcategories` (
  `srsbcat_id` int(11) NOT NULL,
  `srcat_id` int(11) NOT NULL,
  `name` varchar(150) NOT NULL,
  `icon_img` text NOT NULL,
  `srv_order` int(11) NOT NULL,
  `upd_dt` text NOT NULL,
  `upd_by` int(11) NOT NULL,
  `status` int(11) NOT NULL
) ENGINE=InnoDB DEFAULT CHARSET=latin1;

--
-- Dumping data for table `service_subcategories`
--

INSERT INTO `service_subcategories` (`srsbcat_id`, `srcat_id`, `name`, `icon_img`, `srv_order`, `upd_dt`, `upd_by`, `status`) VALUES
(1, 6, 'ERECTION SUPERVISION', '', 3, '2019/11/10', 0, -1),
(2, 6, 'BOILER START-UP SERVICES', '', 2, '2019/11/10', 0, -1),
(3, 6, 'PERFORMANCE RELATED TROUBLE SHOOTING', '', 1, '2019/11/10', 0, -1),
(4, 6, 'TECHNICAL MAN POWER DEPUTATION SERVICES', '', 0, '2019/11/10', 0, -1),
(5, 6, 'PLANT OVERHAULING SERVICES', '', 0, '2019/11/10', 0, -1),
(6, 13, 'PERFORMANCE RELATED TROUBLE SHOOTING', '', 1, '2020/09/05', 0, -1),
(7, 13, 'BOILER START-UP SERVICES', '', 1, '2020/09/05', 0, -1),
(8, 13, 'ERECTION SUPERVISION', '', 0, '2020/09/07', 0, -1),
(9, 13, 'agile11', '', 0, '2020/09/12', 0, -1),
(10, 13, 'Performance Related Trouble Shooting', '', 0, '2020/09/12', 0, 0),
(11, 13, 'Boiler Start-Up Services', '', 0, '2020/09/12', 0, 0),
(12, 13, 'Erection Supervision', '', 0, '2020/09/12', 0, 0);

-- --------------------------------------------------------

--
-- Table structure for table `service_types`
--

CREATE TABLE `service_types` (
  `styp_id` int(11) NOT NULL,
  `srcat_id` int(11) NOT NULL,
  `name` varchar(50) NOT NULL,
  `descr` varchar(200) NOT NULL,
  `upd_dt` text NOT NULL,
  `upd_by` int(11) NOT NULL,
  `status` int(11) NOT NULL
) ENGINE=InnoDB DEFAULT CHARSET=latin1;

--
-- Dumping data for table `service_types`
--

INSERT INTO `service_types` (`styp_id`, `srcat_id`, `name`, `descr`, `upd_dt`, `upd_by`, `status`) VALUES
(1, 1, 'COMPREHENSIVE O&M', '', '2019/07/21', 0, 0),
(2, 4, 'PAYBACK PERIOD PROJECTION', '', '2019/08/06', 0, 0),
(3, 4, 'BOILER EFFICIENCY', '', '2019/08/06', 0, 0),
(4, 1, 'ADD ON SERVICES', '', '2019/08/06', 0, 0),
(5, 3, 'PERIODICAL AMC', '', '2019/08/06', 0, 0),
(6, 1, 'INVENTORY MANAGEMENT', '', '2019/08/14', 0, 0),
(7, 1, 'SAFETY AUDIT', '', '2019/08/14', 0, 0),
(8, 5, 'BOILER COMMISSIONING SERVICES', '', '2019/08/14', 0, 0),
(9, 5, 'POWER PLANT COMMISSIONING SERVICES', '', '2019/08/14', 0, 0),
(10, 5, 'PRE-COMMISSIONING CHECKS', '', '2019/08/14', 0, 0),
(11, 5, 'RELIABILITY RUN TEST', '', '2019/08/14', 0, 0),
(12, 10, 'TROUBLESHOOTING DURING LIFE CYCLE PERIOD', '', '2019/08/14', 0, 0),
(13, 10, 'AUXILLARY POWER CONSUMPTION OPTIMIZATION', '', '2019/08/14', 0, 0),
(14, 4, 'ENERGY AUDIT TO IDENTIFY IMPROVMENTS', '', '2019/08/14', 0, 0),
(15, 4, 'PERFORMANCE COMPARISON STUDY AFTER RETROFIT', '', '2019/08/14', 0, 0),
(16, 3, 'BOILER AMC SERVICES', '', '2019/08/14', 0, 0),
(17, 7, 'THERMAL POWER PLANT PROJECT PREPARATION', '', '2019/08/14', 0, 0),
(18, 8, 'THERMAL POWER PLANT RETROFITTING', '', '2019/08/14', 0, 0),
(19, 9, 'BOILER AND ITS AUXILLARIES OVERHAULING', '', '2019/08/14', 0, 0),
(20, 9, 'OVERHAULING OF WTP', '', '2019/08/14', 0, 0);

-- --------------------------------------------------------

--
-- Table structure for table `service_updates`
--

CREATE TABLE `service_updates` (
  `id` int(11) NOT NULL,
  `srv_id` int(11) NOT NULL,
  `status` int(11) NOT NULL,
  `crt_by` int(11) NOT NULL,
  `crt_stm` int(11) NOT NULL
) ENGINE=InnoDB DEFAULT CHARSET=latin1;

--
-- Dumping data for table `service_updates`
--

INSERT INTO `service_updates` (`id`, `srv_id`, `status`, `crt_by`, `crt_stm`) VALUES
(1, 1, 0, 2, 1565032499),
(2, 1, 1, 2, 1565032544),
(3, 1, 0, 2, 1565032594),
(4, 1, 1, 2, 1565032619),
(5, 1, 0, 2, 1565032658),
(6, 2, 0, 2, 1565061971),
(7, 3, 0, 2, 1565102204),
(8, 2, 1, 2, 1565754652),
(9, 2, 0, 2, 1565754808),
(10, 1, 1, 2, 1565754864),
(11, 1, 0, 2, 1565755030),
(12, 4, 0, 2, 1565803304),
(13, 4, 1, 2, 1565803351),
(14, 4, 0, 2, 1565803472),
(15, 4, 0, 2, 1565803842),
(16, 4, 0, 2, 1565804204),
(17, 5, 0, 2, 1566206380),
(18, 1, 0, 2, 1566411209),
(19, 2, 0, 2, 1566411420),
(20, 3, 0, 2, 1566411497),
(21, 4, 0, 2, 1566411551),
(22, 5, 0, 2, 1566411821),
(23, 6, 0, 2, 1566411914),
(24, 5, 1, 2, 1566411945),
(25, 5, 0, 2, 1566411976),
(26, 1, 1, 2, 1566412009),
(27, 1, 0, 2, 1566412055),
(28, 6, 1, 2, 1566668361),
(29, 5, 1, 2, 1566668368),
(30, 4, 1, 2, 1566668375),
(31, 3, 1, 2, 1566668383),
(32, 2, 1, 2, 1566668391),
(33, 1, 1, 2, 1566668407),
(34, 6, 0, 2, 1566668645),
(35, 5, 0, 2, 1566671747),
(36, 4, 0, 2, 1566671994),
(37, 3, 0, 2, 1566672084),
(38, 2, 0, 2, 1566672249),
(39, 1, 0, 2, 1566672381),
(40, 6, 1, 2, 1566821840),
(41, 6, 0, 2, 1566821890),
(42, 6, 1, 2, 1566821927),
(43, 3, 0, 2, 1567185462),
(44, 7, 0, 2, 1570040173),
(45, 7, 1, 2, 1570040191),
(46, 1, 1, 2, 1570975382),
(47, 1, -1, 2, 1570977633),
(48, 2, 1, 2, 1570977718),
(49, 4, 1, 2, 1570977729),
(50, 5, 1, 2, 1570977736),
(51, 3, 1, 2, 1570977745),
(52, 7, -1, 2, 1570977790),
(53, 6, -1, 2, 1570977800),
(54, 5, -1, 2, 1570977806),
(55, 4, -1, 2, 1570977811),
(56, 3, -1, 2, 1570977816),
(57, 2, -1, 2, 1570977821),
(58, 1, 0, 2, 1571077718),
(59, 1, 1, 2, 1571077808),
(60, 2, 0, 2, 1571078946),
(61, 2, 1, 2, 1571078974),
(62, 3, 0, 2, 1571079332),
(63, 3, 1, 2, 1571079386),
(64, 4, 0, 2, 1571080577),
(65, 4, 1, 2, 1571080606),
(66, 5, 0, 2, 1571080754),
(67, 6, 0, 2, 1571080800),
(68, 5, 1, 2, 1571080851),
(69, 6, 1, 2, 1571080857),
(70, 7, 0, 2, 1573383442),
(71, 6, 0, 2, 1573385153),
(72, 6, 0, 2, 1573385831),
(73, 6, 1, 2, 1575519593),
(74, 5, -1, 2, 1575969856),
(75, 3, -1, 2, 1575969882),
(76, 7, 0, 2, 1578675298),
(77, 7, 1, 2, 1578675441),
(78, 7, -1, 2, 1578675520),
(79, 8, 0, 2, 1584361448),
(80, 8, 1, 2, 1584361557),
(81, 8, -1, 2, 1584361993),
(82, 9, 0, 2, 1584362547),
(83, 9, 1, 2, 1584362607),
(84, 10, 0, 2, 1584363164),
(85, 10, 1, 2, 1584363174),
(86, 10, -1, 2, 1584425569),
(87, 9, -1, 2, 1584425575),
(88, 11, 0, 2, 1584425639),
(89, 11, 1, 2, 1584425670),
(90, 12, 0, 2, 1584425779),
(91, 12, 1, 2, 1584425795),
(92, 12, 0, 2, 1584425870),
(93, 12, -1, 2, 1584425887),
(94, 13, 0, 2, 1584425959),
(95, 13, 1, 2, 1584425978),
(96, 11, -1, 2, 1584426006),
(97, 1, -1, 2, 1584426023),
(98, 14, 0, 2, 1584426586),
(99, 14, 1, 2, 1584426612),
(100, 2, -1, 2, 1584426661),
(101, 15, 0, 2, 1584426997),
(102, 15, 1, 2, 1584427008),
(103, 16, 0, 2, 1584427083),
(104, 16, 1, 2, 1584427094),
(105, 15, -1, 2, 1584427103),
(106, 4, -1, 2, 1584427140),
(107, 14, -1, 2, 1597832107),
(108, 16, -1, 2, 1597832112),
(109, 13, -1, 2, 1597832117),
(110, 6, -1, 2, 1597832121),
(111, 17, 0, 2, 1598245345),
(112, 17, 1, 2, 1598245360),
(113, 18, 0, 2, 1598979781),
(114, 18, 1, 2, 1598979871),
(115, 19, 0, 2, 1598980221),
(116, 19, 1, 2, 1598980266),
(117, 17, -1, 2, 1599301581),
(118, 19, -1, 2, 1599301585),
(119, 18, -1, 2, 1599301590),
(120, 20, 0, 2, 1599301907),
(121, 20, 1, 2, 1599301918),
(122, 21, 0, 2, 1599305697),
(123, 22, 0, 2, 1599305706),
(124, 23, 0, 2, 1599305713),
(125, 20, -1, 2, 1599305725),
(126, 21, 1, 2, 1599305731),
(127, 22, 1, 2, 1599305735),
(128, 23, 1, 2, 1599305739),
(129, 24, 0, 2, 1599305748),
(130, 24, 1, 2, 1599305757),
(131, 25, 0, 2, 1599310527),
(132, 26, 0, 2, 1599310555),
(133, 25, 1, 2, 1599310574),
(134, 26, 1, 2, 1599310578),
(135, 25, -1, 2, 1599311327),
(136, 27, 0, 2, 1599311400),
(137, 27, 1, 2, 1599311417),
(138, 27, -1, 2, 1599462625),
(139, 26, -1, 2, 1599462632),
(140, 28, 0, 2, 1599741136),
(141, 28, 1, 2, 1599741169),
(142, 29, 0, 2, 1599741236),
(143, 29, 1, 2, 1599741245),
(144, 28, -1, 2, 1599741273),
(145, 23, -1, 2, 1599741283),
(146, 30, 0, 2, 1599820850),
(147, 29, -1, 2, 1599820859),
(148, 30, 1, 2, 1599820864),
(149, 31, 0, 2, 1599821055),
(150, 31, 1, 2, 1599821067),
(151, 30, -1, 2, 1599821074),
(152, 32, 0, 2, 1599821284),
(153, 31, -1, 2, 1599821301),
(154, 32, 1, 2, 1599821306),
(155, 33, 0, 2, 1599888925),
(156, 33, 1, 2, 1599888940),
(157, 22, -1, 2, 1599888969),
(158, 34, 0, 2, 1599889544),
(159, 21, -1, 2, 1599889565),
(160, 34, 1, 2, 1599889571),
(161, 35, 0, 2, 1599889675),
(162, 35, 1, 2, 1599889685),
(163, 32, -1, 2, 1599889696),
(164, 36, 0, 2, 1599889795),
(165, 36, 1, 2, 1599889805),
(166, 37, 0, 2, 1599889871),
(167, 37, 1, 2, 1599889879),
(168, 36, -1, 2, 1599889904),
(169, 35, -1, 2, 1599889911),
(170, 37, -1, 2, 1599889932),
(171, 38, 0, 2, 1599889960),
(172, 38, 1, 2, 1599889970);

-- --------------------------------------------------------

--
-- Table structure for table `submenu`
--

CREATE TABLE `submenu` (
  `sid` int(11) NOT NULL,
  `mid` int(11) NOT NULL,
  `rel` varchar(50) NOT NULL,
  `sb_id` int(11) NOT NULL,
  `target` text NOT NULL,
  `name` varchar(50) NOT NULL,
  `link` varchar(50) NOT NULL,
  `rel1` varchar(50) NOT NULL,
  `rel2` varchar(50) NOT NULL
) ENGINE=InnoDB DEFAULT CHARSET=latin1;

--
-- Dumping data for table `submenu`
--

INSERT INTO `submenu` (`sid`, `mid`, `rel`, `sb_id`, `target`, `name`, `link`, `rel1`, `rel2`) VALUES
(1, 2, 'menu1', 1, '', 'MASTERS', '', 'smenu1', ''),
(2, 2, 'menu1', 2, '', 'TRANSACTION', '', 'mast1', ''),
(3, 2, 'menu1', 3, '', 'REPORTS', '', 'smenu1', ''),
(4, 3, 'menu1', 1, '', 'MASTERS', '', 'mast1', ''),
(5, 3, 'menu2', 2, '', 'TRANSACTION', '', 'mast1', ''),
(6, 3, 'menu2', 3, '', 'REPORTS', '', 'smenu1', ''),
(7, 4, 'menu2', 2, '', 'TRANSACTION', '', 'mast1', ''),
(8, 4, 'menu2', 3, '', 'REPORTS', '', 'smenu1', ''),
(9, 6, 'menu1', 1, '', 'MASTERS', '', 'mast1', ''),
(10, 6, 'menu2', 2, '', 'TRANSACTION', '', 'mast1', ''),
(11, 6, 'menu2', 3, '', 'REPORTS', '', 'smenu1', ''),
(12, 8, 'menu1', 1, '', 'MASTERS', '', 'mast1', ''),
(13, 8, 'menu2', 2, '', 'TRANSACTION', '', 'mast1', ''),
(14, 8, 'menu2', 3, '', 'REPORTS', '', 'smenu1', ''),
(15, 1, 'menu1', 0, '', '', '', 'smenu1', ''),
(16, 5, 'menu1', 0, '', '', '', 'smenu1', ''),
(17, 7, 'menu1', 0, '', '', '', 'smenu1', ''),
(18, 10, 'menu1', 0, '', '', '', 'smenu1', ''),
(19, 9, 'menu1', 0, '', '', '', 'smenu1', '');

-- --------------------------------------------------------

--
-- Table structure for table `testimonials_list`
--

CREATE TABLE `testimonials_list` (
  `tstm_id` int(11) NOT NULL,
  `prsn_nme` varchar(50) NOT NULL,
  `design` varchar(50) NOT NULL,
  `cmp_nme` varchar(50) NOT NULL,
  `tstmnl` varchar(250) NOT NULL,
  `status` int(11) NOT NULL,
  `crt_by` int(11) NOT NULL,
  `crt_stm` int(11) NOT NULL
) ENGINE=MyISAM DEFAULT CHARSET=latin1;

--
-- Dumping data for table `testimonials_list`
--

INSERT INTO `testimonials_list` (`tstm_id`, `prsn_nme`, `design`, `cmp_nme`, `tstmnl`, `status`, `crt_by`, `crt_stm`) VALUES
(1, 'RAM', 'MANAGER - PRODUCTION', 'RAM ENERGY', 'We are happy about the services rendered by SPEL. We wish to continue with them for our Power Plant Maintenance for the future also.', 0, 2, 1565643564),
(2, 'SANDEEP PATEL', 'MANAGER - OPERATION', 'GARDEN SILKS', 'Extremely satisfactory services ', 0, 2, 1565799827),
(3, 'JHON WRIGHT', 'GENERAL MANAGER', 'ABC ENERGY SERVICES LIMITED', 'We are extremely happy and satisfied about the services rendered by M/s. Sri Sai Power & Equipments Private Limited, Trichy. ', 0, 2, 1576168489),
(4, 'PATABIRAMAN', 'CEO', 'GREEN ENERGY INDIA PRIVATE LIMITED (GEIPL)', 'Expertise services. Timely completion of the project. Excellent backup services.', 0, 2, 1576337462),
(5, 'RAMSHANKAR', 'MANAGER - OPERATIONS', 'G MAX POWERS', 'We are happy about the support given and we have established the installed capacity of our plant for the last six months after the maintenance given by your experts', 0, 2, 1576337753);

-- --------------------------------------------------------

--
-- Table structure for table `uom_list`
--

CREATE TABLE `uom_list` (
  `uom_id` int(11) NOT NULL,
  `name` varchar(50) NOT NULL,
  `descr` varchar(100) NOT NULL,
  `crt_by` int(11) NOT NULL,
  `crt_stm` int(11) NOT NULL,
  `status` int(11) NOT NULL
) ENGINE=InnoDB DEFAULT CHARSET=latin1;

--
-- Dumping data for table `uom_list`
--

INSERT INTO `uom_list` (`uom_id`, `name`, `descr`, `crt_by`, `crt_stm`, `status`) VALUES
(1, 'LTS', 'LITERS', 2, 1563794469, 0),
(2, 'KGS', 'KILO GRAMS', 2, 1564802836, 0),
(3, 'MT', 'METRIC TONNES', 2, 1565061338, 0),
(4, 'NOS', 'NUMBERS1', 2, 1565061937, 0),
(5, 'DOZ', 'DOZENS', 2, 1565102925, 0);

-- --------------------------------------------------------

--
-- Table structure for table `users_list`
--

CREATE TABLE `users_list` (
  `usr_id` int(11) NOT NULL,
  `status` int(11) NOT NULL,
  `rl_id` int(11) NOT NULL,
  `emp_id` int(11) NOT NULL,
  `emp_name` text CHARACTER SET latin1 COLLATE latin1_general_ci NOT NULL,
  `emp_code` text CHARACTER SET latin1 COLLATE latin1_general_ci NOT NULL,
  `cmp_id` int(11) NOT NULL,
  `brn_id` int(11) NOT NULL,
  `dpt_id` int(11) NOT NULL,
  `user_name` text CHARACTER SET latin1 COLLATE latin1_general_ci NOT NULL,
  `pass` text CHARACTER SET latin1 COLLATE latin1_general_ci NOT NULL,
  `year` year(4) NOT NULL,
  `del_on` text NOT NULL,
  `usr_state` text CHARACTER SET latin1 COLLATE latin1_general_ci NOT NULL,
  `crt_by` int(11) NOT NULL,
  `crt_stm` int(11) NOT NULL,
  `upd_by` int(11) NOT NULL,
  `upd_stm` int(11) NOT NULL,
  `del_by` int(11) NOT NULL,
  `del_stm` int(11) NOT NULL
) ENGINE=InnoDB DEFAULT CHARSET=latin1;

--
-- Dumping data for table `users_list`
--

INSERT INTO `users_list` (`usr_id`, `status`, `rl_id`, `emp_id`, `emp_name`, `emp_code`, `cmp_id`, `brn_id`, `dpt_id`, `user_name`, `pass`, `year`, `del_on`, `usr_state`, `crt_by`, `crt_stm`, `upd_by`, `upd_stm`, `del_by`, `del_stm`) VALUES
(2, 0, 1, 0, 'Kathiravan', 'sya', 1, 1, 1, 'ADMIN', '123@kathirav', 0000, '', '', 0, 0, 0, 1474520162, 0, 0),
(3, 0, 4, 6, 'Deepa', 'ms002', 1, 1, 3, 'HRE', 'DPA@123', 0000, '', '', 4, 1490711124, 4, 1490711421, 0, 0),
(4, 0, 11, 0, 'B. V. Ramesh', '', 0, 0, 0, 'BVR', 'bvr@1234', 0000, '', '', 2, 1565642853, 0, 0, 0, 0),
(5, 0, 8, 0, 'S. Sivakumar', '', 0, 0, 0, 'SSK', 'ssk@1234', 0000, '', '', 2, 1565642866, 0, 0, 0, 0),
(6, 0, 2, 0, 'K. Venkatachalaraja', '', 0, 0, 0, 'KVR', 'kvr@12345', 0000, '', '', 2, 1565643053, 0, 0, 0, 0),
(7, 0, 14, 0, 'Ram', '', 0, 0, 0, 'accounts executive', '12345', 0000, '', '', 2, 1565924049, 0, 0, 0, 0),
(8, 0, 15, 0, 'lakshman', '', 0, 0, 0, 'commercial executive', '12345', 0000, '', '', 2, 1565924088, 0, 0, 0, 0),
(9, 0, 13, 0, 'gowtham', '', 0, 0, 0, 'finance manager', '12345', 0000, '', '', 2, 1565924230, 0, 0, 0, 0),
(10, 0, 3, 0, 'tamil', '', 0, 0, 0, 'hrmagr', '12345', 0000, '', '', 2, 1565924376, 0, 0, 0, 0),
(11, 0, 12, 0, 'P. Thangaraju', '', 0, 0, 0, 'ptr', 'ptr@1234', 0000, '', '', 2, 1565924681, 0, 0, 0, 0),
(12, 0, 7, 0, 'Dinesh', '', 0, 0, 0, 'marketing executive', '12345', 0000, '', '', 2, 1565924847, 0, 0, 0, 0),
(13, 0, 6, 0, 'Ramesh', '', 0, 0, 0, 'marketing manager', '12345', 0000, '', '', 2, 1565924920, 0, 0, 0, 0),
(14, 0, 16, 0, 'Mathi', '', 0, 0, 0, 'mathi123', 'mathi@123', 0000, '', '', 2, 1566048294, 0, 0, 0, 0),
(15, 0, 4, 0, 'Dhanapal', '', 0, 0, 0, 'hrdhan', '123456', 0000, '', '', 2, 1571219729, 0, 0, 0, 0);

-- --------------------------------------------------------

--
-- Table structure for table `user_roles`
--

CREATE TABLE `user_roles` (
  `rl_id` int(11) NOT NULL,
  `name` varchar(100) NOT NULL,
  `mn_axs` varchar(50) NOT NULL,
  `status` int(11) NOT NULL,
  `crt_by` int(11) NOT NULL,
  `crt_stm` int(11) NOT NULL
) ENGINE=InnoDB DEFAULT CHARSET=latin1;

--
-- Dumping data for table `user_roles`
--

INSERT INTO `user_roles` (`rl_id`, `name`, `mn_axs`, `status`, `crt_by`, `crt_stm`) VALUES
(1, 'SYSTEM ADMIN', '1,2,3,4,5,6,7,8,9,10', 0, 0, 0),
(2, 'DIRECTOR HR', '1,2,4,5,6,7,8,9,10', 0, 0, 0),
(3, 'Manager H.R', '', -1, 0, 0),
(4, 'H.R EXECUTIVE', '1,2,4,5,6,7,8,9,10', -1, 0, 0),
(5, 'DIRECTOR - MARKETING', '', -1, 0, 0),
(6, 'MARKETING MANAGER', '', 0, 0, 0),
(7, 'Marketing Executive', '', 0, 0, 0),
(8, 'DIRECTOR - OPERATIONS', '1,2,4,5,6,7,8,9', 0, 0, 0),
(9, 'OPERATIONS MANAGER', '', 0, 0, 0),
(10, 'Technical Executive', '1,2,4,5,6,7,8,9,10', 0, 0, 0),
(11, 'DIRECTOR - BUSINESS DEVELOPMENT', '1,2,4,5,6,7,8,9,10', 0, 2, 1565642641),
(12, 'DIRECTOR - MARKETING', '1,2,4,5,6,7,8,9', 0, 2, 1565923670),
(13, 'MANAGER - FINANCE', '', 0, 2, 1565923722),
(14, 'EXECUTIVE - ACCOUNTS', '', 0, 2, 1565923769),
(15, 'EXECUTIVE - COMMERCIAL', '', 0, 2, 1565923805),
(16, 'TEST ADMIN', '1,2,4,5,6,7,8,9,10', 0, 2, 1565923882);

-- --------------------------------------------------------

--
-- Table structure for table `vacancy_list`
--

CREATE TABLE `vacancy_list` (
  `vcn_id` int(11) NOT NULL,
  `loc_id` int(11) NOT NULL,
  `jpos_id` int(11) NOT NULL,
  `jb_code` varchar(6) NOT NULL,
  `vcn_cnt` int(11) NOT NULL,
  `eql_id` int(11) NOT NULL,
  `cert_id` int(11) NOT NULL,
  `experience` varchar(100) NOT NULL,
  `jd_id` int(11) NOT NULL,
  `jd_code` int(11) NOT NULL,
  `jb_descr` varchar(500) NOT NULL,
  `crt_by` int(11) NOT NULL,
  `crt_stm` int(11) NOT NULL,
  `status` int(11) NOT NULL
) ENGINE=InnoDB DEFAULT CHARSET=latin1;

--
-- Dumping data for table `vacancy_list`
--

INSERT INTO `vacancy_list` (`vcn_id`, `loc_id`, `jpos_id`, `jb_code`, `vcn_cnt`, `eql_id`, `cert_id`, `experience`, `jd_id`, `jd_code`, `jb_descr`, `crt_by`, `crt_stm`, `status`) VALUES
(1, 1, 1, 'SJ001', 3, 1, 0, '5-8', 1, 0, 'HSGVDADHAGSDC\r\nJSHVDHADVASHDCJASD\r\nKSADVJASVDSVD', 2, 1564307014, -1),
(2, 3, 5, 'SJ001', 1, 2, 0, '10 years', 0, 0, '', 2, 1565063120, -1),
(3, 2, 6, 'SJ001', 2, 1, 0, '5 years', 0, 0, '', 2, 1565800942, -1),
(4, 5, 4, 'SJ001', 2, 5, 2, '3 years', 2, 0, 'BOILER OPERATOR WITH GOOD EXPERIENCE WHO CAN HANDLE INDEPENDENTLY THE ENTIRE OPERATION OF THE COAL FIRED BOILER , OIL FIRED BOILER AND OTHER TYPES OF BOILER OF VARIOUS CAPACITY. FUEL EFFICIENCY, ENERGY EFFICIENCY ARE THE MAIN FACTORS. ', 2, 1574617648, -1),
(5, 9, 4, 'SJ001', 2, 4, 1, '3 years', 2, 0, 'BOILER OPERATOR WITH GOOD EXPERIENCE WHO CAN HANDLE INDEPENDENTLY THE ENTIRE OPERATION OF THE COAL FIRED BOILER , OIL FIRED BOILER AND OTHER TYPES OF BOILER OF VARIOUS CAPACITY. FUEL EFFICIENCY, ENERGY EFFICIENCY ARE THE MAIN FACTORS. ', 2, 1574617687, -1),
(6, 6, 6, 'SJ001', 1, 1, 7, '5 years', 1, 0, '111GDFGDFGDFGDFGFDGFDFD', 2, 1574617739, -1),
(7, 8, 7, 'SJ001', 1, 3, 4, '3 Yrs', 3, 0, 'ELECTRICIAN IS THE INCHARGE FOR ALL KINDS OF ELECTRICAL WORKS IN THE PLANT OF THE CLIENT', 2, 1575895593, -1),
(8, 7, 4, 'SJ001', 5, 5, 2, '3 yrs', 2, 0, 'BOILER OPERATOR WITH GOOD EXPERIENCE WHO CAN HANDLE INDEPENDENTLY THE ENTIRE OPERATION OF THE COAL FIRED BOILER , OIL FIRED BOILER AND OTHER TYPES OF BOILER OF VARIOUS CAPACITY. FUEL EFFICIENCY, ENERGY EFFICIENCY ARE THE MAIN FACTORS. ', 2, 1576377183, -1),
(9, 7, 7, 'SJ001', 5, 7, 4, '3 yrs', 3, 0, 'ELECTRICIAN IS THE INCHARGE FOR ALL KINDS OF ELECTRICAL WORKS IN THE PLANT OF THE CLIENT', 2, 1576377441, -1),
(10, 11, 18, 'SJ001', 5, 2, 7, '4-10', 4, 0, 'ELECTRICAL ENGINEER  IS THE INCHARGE FOR ALL KINDS OF ELECTRICAL WORKS IN THE PLANT OF THE CLIENT', 2, 1577874852, -1),
(11, 11, 18, 'SJ001', 5, 2, 7, '4-10', 4, 0, 'ELECTRICAL ENGINEER  IS THE INCHARGE FOR ALL KINDS OF ELECTRICAL WORKS IN THE PLANT OF THE CLIENT', 2, 1577876373, -1),
(12, 3, 18, 'SJ001', 5, 9, 7, '4-10', 5, 0, 'ELECTRICAL ENGINEER IS THE INCHARGE FOR ALL KINDS OF ELECTRICAL WORKS IN THE PLANT OF THE CLIENT', 2, 1579001779, 0),
(13, 11, 18, 'SJ001', 3, 9, 7, '4-10', 4, 0, 'ELECTRICAL ENGINEER  IS THE INCHARGE FOR ALL KINDS OF ELECTRICAL WORKS IN THE PLANT OF THE CLIENT', 2, 1579001972, 0),
(14, 5, 42, 'SJ001', 3, 20, 7, '4-10', 7, 0, 'WTP CHEMIST CUM OPERATOR WITH GOOD EXPERIENCE WHO CAN HANDLE INDEPENDENTLY THE ENTIRE OPERATION AND MAINTENANCE OF THE WTP, LAB AND BOILER WATER CHEMISTRY FOR POWER PLANT', 2, 1580464727, 0),
(15, 3, 42, 'SJ001', 3, 20, 7, '4-10', 7, 0, 'WTP CHEMIST CUM OPERATOR WITH GOOD EXPERIENCE WHO CAN HANDLE INDEPENDENTLY THE ENTIRE OPERATION AND MAINTENANCE OF THE WTP, LAB AND BOILER WATER CHEMISTRY FOR POWER PLANT', 2, 1580464962, -1),
(16, 11, 39, 'SJ001', 2, 20, 7, '4-10', 8, 0, 'WTP CHEMIST CUM OPERATOR WITH GOOD EXPERIENCE WHO CAN HANDLE INDEPENDENTLY THE ENTIRE OPERATION AND MAINTENANCE OF THE WTP, LAB AND BOILER WATER CHEMISTRY FOR POWER PLANT.', 2, 1580465132, 0),
(17, 25, 45, 'SJ001', 2, 25, 7, '5 years', 9, 0, 'HR MANAGER IS RESPONSIBLE FOR ALL RECRUITMENT ACTIVITIES OF THE COMPANY', 2, 1582615237, 0),
(18, 22, 32, 'SJ001', 1, 7, 7, '10+years', 10, 0, 'RESPONSIBLE FOR THE WHOLE OPERATION OF THE PLANT MANAGING A TEAM OF EXPERTS AND AS WELL AS TRAINEES AND TO SHOW THE EXPECTED LEVEL OF PERFORMANCE ', 2, 1583824358, 0),
(19, 3, 42, 'SJ001', 1, 20, 7, '4-10', 7, 0, 'WTP CHEMIST CUM OPERATOR WITH GOOD EXPERIENCE WHO CAN HANDLE INDEPENDENTLY THE ENTIRE OPERATION AND MAINTENANCE OF THE WTP, LAB AND BOILER WATER CHEMISTRY FOR POWER PLANT', 2, 1583935177, 0),
(20, 19, 25, 'SJ001', 1, 9, 7, '4-10', 12, 0, 'INSTRUMENTATION IS THE INCHARGE FOR ALL KINDS OF ELECTRICAL WORKS IN THE PLANT OF THE CLIENT', 2, 1584676978, 0),
(21, 20, 16, 'SJ001', 1, 9, 7, '4-10', 13, 0, 'ELECTRICAL ENGINEER IS THE INCHARGE FOR ALL KINDS OF ELECTRICAL WORKS IN THE PLANT OF THE CLIENT', 2, 1584678368, 0),
(22, 21, 19, 'SJ001', 1, 9, 7, '4-10', 14, 0, 'ELECTRICAL ENGINEER IS THE INCHARGE FOR ALL KINDS OF ELECTRICAL WORKS IN THE PLANT OF THE CLIENT', 2, 1584678533, 0),
(23, 11, 21, 'SJ001', 1, 17, 7, '4-10', 15, 0, 'WELDER WORK IN POWER PLANTS SETTINGS TO MOVE, ASSEMBLE, INSTALL OR DISMANTLE MACHINERY. THEY ARE INCREDIBLY SKILLED AT THEIR JOB, UNDERSTANDING HOW A NUMBER OF DIFFERENT MACHINES WORK AFTER READING COMPLICATED TECHNICAL PLANS', 2, 1584678707, 0),
(24, 11, 25, 'SJ001', 1, 9, 7, '4-10', 12, 0, 'INSTRUMENTATION IS THE INCHARGE FOR ALL KINDS OF ELECTRICAL WORKS IN THE PLANT OF THE CLIENT', 2, 1584678903, 0),
(25, 19, 18, 'SJ001', 1, 9, 5, '4-10', 4, 0, 'ELECTRICAL ENGINEER  IS THE INCHARGE FOR ALL KINDS OF ELECTRICAL WORKS IN THE PLANT OF THE CLIENT', 2, 1589439636, 0);

-- --------------------------------------------------------

--
-- Table structure for table `website_updates`
--

CREATE TABLE `website_updates` (
  `upd_id` int(11) NOT NULL,
  `upd_descr` varchar(500) NOT NULL,
  `status` int(11) NOT NULL,
  `crt_by` int(11) NOT NULL,
  `crt_stm` int(11) NOT NULL
) ENGINE=MyISAM DEFAULT CHARSET=latin1;

--
-- Dumping data for table `website_updates`
--

INSERT INTO `website_updates` (`upd_id`, `upd_descr`, `status`, `crt_by`, `crt_stm`) VALUES
(1, 'Received O&M Service contract from M/S.Mangal Sponge And Steel Pvt Ltd, Dist-Bilaspur, Chhattisgarh', 0, 2, 1566924365),
(2, 'Received O&M Service contract from M/S.Pearl Distillery Limited,Prakasam Dist,Andra Pradesh', 0, 2, 1566924607),
(3, 'Received O&M Service contract from M/S.Sinwave Biomass Private Limited, Sangli, Maharastra', 0, 2, 1566924620),
(4, 'Received O&M service contract from M/s.RAIC Integrated Sponge & Power (P) Ltd, Asansol, West Bengal.', 0, 2, 1566924629);

--
-- Indexes for dumped tables
--

--
-- Indexes for table `articles_list`
--
ALTER TABLE `articles_list`
  ADD PRIMARY KEY (`art_id`);

--
-- Indexes for table `career_enquiries`
--
ALTER TABLE `career_enquiries`
  ADD PRIMARY KEY (`ce_id`);

--
-- Indexes for table `clients_list`
--
ALTER TABLE `clients_list`
  ADD PRIMARY KEY (`cnt_id`);

--
-- Indexes for table `current_projects`
--
ALTER TABLE `current_projects`
  ADD PRIMARY KEY (`pjt_id`);

--
-- Indexes for table `current_projects1`
--
ALTER TABLE `current_projects1`
  ADD PRIMARY KEY (`pjt_id`);

--
-- Indexes for table `departments_list`
--
ALTER TABLE `departments_list`
  ADD PRIMARY KEY (`dpt_id`);

--
-- Indexes for table `designation_list`
--
ALTER TABLE `designation_list`
  ADD PRIMARY KEY (`dsgn_id`);

--
-- Indexes for table `edu_qualifications`
--
ALTER TABLE `edu_qualifications`
  ADD PRIMARY KEY (`eql_id`);

--
-- Indexes for table `enquiries_list`
--
ALTER TABLE `enquiries_list`
  ADD PRIMARY KEY (`enq_id`);

--
-- Indexes for table `enquiries_list1`
--
ALTER TABLE `enquiries_list1`
  ADD PRIMARY KEY (`enq_id`);

--
-- Indexes for table `events_image_gallery`
--
ALTER TABLE `events_image_gallery`
  ADD PRIMARY KEY (`img_id`);

--
-- Indexes for table `events_list`
--
ALTER TABLE `events_list`
  ADD PRIMARY KEY (`evn_id`);

--
-- Indexes for table `event_categories`
--
ALTER TABLE `event_categories`
  ADD PRIMARY KEY (`ecat_id`);

--
-- Indexes for table `experience_list`
--
ALTER TABLE `experience_list`
  ADD PRIMARY KEY (`expr_id`);

--
-- Indexes for table `experience_list1`
--
ALTER TABLE `experience_list1`
  ADD PRIMARY KEY (`expr_id`);

--
-- Indexes for table `job_descriptions`
--
ALTER TABLE `job_descriptions`
  ADD PRIMARY KEY (`jd_id`);

--
-- Indexes for table `job_positions`
--
ALTER TABLE `job_positions`
  ADD PRIMARY KEY (`jpos_id`);

--
-- Indexes for table `location_list`
--
ALTER TABLE `location_list`
  ADD PRIMARY KEY (`loc_id`);

--
-- Indexes for table `mainmenu`
--
ALTER TABLE `mainmenu`
  ADD PRIMARY KEY (`mid`);

--
-- Indexes for table `monthly_perfomances`
--
ALTER TABLE `monthly_perfomances`
  ADD PRIMARY KEY (`prf_id`);

--
-- Indexes for table `pages_list`
--
ALTER TABLE `pages_list`
  ADD PRIMARY KEY (`pg_id`);

--
-- Indexes for table `pages_roles`
--
ALTER TABLE `pages_roles`
  ADD PRIMARY KEY (`pr_id`);

--
-- Indexes for table `perfomance_updates`
--
ALTER TABLE `perfomance_updates`
  ADD PRIMARY KEY (`id`);

--
-- Indexes for table `products_image_gallery`
--
ALTER TABLE `products_image_gallery`
  ADD PRIMARY KEY (`img_id`);

--
-- Indexes for table `products_list`
--
ALTER TABLE `products_list`
  ADD PRIMARY KEY (`prd_id`);

--
-- Indexes for table `product_categories`
--
ALTER TABLE `product_categories`
  ADD PRIMARY KEY (`prcat_id`);

--
-- Indexes for table `product_subcategories`
--
ALTER TABLE `product_subcategories`
  ADD PRIMARY KEY (`prscat_id`);

--
-- Indexes for table `product_types`
--
ALTER TABLE `product_types`
  ADD PRIMARY KEY (`ptyp_id`);

--
-- Indexes for table `product_updates`
--
ALTER TABLE `product_updates`
  ADD PRIMARY KEY (`id`);

--
-- Indexes for table `prof_certifications`
--
ALTER TABLE `prof_certifications`
  ADD PRIMARY KEY (`cert_id`);

--
-- Indexes for table `services_image_gallery`
--
ALTER TABLE `services_image_gallery`
  ADD PRIMARY KEY (`img_id`);

--
-- Indexes for table `services_list`
--
ALTER TABLE `services_list`
  ADD PRIMARY KEY (`srv_id`);

--
-- Indexes for table `services_list1`
--
ALTER TABLE `services_list1`
  ADD PRIMARY KEY (`srv_id`);

--
-- Indexes for table `service_capabilities`
--
ALTER TABLE `service_capabilities`
  ADD PRIMARY KEY (`scp_id`);

--
-- Indexes for table `service_categories`
--
ALTER TABLE `service_categories`
  ADD PRIMARY KEY (`srcat_id`);

--
-- Indexes for table `service_subcategories`
--
ALTER TABLE `service_subcategories`
  ADD PRIMARY KEY (`srsbcat_id`);

--
-- Indexes for table `service_types`
--
ALTER TABLE `service_types`
  ADD PRIMARY KEY (`styp_id`);

--
-- Indexes for table `service_updates`
--
ALTER TABLE `service_updates`
  ADD PRIMARY KEY (`id`);

--
-- Indexes for table `submenu`
--
ALTER TABLE `submenu`
  ADD PRIMARY KEY (`sid`);

--
-- Indexes for table `testimonials_list`
--
ALTER TABLE `testimonials_list`
  ADD PRIMARY KEY (`tstm_id`);

--
-- Indexes for table `uom_list`
--
ALTER TABLE `uom_list`
  ADD PRIMARY KEY (`uom_id`);

--
-- Indexes for table `users_list`
--
ALTER TABLE `users_list`
  ADD PRIMARY KEY (`usr_id`);

--
-- Indexes for table `user_roles`
--
ALTER TABLE `user_roles`
  ADD PRIMARY KEY (`rl_id`);

--
-- Indexes for table `vacancy_list`
--
ALTER TABLE `vacancy_list`
  ADD PRIMARY KEY (`vcn_id`);

--
-- Indexes for table `website_updates`
--
ALTER TABLE `website_updates`
  ADD PRIMARY KEY (`upd_id`);

--
-- AUTO_INCREMENT for dumped tables
--

--
-- AUTO_INCREMENT for table `articles_list`
--
ALTER TABLE `articles_list`
  MODIFY `art_id` int(11) NOT NULL AUTO_INCREMENT, AUTO_INCREMENT=3;

--
-- AUTO_INCREMENT for table `career_enquiries`
--
ALTER TABLE `career_enquiries`
  MODIFY `ce_id` int(11) NOT NULL AUTO_INCREMENT, AUTO_INCREMENT=37;

--
-- AUTO_INCREMENT for table `clients_list`
--
ALTER TABLE `clients_list`
  MODIFY `cnt_id` int(11) NOT NULL AUTO_INCREMENT, AUTO_INCREMENT=68;

--
-- AUTO_INCREMENT for table `current_projects`
--
ALTER TABLE `current_projects`
  MODIFY `pjt_id` int(11) NOT NULL AUTO_INCREMENT, AUTO_INCREMENT=51;

--
-- AUTO_INCREMENT for table `current_projects1`
--
ALTER TABLE `current_projects1`
  MODIFY `pjt_id` int(11) NOT NULL AUTO_INCREMENT, AUTO_INCREMENT=9;

--
-- AUTO_INCREMENT for table `departments_list`
--
ALTER TABLE `departments_list`
  MODIFY `dpt_id` int(11) NOT NULL AUTO_INCREMENT, AUTO_INCREMENT=5;

--
-- AUTO_INCREMENT for table `designation_list`
--
ALTER TABLE `designation_list`
  MODIFY `dsgn_id` int(11) NOT NULL AUTO_INCREMENT, AUTO_INCREMENT=11;

--
-- AUTO_INCREMENT for table `edu_qualifications`
--
ALTER TABLE `edu_qualifications`
  MODIFY `eql_id` int(11) NOT NULL AUTO_INCREMENT, AUTO_INCREMENT=26;

--
-- AUTO_INCREMENT for table `enquiries_list`
--
ALTER TABLE `enquiries_list`
  MODIFY `enq_id` int(11) NOT NULL AUTO_INCREMENT, AUTO_INCREMENT=29;

--
-- AUTO_INCREMENT for table `enquiries_list1`
--
ALTER TABLE `enquiries_list1`
  MODIFY `enq_id` int(11) NOT NULL AUTO_INCREMENT, AUTO_INCREMENT=5;

--
-- AUTO_INCREMENT for table `events_image_gallery`
--
ALTER TABLE `events_image_gallery`
  MODIFY `img_id` int(11) NOT NULL AUTO_INCREMENT, AUTO_INCREMENT=25;

--
-- AUTO_INCREMENT for table `events_list`
--
ALTER TABLE `events_list`
  MODIFY `evn_id` int(11) NOT NULL AUTO_INCREMENT, AUTO_INCREMENT=15;

--
-- AUTO_INCREMENT for table `event_categories`
--
ALTER TABLE `event_categories`
  MODIFY `ecat_id` int(11) NOT NULL AUTO_INCREMENT, AUTO_INCREMENT=8;

--
-- AUTO_INCREMENT for table `experience_list`
--
ALTER TABLE `experience_list`
  MODIFY `expr_id` int(11) NOT NULL AUTO_INCREMENT, AUTO_INCREMENT=121;

--
-- AUTO_INCREMENT for table `experience_list1`
--
ALTER TABLE `experience_list1`
  MODIFY `expr_id` int(11) NOT NULL AUTO_INCREMENT, AUTO_INCREMENT=37;

--
-- AUTO_INCREMENT for table `job_descriptions`
--
ALTER TABLE `job_descriptions`
  MODIFY `jd_id` int(11) NOT NULL AUTO_INCREMENT, AUTO_INCREMENT=16;

--
-- AUTO_INCREMENT for table `job_positions`
--
ALTER TABLE `job_positions`
  MODIFY `jpos_id` int(11) NOT NULL AUTO_INCREMENT, AUTO_INCREMENT=49;

--
-- AUTO_INCREMENT for table `location_list`
--
ALTER TABLE `location_list`
  MODIFY `loc_id` int(11) NOT NULL AUTO_INCREMENT, AUTO_INCREMENT=27;

--
-- AUTO_INCREMENT for table `mainmenu`
--
ALTER TABLE `mainmenu`
  MODIFY `mid` int(11) NOT NULL AUTO_INCREMENT, AUTO_INCREMENT=11;

--
-- AUTO_INCREMENT for table `monthly_perfomances`
--
ALTER TABLE `monthly_perfomances`
  MODIFY `prf_id` int(11) NOT NULL AUTO_INCREMENT, AUTO_INCREMENT=4;

--
-- AUTO_INCREMENT for table `pages_list`
--
ALTER TABLE `pages_list`
  MODIFY `pg_id` int(11) NOT NULL AUTO_INCREMENT, AUTO_INCREMENT=66;

--
-- AUTO_INCREMENT for table `pages_roles`
--
ALTER TABLE `pages_roles`
  MODIFY `pr_id` int(11) NOT NULL AUTO_INCREMENT, AUTO_INCREMENT=291;

--
-- AUTO_INCREMENT for table `perfomance_updates`
--
ALTER TABLE `perfomance_updates`
  MODIFY `id` int(11) NOT NULL AUTO_INCREMENT, AUTO_INCREMENT=904;

--
-- AUTO_INCREMENT for table `products_image_gallery`
--
ALTER TABLE `products_image_gallery`
  MODIFY `img_id` int(11) NOT NULL AUTO_INCREMENT, AUTO_INCREMENT=5;

--
-- AUTO_INCREMENT for table `products_list`
--
ALTER TABLE `products_list`
  MODIFY `prd_id` int(11) NOT NULL AUTO_INCREMENT, AUTO_INCREMENT=11;

--
-- AUTO_INCREMENT for table `product_categories`
--
ALTER TABLE `product_categories`
  MODIFY `prcat_id` int(11) NOT NULL AUTO_INCREMENT, AUTO_INCREMENT=7;

--
-- AUTO_INCREMENT for table `product_subcategories`
--
ALTER TABLE `product_subcategories`
  MODIFY `prscat_id` int(11) NOT NULL AUTO_INCREMENT, AUTO_INCREMENT=2;

--
-- AUTO_INCREMENT for table `product_types`
--
ALTER TABLE `product_types`
  MODIFY `ptyp_id` int(11) NOT NULL AUTO_INCREMENT, AUTO_INCREMENT=7;

--
-- AUTO_INCREMENT for table `product_updates`
--
ALTER TABLE `product_updates`
  MODIFY `id` int(11) NOT NULL AUTO_INCREMENT, AUTO_INCREMENT=3;

--
-- AUTO_INCREMENT for table `prof_certifications`
--
ALTER TABLE `prof_certifications`
  MODIFY `cert_id` int(11) NOT NULL AUTO_INCREMENT, AUTO_INCREMENT=20;

--
-- AUTO_INCREMENT for table `services_image_gallery`
--
ALTER TABLE `services_image_gallery`
  MODIFY `img_id` int(11) NOT NULL AUTO_INCREMENT, AUTO_INCREMENT=10;

--
-- AUTO_INCREMENT for table `services_list`
--
ALTER TABLE `services_list`
  MODIFY `srv_id` int(11) NOT NULL AUTO_INCREMENT, AUTO_INCREMENT=39;

--
-- AUTO_INCREMENT for table `services_list1`
--
ALTER TABLE `services_list1`
  MODIFY `srv_id` int(11) NOT NULL AUTO_INCREMENT, AUTO_INCREMENT=8;

--
-- AUTO_INCREMENT for table `service_capabilities`
--
ALTER TABLE `service_capabilities`
  MODIFY `scp_id` int(11) NOT NULL AUTO_INCREMENT, AUTO_INCREMENT=16;

--
-- AUTO_INCREMENT for table `service_categories`
--
ALTER TABLE `service_categories`
  MODIFY `srcat_id` int(11) NOT NULL AUTO_INCREMENT, AUTO_INCREMENT=18;

--
-- AUTO_INCREMENT for table `service_subcategories`
--
ALTER TABLE `service_subcategories`
  MODIFY `srsbcat_id` int(11) NOT NULL AUTO_INCREMENT, AUTO_INCREMENT=13;

--
-- AUTO_INCREMENT for table `service_types`
--
ALTER TABLE `service_types`
  MODIFY `styp_id` int(11) NOT NULL AUTO_INCREMENT, AUTO_INCREMENT=21;

--
-- AUTO_INCREMENT for table `service_updates`
--
ALTER TABLE `service_updates`
  MODIFY `id` int(11) NOT NULL AUTO_INCREMENT, AUTO_INCREMENT=173;

--
-- AUTO_INCREMENT for table `submenu`
--
ALTER TABLE `submenu`
  MODIFY `sid` int(11) NOT NULL AUTO_INCREMENT, AUTO_INCREMENT=20;

--
-- AUTO_INCREMENT for table `testimonials_list`
--
ALTER TABLE `testimonials_list`
  MODIFY `tstm_id` int(11) NOT NULL AUTO_INCREMENT, AUTO_INCREMENT=6;

--
-- AUTO_INCREMENT for table `uom_list`
--
ALTER TABLE `uom_list`
  MODIFY `uom_id` int(11) NOT NULL AUTO_INCREMENT, AUTO_INCREMENT=6;

--
-- AUTO_INCREMENT for table `users_list`
--
ALTER TABLE `users_list`
  MODIFY `usr_id` int(11) NOT NULL AUTO_INCREMENT, AUTO_INCREMENT=16;

--
-- AUTO_INCREMENT for table `user_roles`
--
ALTER TABLE `user_roles`
  MODIFY `rl_id` int(11) NOT NULL AUTO_INCREMENT, AUTO_INCREMENT=17;

--
-- AUTO_INCREMENT for table `vacancy_list`
--
ALTER TABLE `vacancy_list`
  MODIFY `vcn_id` int(11) NOT NULL AUTO_INCREMENT, AUTO_INCREMENT=26;

--
-- AUTO_INCREMENT for table `website_updates`
--
ALTER TABLE `website_updates`
  MODIFY `upd_id` int(11) NOT NULL AUTO_INCREMENT, AUTO_INCREMENT=5;
COMMIT;

/*!40101 SET CHARACTER_SET_CLIENT=@OLD_CHARACTER_SET_CLIENT */;
/*!40101 SET CHARACTER_SET_RESULTS=@OLD_CHARACTER_SET_RESULTS */;
/*!40101 SET COLLATION_CONNECTION=@OLD_COLLATION_CONNECTION */;
